CREATE TABLE IF NOT EXISTS PREFIX_DB_aridiuscallback (order_id int(11) NOT NULL AUTO_INCREMENT, product_id int(11) NOT NULL, contact varchar(96) NOT NULL, firstname varchar(96) NOT NULL, email varchar(96) NOT NULL, comment text NOT NULL, comment_manager text NOT NULL, status tinyint(1) NOT NULL, time_in time NOT NULL DEFAULT '00:00:00', time_off time NOT NULL DEFAULT '00:00:00', date_added datetime NOT NULL DEFAULT '0000-00-00 00:00:00', PRIMARY KEY (order_id)) ENGINE=MyISAM DEFAULT CHARSET=utf8;
CREATE TABLE IF NOT EXISTS PREFIX_DB_aridiusfastorder (order_id int(11) NOT NULL AUTO_INCREMENT,product_id int(11) NOT NULL,product_option_value_id int(11) NOT NULL,contact varchar(96) NOT NULL,firstname varchar(96) NOT NULL,email varchar(96) NOT NULL,comment text NOT NULL,comment_manager text NOT NULL,product_name varchar(255) NOT NULL,quantity int(4) NOT NULL,status tinyint(1) NOT NULL,format_option varchar(255) NOT NULL,total decimal(15,4) NOT NULL DEFAULT '0.0000',date_added datetime NOT NULL DEFAULT '0000-00-00 00:00:00',currency_id int(11) NOT NULL,currency_code varchar(3) NOT NULL,currency_value decimal(15,8) NOT NULL DEFAULT '1.00000000',PRIMARY KEY (order_id)) ENGINE=MyISAM DEFAULT CHARSET=utf8;
CREATE TABLE IF NOT EXISTS PREFIX_DB_aridiusinstock (order_id int(11) NOT NULL AUTO_INCREMENT,product_id int(11) NOT NULL,contact varchar(96) NOT NULL,firstname varchar(96) NOT NULL,email varchar(96) NOT NULL,comment_manager text NOT NULL,product_name varchar(255) NOT NULL,status tinyint(1) NOT NULL,date_added datetime NOT NULL DEFAULT '0000-00-00 00:00:00',PRIMARY KEY (order_id)) ENGINE=MyISAM DEFAULT CHARSET=utf8;
CREATE TABLE IF NOT EXISTS PREFIX_DB_aridiusundersell (order_id int(11) NOT NULL AUTO_INCREMENT,product_id int(11) NOT NULL,contact varchar(96) NOT NULL,firstname varchar(96) NOT NULL,email varchar(96) NOT NULL,link text NOT NULL,comment text NOT NULL,comment_manager text NOT NULL,product_name varchar(255) NOT NULL,quantity int(4) NOT NULL,status tinyint(1) NOT NULL,format_option varchar(255) NOT NULL,total decimal(15,4) NOT NULL DEFAULT '0.0000',date_added datetime NOT NULL DEFAULT '0000-00-00 00:00:00',currency_id int(11) NOT NULL,currency_code varchar(3) NOT NULL,currency_value decimal(15,8) NOT NULL DEFAULT '1.00000000',PRIMARY KEY (order_id)) ENGINE=MyISAM DEFAULT CHARSET=utf8;
CREATE TABLE IF NOT EXISTS PREFIX_DB_aridius_letters (email_id int(11) NOT NULL AUTO_INCREMENT,email_user varchar(96) NOT NULL,email_date date NOT NULL,PRIMARY KEY (`email_id`)) ENGINE=MyISAM DEFAULT CHARSET=utf8;
CREATE TABLE IF NOT EXISTS `PREFIX_DB_aridius_news` (`aridius_news_id` int(11) NOT NULL AUTO_INCREMENT, `image` varchar(255) DEFAULT NULL, `video` varchar(255) DEFAULT NULL, `date_added` datetime NOT NULL,`viewed` int(11) NOT NULL DEFAULT '0', `sort_order` int(3) NOT NULL DEFAULT '0', `status` tinyint(1) NOT NULL, PRIMARY KEY (`aridius_news_id`)) ENGINE=MYISAM DEFAULT CHARSET=utf8 COLLATE=utf8_general_ci;
CREATE TABLE IF NOT EXISTS `PREFIX_DB_aridius_news_description` (`aridius_news_id` int(11) NOT NULL, `language_id` int(11) NOT NULL, `title` varchar(255) NOT NULL, `meta_description` VARCHAR(255) NOT NULL, `meta_title` VARCHAR(255) NOT NULL, `description` text CHARACTER SET utf8 NOT NULL, `meta_keyword` varchar(255) NOT NULL,  PRIMARY KEY (`aridius_news_id`,`language_id`)) ENGINE=MYISAM DEFAULT CHARSET=utf8 COLLATE=utf8_general_ci;
CREATE TABLE IF NOT EXISTS `PREFIX_DB_aridius_news_to_store` (`aridius_news_id` int(11) NOT NULL, `store_id` int(11) NOT NULL, PRIMARY KEY (`aridius_news_id`,`store_id`)) ENGINE=MYISAM DEFAULT CHARSET=utf8 COLLATE=utf8_general_ci;
CREATE TABLE IF NOT EXISTS PREFIX_DB_aridius_news_related (`aridius_news_id` int(11) NOT NULL, `related_aridius_news_id` int(11) NOT NULL, PRIMARY KEY (`aridius_news_id`,`related_aridius_news_id`)) ENGINE=MyISAM DEFAULT CHARSET=utf8 COLLATE=utf8_bin;
CREATE TABLE IF NOT EXISTS PREFIX_DB_aridius_news_product_related (`aridius_news_id` int(11) NOT NULL,`product_id` int(11) NOT NULL,PRIMARY KEY (`aridius_news_id`,`product_id`)) ENGINE=MyISAM DEFAULT CHARSET=utf8 COLLATE=utf8_bin;
CREATE TABLE IF NOT EXISTS `PREFIX_DB_aridius_review_news` (`review_id` int(11) NOT NULL AUTO_INCREMENT, `parent_id` int(11) NOT NULL, `customer_id` int(11) NOT NULL, `news_id` int(11) NOT NULL, `author` varchar(64) NOT NULL, `text` text NOT NULL, `status` tinyint(1) NOT NULL DEFAULT '0', `date_added` datetime NOT NULL, `date_modified` datetime NOT NULL, PRIMARY KEY (`review_id`)) ENGINE=MYISAM DEFAULT CHARSET=utf8 COLLATE=utf8_general_ci;
CREATE TABLE IF NOT EXISTS `PREFIX_DB_aridius_review_store` (`review_id` int(11) NOT NULL AUTO_INCREMENT, `parent` int(11) NOT NULL, `customer_id` int(11) NOT NULL, `author` varchar(64) NOT NULL, `text` text NOT NULL, `rating` int(1) NOT NULL, `status` tinyint(1) NOT NULL DEFAULT '0', `date_added` datetime NOT NULL, `date_modified` datetime NOT NULL, PRIMARY KEY (`review_id`)) ENGINE=MYISAM DEFAULT CHARSET=utf8 COLLATE=utf8_general_ci;
CREATE TABLE IF NOT EXISTS `PREFIX_DB_aridius_news2` (`aridius_news_id2` int(11) NOT NULL AUTO_INCREMENT, `image` varchar(255) DEFAULT NULL, `video` varchar(255) DEFAULT NULL, `date_added` datetime NOT NULL,`viewed` int(11) NOT NULL DEFAULT '0', `sort_order` int(3) NOT NULL DEFAULT '0', `status` tinyint(1) NOT NULL, PRIMARY KEY (`aridius_news_id2`)) ENGINE=MYISAM DEFAULT CHARSET=utf8 COLLATE=utf8_general_ci;
CREATE TABLE IF NOT EXISTS `PREFIX_DB_aridius_news_description2` (`aridius_news_id2` int(11) NOT NULL, `language_id` int(11) NOT NULL, `title` varchar(255) NOT NULL, `meta_description` VARCHAR(255) NOT NULL, `meta_title` VARCHAR(255) NOT NULL, `description` text CHARACTER SET utf8 NOT NULL, `meta_keyword` varchar(255) NOT NULL,  PRIMARY KEY (`aridius_news_id2`,`language_id`)) ENGINE=MYISAM DEFAULT CHARSET=utf8 COLLATE=utf8_general_ci;
CREATE TABLE IF NOT EXISTS `PREFIX_DB_aridius_news_to_store2` (`aridius_news_id2` int(11) NOT NULL, `store_id` int(11) NOT NULL, PRIMARY KEY (`aridius_news_id2`,`store_id`)) ENGINE=MYISAM DEFAULT CHARSET=utf8 COLLATE=utf8_general_ci;
CREATE TABLE IF NOT EXISTS PREFIX_DB_aridius_news_related2 (`aridius_news_id2` int(11) NOT NULL, `related_aridius_news_id` int(11) NOT NULL, PRIMARY KEY (`aridius_news_id2`,`related_aridius_news_id`)) ENGINE=MyISAM DEFAULT CHARSET=utf8 COLLATE=utf8_bin;
CREATE TABLE IF NOT EXISTS PREFIX_DB_aridius_news_product_related2 (`aridius_news_id2` int(11) NOT NULL,`product_id` int(11) NOT NULL,PRIMARY KEY (`aridius_news_id2`,`product_id`)) ENGINE=MyISAM DEFAULT CHARSET=utf8 COLLATE=utf8_bin;
CREATE TABLE IF NOT EXISTS `PREFIX_DB_aridius_review_news2` (`review_id` int(11) NOT NULL AUTO_INCREMENT, `parent_id` int(11) NOT NULL, `customer_id` int(11) NOT NULL, `news_id` int(11) NOT NULL, `author` varchar(64) NOT NULL, `text` text NOT NULL, `status` tinyint(1) NOT NULL DEFAULT '0', `date_added` datetime NOT NULL, `date_modified` datetime NOT NULL, PRIMARY KEY (`review_id`)) ENGINE=MYISAM DEFAULT CHARSET=utf8 COLLATE=utf8_general_ci;
CREATE TABLE IF NOT EXISTS `PREFIX_DB_license` (`key` varchar(3) CHARACTER SET utf8,`value` text CHARACTER SET utf8,primary key (`key`)) ENGINE=MyISAM DEFAULT CHARSET=utf8;
CREATE TABLE IF NOT EXISTS PREFIX_DB_review_dig_lim (review_id int(11) NOT NULL AUTO_INCREMENT,dignity text NOT NULL,limitations text NOT NULL,PRIMARY KEY (review_id)) ENGINE=MyISAM DEFAULT CHARSET=utf8;
CREATE TABLE IF NOT EXISTS PREFIX_DB_aridius_customtab (`product_customtab_id` int(11) NOT NULL AUTO_INCREMENT, `product_id` int(11) NOT NULL, `sort_order` int(11) NOT NULL, PRIMARY KEY (`product_customtab_id`)) ENGINE=MYISAM DEFAULT CHARSET=utf8 COLLATE=utf8_general_ci;
CREATE TABLE IF NOT EXISTS PREFIX_DB_aridius_customtab_description (`product_customtab_id` int(11) NOT NULL, `product_id` int(11) NOT NULL, `language_id` int(11) NOT NULL, `title` VARCHAR(255) NOT NULL, `description` text CHARACTER SET utf8 NOT NULL) ENGINE=MYISAM DEFAULT CHARSET=utf8 COLLATE=utf8_general_ci;
ALTER TABLE `PREFIX_DB_banner_image` ADD `description` text NOT NULL AFTER title;



TRUNCATE TABLE `PREFIX_DB_api`;

INSERT INTO `PREFIX_DB_api` (`api_id`, `name`, `key`, `status`, `date_added`, `date_modified`) VALUES ('1', 'Default', 'Gei4B0SR5BeO7eJxRLT2c3JZ9CZfHjPMbn5EoK2OYpDgpA23e5UMcR2DfAT7PFG2XJMhgq3HQbKaAhMoO0kZEMApcyeEsvVA69E06D3b3NnW7rVdJZzt9vxz2Sgg6Fo22q5GQlgxURXlFlYafjyvJRB8YFjQJIRimNeiSgDF0dIGJhsVLvzlfZEPRe2YrIOxHpJc3BwlwZXEArFf00BdiEo89vBrXiKvLOF5GuWyKqJX3udM08jv1RBIl3b0AZMB', '1', '2017-03-01 08:53:20', '2017-03-01 08:53:20');


TRUNCATE TABLE `PREFIX_DB_aridius_news`;

INSERT INTO `PREFIX_DB_aridius_news` (`aridius_news_id`, `image`, `video`, `date_added`, `viewed`, `sort_order`, `status`) VALUES ('1', 'catalog/gadzhet_planshet_smartfon_ikonki_sensornyj_ekran_99974_2048x1152.jpg', '', '2017-03-01 10:44:13', '14', '100', '1');
INSERT INTO `PREFIX_DB_aridius_news` (`aridius_news_id`, `image`, `video`, `date_added`, `viewed`, `sort_order`, `status`) VALUES ('2', 'catalog/modern/planshet_sensor_windows_android_97168_2048x1152.jpg', '', '2017-03-01 10:45:01', '141', '3', '1');
INSERT INTO `PREFIX_DB_aridius_news` (`aridius_news_id`, `image`, `video`, `date_added`, `viewed`, `sort_order`, `status`) VALUES ('3', 'catalog/modern/planshet_smartfon_hi_tech_ikonki_ruka_96123_2048x1152.jpg', 'https://www.youtube.com/watch?v=66z7TnaHQkA', '2017-03-01 10:45:44', '41', '2', '1');
INSERT INTO `PREFIX_DB_aridius_news` (`aridius_news_id`, `image`, `video`, `date_added`, `viewed`, `sort_order`, `status`) VALUES ('4', 'catalog/modern/windows_tablet_microsoft_planshet_sensornyy_ekran_touch_screen_73441_2048x1152.jpg', '', '2017-03-01 10:46:48', '10', '5', '1');
INSERT INTO `PREFIX_DB_aridius_news` (`aridius_news_id`, `image`, `video`, `date_added`, `viewed`, `sort_order`, `status`) VALUES ('5', 'catalog/modern/planshet_knigi_staroe_80031_2048x1152.jpg', 'https://www.youtube.com/watch?v=7bq-sJuA-Xo', '2017-03-01 10:47:55', '22', '4', '1');


TRUNCATE TABLE `PREFIX_DB_aridius_news_description`;

INSERT INTO `PREFIX_DB_aridius_news_description` (`aridius_news_id`, `language_id`, `title`, `meta_description`, `meta_title`, `description`, `meta_keyword`) VALUES ('1', '1', 'Galaxy S: новая эра в эволюции AMOLED', '', '', '&lt;p&gt;Исключительно красив, необычайно умен: подскажет тебе то, что нужно именно в этот момент, именно в этом месте.&lt;br&gt;&lt;/p&gt;&lt;p&gt;Жизнь неповторима - живи по полной!&lt;/p&gt;&lt;p&gt;Двухцветный металлический корпус с зеркальной окантовкой. Скругленные углы и эргономичные формы – этот смартфон создан повторять контуры твоей руки и обеспечивать максимальный комфорт. Цельная задняя панель имеет изогнутую поверхность, ставшую визитной карточкой легендарных смартфонов серии HTC One.&lt;/p&gt;&lt;p&gt;Со смартфоном HTC One M9 возможности персонализации устройства выходят на принципиально новый уровень. Приложение HTC «Тема» позволяет оформить рабочие экраны по-своему – используй любимые фотографии и картинки с онлайн-ресурсов. Меняй форму и размер иконок, мелодии звонка и даже обои – теперь все в твоих руках! &lt;/p&gt;&lt;p&gt;Основная камера 20 МП и фронтальная камера с технологией HTC UltraPixel™ позволят тебе контролировать съемочный процесс «от» и «до».  Мощные инструменты из HTC Eye Experience позволят тебе снимать двумя камерами одновременно, делать селфи при помощи голосовых команд, ещё до момента съемки – в процессе визирования – использовать фильтры для ретуши и многое другое. А приложение Zoe позволит монтировать видеоролики, комбинируя свои материалы с фотографиями и видео, снятыми друзьями.&lt;/p&gt;&lt;p&gt;Наслаждайся потрясающими фото – с любой камерой HTC One M9.&lt;br&gt;&lt;/p&gt;&lt;p&gt;Смартфон HTC One M9 создавался в сотрудничестве с лабораторией Dolby, благодаря которому теперь ты будешь слышать объемный звук – как в настоящем кинотеатре. HTC BoomSound™ с Dolby Audio прекрасно справляется с музыкой любой сложности и любого жанра - ему по силам даже многоканальные треки с YouTube.&lt;/p&gt;&lt;p&gt;Твои игры и фильмы звучат потрясающе как через встроенные динамики, так и в наушниках. Такого ты ещё не слышал!источник: http://htc.com/&lt;br&gt;&lt;/p&gt;', '');
INSERT INTO `PREFIX_DB_aridius_news_description` (`aridius_news_id`, `language_id`, `title`, `meta_description`, `meta_title`, `description`, `meta_keyword`) VALUES ('1', '2', 'Galaxy S: новая эра в эволюции AMOLED', '', '', '&lt;p&gt;Исключительно красив, необычайно умен: подскажет тебе то, что нужно именно в этот момент, именно в этом месте.&lt;br&gt;&lt;/p&gt;&lt;p&gt;&lt;br&gt;&lt;/p&gt;&lt;p&gt;Жизнь неповторима - живи по полной!&lt;/p&gt;&lt;p&gt;&lt;br&gt;&lt;/p&gt;&lt;p&gt;Двухцветный металлический корпус с зеркальной окантовкой. Скругленные углы и эргономичные формы – этот смартфон создан повторять контуры твоей руки и обеспечивать максимальный комфорт. Цельная задняя панель имеет изогнутую поверхность, ставшую визитной карточкой легендарных смартфонов серии HTC One.&lt;/p&gt;&lt;p&gt;&lt;br&gt;&lt;/p&gt;&lt;p&gt;Со смартфоном HTC One M9 возможности персонализации устройства выходят на принципиально новый уровень. Приложение HTC «Тема» позволяет оформить рабочие экраны по-своему – используй любимые фотографии и картинки с онлайн-ресурсов. Меняй форму и размер иконок, мелодии звонка и даже обои – теперь все в твоих руках! &lt;/p&gt;&lt;p&gt;&lt;br&gt;&lt;/p&gt;&lt;p&gt;Основная камера 20 МП и фронтальная камера с технологией HTC UltraPixel™ позволят тебе контролировать съемочный процесс «от» и «до».  Мощные инструменты из HTC Eye Experience позволят тебе снимать двумя камерами одновременно, делать селфи при помощи голосовых команд, ещё до момента съемки – в процессе визирования – использовать фильтры для ретуши и многое другое. А приложение Zoe позволит монтировать видеоролики, комбинируя свои материалы с фотографиями и видео, снятыми друзьями.&lt;/p&gt;&lt;p&gt;Наслаждайся потрясающими фото – с любой камерой HTC One M9.&lt;br&gt;&lt;/p&gt;&lt;p&gt;Смартфон HTC One M9 создавался в сотрудничестве с лабораторией Dolby, благодаря которому теперь ты будешь слышать объемный звук – как в настоящем кинотеатре. HTC BoomSound™ с Dolby Audio прекрасно справляется с музыкой любой сложности и любого жанра - ему по силам даже многоканальные треки с YouTube.&lt;/p&gt;&lt;p&gt;Твои игры и фильмы звучат потрясающе как через встроенные динамики, так и в наушниках. Такого ты ещё не слышал!источник: http://htc.com/&lt;br&gt;&lt;/p&gt;', '');
INSERT INTO `PREFIX_DB_aridius_news_description` (`aridius_news_id`, `language_id`, `title`, `meta_description`, `meta_title`, `description`, `meta_keyword`) VALUES ('2', '1', 'Домашний TV центр', '', '', '&lt;p&gt;Исключительно красив, необычайно умен: подскажет тебе то, что нужно именно в этот момент, именно в этом месте.&lt;/p&gt;&lt;p&gt;Жизнь неповторима - живи по полной!&lt;/p&gt;&lt;p&gt;Двухцветный металлический корпус с зеркальной окантовкой. Скругленные углы и эргономичные формы – этот смартфон создан повторять контуры твоей руки и обеспечивать максимальный комфорт. Цельная задняя панель имеет изогнутую поверхность, ставшую визитной карточкой легендарных смартфонов серии HTC One.&lt;/p&gt;&lt;p&gt;Со смартфоном HTC One M9 возможности персонализации устройства выходят на принципиально новый уровень. Приложение HTC «Тема» позволяет оформить рабочие экраны по-своему – используй любимые фотографии и картинки с онлайн-ресурсов. Меняй форму и размер иконок, мелодии звонка и даже обои – теперь все в твоих руках!&lt;/p&gt;&lt;p&gt;Основная камера 20 МП и фронтальная камера с технологией HTC UltraPixel™ позволят тебе контролировать съемочный процесс «от» и «до». Мощные инструменты из HTC Eye Experience позволят тебе снимать двумя камерами одновременно, делать селфи при помощи голосовых команд, ещё до момента съемки – в процессе визирования – использовать фильтры для ретуши и многое другое. А приложение Zoe позволит монтировать видеоролики, комбинируя свои материалы с фотографиями и видео, снятыми друзьями.&lt;/p&gt;&lt;p&gt;Наслаждайся потрясающими фото – с любой камерой HTC One M9.&lt;/p&gt;&lt;p&gt;Смартфон HTC One M9 создавался в сотрудничестве с лабораторией Dolby, благодаря которому теперь ты будешь слышать объемный звук – как в настоящем кинотеатре. HTC BoomSound™ с Dolby Audio прекрасно справляется с музыкой любой сложности и любого жанра - ему по силам даже многоканальные треки с YouTube.&lt;/p&gt;&lt;p&gt;Твои игры и фильмы звучат потрясающе как через встроенные динамики, так и в наушниках. Такого ты ещё не слышал!источник: http://htc.com/&lt;/p&gt;', '');
INSERT INTO `PREFIX_DB_aridius_news_description` (`aridius_news_id`, `language_id`, `title`, `meta_description`, `meta_title`, `description`, `meta_keyword`) VALUES ('2', '2', 'Домашний TV центр', '', '', '&lt;p&gt;&amp;nbsp;&lt;/p&gt;&lt;p&gt;Исключительно красив, необычайно умен: подскажет тебе то, что нужно именно в этот момент, именно в этом месте.&lt;/p&gt;&lt;p&gt;&amp;nbsp;&lt;/p&gt;&lt;p&gt;Жизнь неповторима - живи по полной!&lt;/p&gt;&lt;p&gt;&amp;nbsp;&lt;/p&gt;&lt;p&gt;Двухцветный металлический корпус с зеркальной окантовкой. Скругленные углы и эргономичные формы – этот смартфон создан повторять контуры твоей руки и обеспечивать максимальный комфорт. Цельная задняя панель имеет изогнутую поверхность, ставшую визитной карточкой легендарных смартфонов серии HTC One.&lt;/p&gt;&lt;p&gt;&amp;nbsp;&lt;/p&gt;&lt;p&gt;Со смартфоном HTC One M9 возможности персонализации устройства выходят на принципиально новый уровень. Приложение HTC «Тема» позволяет оформить рабочие экраны по-своему – используй любимые фотографии и картинки с онлайн-ресурсов. Меняй форму и размер иконок, мелодии звонка и даже обои – теперь все в твоих руках!&lt;/p&gt;&lt;p&gt;&amp;nbsp;&lt;/p&gt;&lt;p&gt;Основная камера 20 МП и фронтальная камера с технологией HTC UltraPixel™ позволят тебе контролировать съемочный процесс «от» и «до». Мощные инструменты из HTC Eye Experience позволят тебе снимать двумя камерами одновременно, делать селфи при помощи голосовых команд, ещё до момента съемки – в процессе визирования – использовать фильтры для ретуши и многое другое. А приложение Zoe позволит монтировать видеоролики, комбинируя свои материалы с фотографиями и видео, снятыми друзьями.&lt;/p&gt;&lt;p&gt;Наслаждайся потрясающими фото – с любой камерой HTC One M9.&lt;/p&gt;&lt;p&gt;Смартфон HTC One M9 создавался в сотрудничестве с лабораторией Dolby, благодаря которому теперь ты будешь слышать объемный звук – как в настоящем кинотеатре. HTC BoomSound™ с Dolby Audio прекрасно справляется с музыкой любой сложности и любого жанра - ему по силам даже многоканальные треки с YouTube.&lt;/p&gt;&lt;p&gt;Твои игры и фильмы звучат потрясающе как через встроенные динамики, так и в наушниках. Такого ты ещё не слышал!источник: http://htc.com/&lt;/p&gt;', '');
INSERT INTO `PREFIX_DB_aridius_news_description` (`aridius_news_id`, `language_id`, `title`, `meta_description`, `meta_title`, `description`, `meta_keyword`) VALUES ('3', '1', 'Смартфон HTC One M9', '', '', '&lt;p&gt;Исключительно красив, необычайно умен: подскажет тебе то, что нужно именно в этот момент, именно в этом месте.&lt;/p&gt;&lt;p&gt;Жизнь неповторима - живи по полной!&lt;/p&gt;&lt;p&gt;Двухцветный металлический корпус с зеркальной окантовкой. Скругленные углы и эргономичные формы – этот смартфон создан повторять контуры твоей руки и обеспечивать максимальный комфорт. Цельная задняя панель имеет изогнутую поверхность, ставшую визитной карточкой легендарных смартфонов серии HTC One.&lt;/p&gt;&lt;p&gt;Со смартфоном HTC One M9 возможности персонализации устройства выходят на принципиально новый уровень. Приложение HTC «Тема» позволяет оформить рабочие экраны по-своему – используй любимые фотографии и картинки с онлайн-ресурсов. Меняй форму и размер иконок, мелодии звонка и даже обои – теперь все в твоих руках!&lt;/p&gt;&lt;p&gt;Основная камера 20 МП и фронтальная камера с технологией HTC UltraPixel™ позволят тебе контролировать съемочный процесс «от» и «до». Мощные инструменты из HTC Eye Experience позволят тебе снимать двумя камерами одновременно, делать селфи при помощи голосовых команд, ещё до момента съемки – в процессе визирования – использовать фильтры для ретуши и многое другое. А приложение Zoe позволит монтировать видеоролики, комбинируя свои материалы с фотографиями и видео, снятыми друзьями.&lt;/p&gt;&lt;p&gt;Наслаждайся потрясающими фото – с любой камерой HTC One M9.&lt;/p&gt;&lt;p&gt;Смартфон HTC One M9 создавался в сотрудничестве с лабораторией Dolby, благодаря которому теперь ты будешь слышать объемный звук – как в настоящем кинотеатре. HTC BoomSound™ с Dolby Audio прекрасно справляется с музыкой любой сложности и любого жанра - ему по силам даже многоканальные треки с YouTube.&lt;/p&gt;&lt;p&gt;Твои игры и фильмы звучат потрясающе как через встроенные динамики, так и в наушниках. Такого ты ещё не слышал!источник: http://htc.com/&lt;/p&gt;', '');
INSERT INTO `PREFIX_DB_aridius_news_description` (`aridius_news_id`, `language_id`, `title`, `meta_description`, `meta_title`, `description`, `meta_keyword`) VALUES ('3', '2', 'Смартфон HTC One M9', '', '', '&lt;p&gt;&amp;nbsp;&lt;/p&gt;&lt;p&gt;Исключительно красив, необычайно умен: подскажет тебе то, что нужно именно в этот момент, именно в этом месте.&lt;/p&gt;&lt;p&gt;&amp;nbsp;&lt;/p&gt;&lt;p&gt;Жизнь неповторима - живи по полной!&lt;/p&gt;&lt;p&gt;&amp;nbsp;&lt;/p&gt;&lt;p&gt;Двухцветный металлический корпус с зеркальной окантовкой. Скругленные углы и эргономичные формы – этот смартфон создан повторять контуры твоей руки и обеспечивать максимальный комфорт. Цельная задняя панель имеет изогнутую поверхность, ставшую визитной карточкой легендарных смартфонов серии HTC One.&lt;/p&gt;&lt;p&gt;&amp;nbsp;&lt;/p&gt;&lt;p&gt;Со смартфоном HTC One M9 возможности персонализации устройства выходят на принципиально новый уровень. Приложение HTC «Тема» позволяет оформить рабочие экраны по-своему – используй любимые фотографии и картинки с онлайн-ресурсов. Меняй форму и размер иконок, мелодии звонка и даже обои – теперь все в твоих руках!&lt;/p&gt;&lt;p&gt;&amp;nbsp;&lt;/p&gt;&lt;p&gt;Основная камера 20 МП и фронтальная камера с технологией HTC UltraPixel™ позволят тебе контролировать съемочный процесс «от» и «до». Мощные инструменты из HTC Eye Experience позволят тебе снимать двумя камерами одновременно, делать селфи при помощи голосовых команд, ещё до момента съемки – в процессе визирования – использовать фильтры для ретуши и многое другое. А приложение Zoe позволит монтировать видеоролики, комбинируя свои материалы с фотографиями и видео, снятыми друзьями.&lt;/p&gt;&lt;p&gt;Наслаждайся потрясающими фото – с любой камерой HTC One M9.&lt;/p&gt;&lt;p&gt;Смартфон HTC One M9 создавался в сотрудничестве с лабораторией Dolby, благодаря которому теперь ты будешь слышать объемный звук – как в настоящем кинотеатре. HTC BoomSound™ с Dolby Audio прекрасно справляется с музыкой любой сложности и любого жанра - ему по силам даже многоканальные треки с YouTube.&lt;/p&gt;&lt;p&gt;Твои игры и фильмы звучат потрясающе как через встроенные динамики, так и в наушниках. Такого ты ещё не слышал!источник: http://htc.com/&lt;/p&gt;', '');
INSERT INTO `PREFIX_DB_aridius_news_description` (`aridius_news_id`, `language_id`, `title`, `meta_description`, `meta_title`, `description`, `meta_keyword`) VALUES ('4', '1', 'Телевизоры Samsung', '', '', '&lt;p&gt;Исключительно красив, необычайно умен: подскажет тебе то, что нужно именно в этот момент, именно в этом месте.&lt;/p&gt;&lt;p&gt;Жизнь неповторима - живи по полной!&lt;/p&gt;&lt;p&gt;Двухцветный металлический корпус с зеркальной окантовкой. Скругленные углы и эргономичные формы – этот смартфон создан повторять контуры твоей руки и обеспечивать максимальный комфорт. Цельная задняя панель имеет изогнутую поверхность, ставшую визитной карточкой легендарных смартфонов серии HTC One.&lt;/p&gt;&lt;p&gt;Со смартфоном HTC One M9 возможности персонализации устройства выходят на принципиально новый уровень. Приложение HTC «Тема» позволяет оформить рабочие экраны по-своему – используй любимые фотографии и картинки с онлайн-ресурсов. Меняй форму и размер иконок, мелодии звонка и даже обои – теперь все в твоих руках!&lt;/p&gt;&lt;p&gt;Основная камера 20 МП и фронтальная камера с технологией HTC UltraPixel™ позволят тебе контролировать съемочный процесс «от» и «до». Мощные инструменты из HTC Eye Experience позволят тебе снимать двумя камерами одновременно, делать селфи при помощи голосовых команд, ещё до момента съемки – в процессе визирования – использовать фильтры для ретуши и многое другое. А приложение Zoe позволит монтировать видеоролики, комбинируя свои материалы с фотографиями и видео, снятыми друзьями.&lt;/p&gt;&lt;p&gt;Наслаждайся потрясающими фото – с любой камерой HTC One M9.&lt;/p&gt;&lt;p&gt;Смартфон HTC One M9 создавался в сотрудничестве с лабораторией Dolby, благодаря которому теперь ты будешь слышать объемный звук – как в настоящем кинотеатре. HTC BoomSound™ с Dolby Audio прекрасно справляется с музыкой любой сложности и любого жанра - ему по силам даже многоканальные треки с YouTube.&lt;/p&gt;&lt;p&gt;Твои игры и фильмы звучат потрясающе как через встроенные динамики, так и в наушниках. Такого ты ещё не слышал!источник: http://htc.com/&lt;/p&gt;', '');
INSERT INTO `PREFIX_DB_aridius_news_description` (`aridius_news_id`, `language_id`, `title`, `meta_description`, `meta_title`, `description`, `meta_keyword`) VALUES ('4', '2', 'Телевизоры Samsung', '', '', '&lt;p&gt;Исключительно красив, необычайно умен: подскажет тебе то, что нужно именно в этот момент, именно в этом месте.&lt;/p&gt;&lt;p&gt;&amp;nbsp;&lt;/p&gt;&lt;p&gt;Жизнь неповторима - живи по полной!&lt;/p&gt;&lt;p&gt;&amp;nbsp;&lt;/p&gt;&lt;p&gt;Двухцветный металлический корпус с зеркальной окантовкой. Скругленные углы и эргономичные формы – этот смартфон создан повторять контуры твоей руки и обеспечивать максимальный комфорт. Цельная задняя панель имеет изогнутую поверхность, ставшую визитной карточкой легендарных смартфонов серии HTC One.&lt;/p&gt;&lt;p&gt;&amp;nbsp;&lt;/p&gt;&lt;p&gt;Со смартфоном HTC One M9 возможности персонализации устройства выходят на принципиально новый уровень. Приложение HTC «Тема» позволяет оформить рабочие экраны по-своему – используй любимые фотографии и картинки с онлайн-ресурсов. Меняй форму и размер иконок, мелодии звонка и даже обои – теперь все в твоих руках!&lt;/p&gt;&lt;p&gt;&amp;nbsp;&lt;/p&gt;&lt;p&gt;Основная камера 20 МП и фронтальная камера с технологией HTC UltraPixel™ позволят тебе контролировать съемочный процесс «от» и «до». Мощные инструменты из HTC Eye Experience позволят тебе снимать двумя камерами одновременно, делать селфи при помощи голосовых команд, ещё до момента съемки – в процессе визирования – использовать фильтры для ретуши и многое другое. А приложение Zoe позволит монтировать видеоролики, комбинируя свои материалы с фотографиями и видео, снятыми друзьями.&lt;/p&gt;&lt;p&gt;Наслаждайся потрясающими фото – с любой камерой HTC One M9.&lt;/p&gt;&lt;p&gt;Смартфон HTC One M9 создавался в сотрудничестве с лабораторией Dolby, благодаря которому теперь ты будешь слышать объемный звук – как в настоящем кинотеатре. HTC BoomSound™ с Dolby Audio прекрасно справляется с музыкой любой сложности и любого жанра - ему по силам даже многоканальные треки с YouTube.&lt;/p&gt;&lt;p&gt;Твои игры и фильмы звучат потрясающе как через встроенные динамики, так и в наушниках. Такого ты ещё не слышал!источник: http://htc.com/&lt;/p&gt;', '');
INSERT INTO `PREFIX_DB_aridius_news_description` (`aridius_news_id`, `language_id`, `title`, `meta_description`, `meta_title`, `description`, `meta_keyword`) VALUES ('5', '1', 'Тонкие LED - телевизоры Samsung', '', '', '&lt;p&gt;Все содержимое на одном большом экране&lt;/p&gt;&lt;p&gt;Мгновенно отображайте на экране телевизора любое содержимое. Просто подключите к телевизору USB-накопитель и наслаждайтесь фильмами, фотографиями и видеоклипами на большом экране. Благодаря входным разъемам HDMI можно с необходимой скоростью передавать на телеэкран цифровые данные высокого разрешения. Так что всем, что вы захотите просмотреть, отныне можно наслаждаться в комфорте своей комнаты на большом экране телевизора Samsung.&lt;br /&gt;&lt;br /&gt;С помощью функции Screen Mirroring можно с невероятной легкостью просматривать содержимое с мобильных устройств на телеэкране. При этом вам даже не придется изменять источник телевизионного сигнала. Просто откройте панель уведомлений на мобильном устройстве, щелкните значок Screen Mirroring и выберите телевизор. Подобным же образом можно наслаждаться любимыми приложениями, играми и прочим на большом экране.&lt;br /&gt;&lt;br /&gt;*&amp;nbsp;Функция Screen Mirroring недоступна в Сирии&lt;/p&gt;&lt;p&gt;Тонкий и обтекаемый, идеально соответствующий цифровой эре&lt;/p&gt;&lt;p&gt;Что же удерживает вас от покупки? Пришло время отказаться от громоздкого телевизора на электронно-лучевой трубке и приобрести тонкий, цифровой и недорогой LED-телевизор Samsung. Вы сможете приобщиться к миру телевидения высокой четкости и наслаждаться великолепным изображением на ярком светодиодном экране. Его можно подключить к цифровой телевизионной абонентской приставке, после чего в вашем распоряжении окажется множество телеканалов.&lt;/p&gt;', '');
INSERT INTO `PREFIX_DB_aridius_news_description` (`aridius_news_id`, `language_id`, `title`, `meta_description`, `meta_title`, `description`, `meta_keyword`) VALUES ('5', '2', 'Тонкие LED - телевизоры Samsung', '', '', '&lt;p&gt;&amp;nbsp;&lt;/p&gt;&lt;p&gt;Все содержимое на одном большом экране&lt;/p&gt;&lt;p&gt;&amp;nbsp;&lt;/p&gt;&lt;p&gt;Мгновенно отображайте на экране телевизора любое содержимое. Просто подключите к телевизору USB-накопитель и наслаждайтесь фильмами, фотографиями и видеоклипами на большом экране. Благодаря входным разъемам HDMI можно с необходимой скоростью передавать на телеэкран цифровые данные высокого разрешения. Так что всем, что вы захотите просмотреть, отныне можно наслаждаться в комфорте своей комнаты на большом экране телевизора Samsung.&lt;br /&gt;&lt;br /&gt;С помощью функции Screen Mirroring можно с невероятной легкостью просматривать содержимое с мобильных устройств на телеэкране. При этом вам даже не придется изменять источник телевизионного сигнала. Просто откройте панель уведомлений на мобильном устройстве, щелкните значок Screen Mirroring и выберите телевизор. Подобным же образом можно наслаждаться любимыми приложениями, играми и прочим на большом экране.&lt;br /&gt;&lt;br /&gt;*&amp;nbsp;Функция Screen Mirroring недоступна в Сирии&lt;/p&gt;&lt;p&gt;&amp;nbsp;&lt;/p&gt;&lt;p&gt;Тонкий и обтекаемый, идеально соответствующий цифровой эре&lt;/p&gt;&lt;p&gt;&amp;nbsp;&lt;/p&gt;&lt;p&gt;Что же удерживает вас от покупки? Пришло время отказаться от громоздкого телевизора на электронно-лучевой трубке и приобрести тонкий, цифровой и недорогой LED-телевизор Samsung. Вы сможете приобщиться к миру телевидения высокой четкости и наслаждаться великолепным изображением на ярком светодиодном экране. Его можно подключить к цифровой телевизионной абонентской приставке, после чего в вашем распоряжении окажется множество телеканалов.&lt;/p&gt;&lt;p&gt;&amp;nbsp;&lt;/p&gt;', '');


TRUNCATE TABLE `PREFIX_DB_aridius_news_product_related`;

INSERT INTO `PREFIX_DB_aridius_news_product_related` (`aridius_news_id`, `product_id`) VALUES ('1', '52');
INSERT INTO `PREFIX_DB_aridius_news_product_related` (`aridius_news_id`, `product_id`) VALUES ('1', '71');
INSERT INTO `PREFIX_DB_aridius_news_product_related` (`aridius_news_id`, `product_id`) VALUES ('1', '72');
INSERT INTO `PREFIX_DB_aridius_news_product_related` (`aridius_news_id`, `product_id`) VALUES ('1', '73');
INSERT INTO `PREFIX_DB_aridius_news_product_related` (`aridius_news_id`, `product_id`) VALUES ('1', '74');
INSERT INTO `PREFIX_DB_aridius_news_product_related` (`aridius_news_id`, `product_id`) VALUES ('1', '78');
INSERT INTO `PREFIX_DB_aridius_news_product_related` (`aridius_news_id`, `product_id`) VALUES ('1', '80');
INSERT INTO `PREFIX_DB_aridius_news_product_related` (`aridius_news_id`, `product_id`) VALUES ('2', '52');
INSERT INTO `PREFIX_DB_aridius_news_product_related` (`aridius_news_id`, `product_id`) VALUES ('2', '72');
INSERT INTO `PREFIX_DB_aridius_news_product_related` (`aridius_news_id`, `product_id`) VALUES ('2', '73');
INSERT INTO `PREFIX_DB_aridius_news_product_related` (`aridius_news_id`, `product_id`) VALUES ('2', '74');
INSERT INTO `PREFIX_DB_aridius_news_product_related` (`aridius_news_id`, `product_id`) VALUES ('2', '78');
INSERT INTO `PREFIX_DB_aridius_news_product_related` (`aridius_news_id`, `product_id`) VALUES ('2', '80');
INSERT INTO `PREFIX_DB_aridius_news_product_related` (`aridius_news_id`, `product_id`) VALUES ('3', '52');
INSERT INTO `PREFIX_DB_aridius_news_product_related` (`aridius_news_id`, `product_id`) VALUES ('3', '72');
INSERT INTO `PREFIX_DB_aridius_news_product_related` (`aridius_news_id`, `product_id`) VALUES ('3', '73');
INSERT INTO `PREFIX_DB_aridius_news_product_related` (`aridius_news_id`, `product_id`) VALUES ('3', '74');
INSERT INTO `PREFIX_DB_aridius_news_product_related` (`aridius_news_id`, `product_id`) VALUES ('3', '78');
INSERT INTO `PREFIX_DB_aridius_news_product_related` (`aridius_news_id`, `product_id`) VALUES ('3', '80');
INSERT INTO `PREFIX_DB_aridius_news_product_related` (`aridius_news_id`, `product_id`) VALUES ('4', '52');
INSERT INTO `PREFIX_DB_aridius_news_product_related` (`aridius_news_id`, `product_id`) VALUES ('4', '72');
INSERT INTO `PREFIX_DB_aridius_news_product_related` (`aridius_news_id`, `product_id`) VALUES ('4', '73');
INSERT INTO `PREFIX_DB_aridius_news_product_related` (`aridius_news_id`, `product_id`) VALUES ('4', '74');
INSERT INTO `PREFIX_DB_aridius_news_product_related` (`aridius_news_id`, `product_id`) VALUES ('4', '78');
INSERT INTO `PREFIX_DB_aridius_news_product_related` (`aridius_news_id`, `product_id`) VALUES ('4', '80');
INSERT INTO `PREFIX_DB_aridius_news_product_related` (`aridius_news_id`, `product_id`) VALUES ('5', '52');
INSERT INTO `PREFIX_DB_aridius_news_product_related` (`aridius_news_id`, `product_id`) VALUES ('5', '72');
INSERT INTO `PREFIX_DB_aridius_news_product_related` (`aridius_news_id`, `product_id`) VALUES ('5', '73');
INSERT INTO `PREFIX_DB_aridius_news_product_related` (`aridius_news_id`, `product_id`) VALUES ('5', '74');
INSERT INTO `PREFIX_DB_aridius_news_product_related` (`aridius_news_id`, `product_id`) VALUES ('5', '78');
INSERT INTO `PREFIX_DB_aridius_news_product_related` (`aridius_news_id`, `product_id`) VALUES ('5', '80');


TRUNCATE TABLE `PREFIX_DB_aridius_news_related`;

INSERT INTO `PREFIX_DB_aridius_news_related` (`aridius_news_id`, `related_aridius_news_id`) VALUES ('1', '2');
INSERT INTO `PREFIX_DB_aridius_news_related` (`aridius_news_id`, `related_aridius_news_id`) VALUES ('1', '3');
INSERT INTO `PREFIX_DB_aridius_news_related` (`aridius_news_id`, `related_aridius_news_id`) VALUES ('1', '4');
INSERT INTO `PREFIX_DB_aridius_news_related` (`aridius_news_id`, `related_aridius_news_id`) VALUES ('1', '5');
INSERT INTO `PREFIX_DB_aridius_news_related` (`aridius_news_id`, `related_aridius_news_id`) VALUES ('2', '1');
INSERT INTO `PREFIX_DB_aridius_news_related` (`aridius_news_id`, `related_aridius_news_id`) VALUES ('2', '3');
INSERT INTO `PREFIX_DB_aridius_news_related` (`aridius_news_id`, `related_aridius_news_id`) VALUES ('2', '4');
INSERT INTO `PREFIX_DB_aridius_news_related` (`aridius_news_id`, `related_aridius_news_id`) VALUES ('2', '5');
INSERT INTO `PREFIX_DB_aridius_news_related` (`aridius_news_id`, `related_aridius_news_id`) VALUES ('3', '1');
INSERT INTO `PREFIX_DB_aridius_news_related` (`aridius_news_id`, `related_aridius_news_id`) VALUES ('3', '2');
INSERT INTO `PREFIX_DB_aridius_news_related` (`aridius_news_id`, `related_aridius_news_id`) VALUES ('3', '4');
INSERT INTO `PREFIX_DB_aridius_news_related` (`aridius_news_id`, `related_aridius_news_id`) VALUES ('3', '5');
INSERT INTO `PREFIX_DB_aridius_news_related` (`aridius_news_id`, `related_aridius_news_id`) VALUES ('4', '1');
INSERT INTO `PREFIX_DB_aridius_news_related` (`aridius_news_id`, `related_aridius_news_id`) VALUES ('4', '2');
INSERT INTO `PREFIX_DB_aridius_news_related` (`aridius_news_id`, `related_aridius_news_id`) VALUES ('4', '3');
INSERT INTO `PREFIX_DB_aridius_news_related` (`aridius_news_id`, `related_aridius_news_id`) VALUES ('4', '5');
INSERT INTO `PREFIX_DB_aridius_news_related` (`aridius_news_id`, `related_aridius_news_id`) VALUES ('5', '1');
INSERT INTO `PREFIX_DB_aridius_news_related` (`aridius_news_id`, `related_aridius_news_id`) VALUES ('5', '2');
INSERT INTO `PREFIX_DB_aridius_news_related` (`aridius_news_id`, `related_aridius_news_id`) VALUES ('5', '3');
INSERT INTO `PREFIX_DB_aridius_news_related` (`aridius_news_id`, `related_aridius_news_id`) VALUES ('5', '4');


TRUNCATE TABLE `PREFIX_DB_aridius_news_to_store`;

INSERT INTO `PREFIX_DB_aridius_news_to_store` (`aridius_news_id`, `store_id`) VALUES ('1', '0');
INSERT INTO `PREFIX_DB_aridius_news_to_store` (`aridius_news_id`, `store_id`) VALUES ('2', '0');
INSERT INTO `PREFIX_DB_aridius_news_to_store` (`aridius_news_id`, `store_id`) VALUES ('3', '0');
INSERT INTO `PREFIX_DB_aridius_news_to_store` (`aridius_news_id`, `store_id`) VALUES ('4', '0');
INSERT INTO `PREFIX_DB_aridius_news_to_store` (`aridius_news_id`, `store_id`) VALUES ('5', '0');


TRUNCATE TABLE `PREFIX_DB_aridius_review_news`;

INSERT INTO `PREFIX_DB_aridius_review_news` (`review_id`, `parent_id`, `customer_id`, `news_id`, `author`, `text`, `status`, `date_added`, `date_modified`) VALUES ('5', '0', '0', '3', 'Виктор', 'Всем доброго времени суток, в том числе и диванным аналитикам не способным купить данный аппарат, цена его действительно не как у китайского хлама, но тем не менее с пеной со рта доказывающих что телефон не очень))). Но, аппарат действительно стоит своих денег и на все 100 процентов. В данном телефоне есть своя история, так сказать родословная, его не спутать ни с самсунгами ни с соньками и т.д., ONЕ M9 самобытен и оригинален и тем самым интересен людям статусным и самодостаточным в том числе и в финансовом плане. Качество материалов в данном аппарате на высоте, цельный кусок алюминия, очень качественный и яркий дисплей, шикарнейший звук, не самый громкий среди смартов но самый приятный и чистый, отличный прием сигналов wifi, gsm,gps,glonas, наличие инфракрасного передатчика, управляет практически всей домашней электроникой, особенно прикольно в магазинах все телевизоры, кондиционеры и т.д. включать нервируя персонал))) ', '1', '2017-03-12 11:00:50', '2017-03-12 11:01:09');
INSERT INTO `PREFIX_DB_aridius_review_news` (`review_id`, `parent_id`, `customer_id`, `news_id`, `author`, `text`, `status`, `date_added`, `date_modified`) VALUES ('6', '5', '0', '3', 'Денис', '+1 пока друзья с сони бродят и грустят я уже несколько недель юзаю 6 андроид)', '1', '2017-03-12 11:01:45', '2017-03-12 11:01:52');
INSERT INTO `PREFIX_DB_aridius_review_news` (`review_id`, `parent_id`, `customer_id`, `news_id`, `author`, `text`, `status`, `date_added`, `date_modified`) VALUES ('7', '0', '0', '2', 'Максим', 'Здравствуйте, сегодня пришли edifier S760D. Достал, подключил и ни чего не произошло, басов вообще нет, и играют для такой цены очень тихо, через aux побывал и оптику, через 30-50 минут тыкая туда сюда между телефоном и теликом появились басы по оптике но через аукс так и нет. Кто может с таким сталкивался подскажите, или их отправлять по гарнтии пока время не прошло или там есть какие другие настройки кроме просто бас на крутить. Прошу помочь знающих. Заранее благодарю.', '1', '2017-03-12 11:03:47', '2017-03-12 11:03:54');
INSERT INTO `PREFIX_DB_aridius_review_news` (`review_id`, `parent_id`, `customer_id`, `news_id`, `author`, `text`, `status`, `date_added`, `date_modified`) VALUES ('8', '7', '0', '2', 'Представитель компании', 'Возможно нужно поднять уровень сигнала на источнике? В этой модели есть регуляторы НЧ и сабвуфера. Рекомендуется все коррекции держать в средних положениях - так тракт работает наиболее линейно.', '1', '2017-03-12 11:04:16', '2017-03-12 11:04:23');
INSERT INTO `PREFIX_DB_aridius_review_news` (`review_id`, `parent_id`, `customer_id`, `news_id`, `author`, `text`, `status`, `date_added`, `date_modified`) VALUES ('9', '0', '0', '5', 'Юра ', 'Рекомендую подключить сервис &quot;Современное ТВ&quot; около 600 телеканалов из них более 120 в HD качестве. ', '1', '2017-03-12 11:06:23', '2017-03-12 11:06:31');
INSERT INTO `PREFIX_DB_aridius_review_news` (`review_id`, `parent_id`, `customer_id`, `news_id`, `author`, `text`, `status`, `date_added`, `date_modified`) VALUES ('10', '9', '0', '5', 'Андрей', 'Согласен - отличное решение. Ещё можно интелект.тв... Скачиваете с их официального сайта приложение на флешку и когда флешку подключаете к телику, то приложение автоматически появляется в смарт меню.', '1', '2017-03-12 11:06:49', '2017-03-12 11:06:56');
INSERT INTO `PREFIX_DB_aridius_review_news` (`review_id`, `parent_id`, `customer_id`, `news_id`, `author`, `text`, `status`, `date_added`, `date_modified`) VALUES ('11', '0', '0', '4', 'Юра ', 'Рекомендую подключить сервис &quot;Современное ТВ&quot; около 600 телеканалов из них более 120 в HD качестве.', '1', '2017-03-12 11:07:28', '2017-03-12 11:07:34');
INSERT INTO `PREFIX_DB_aridius_review_news` (`review_id`, `parent_id`, `customer_id`, `news_id`, `author`, `text`, `status`, `date_added`, `date_modified`) VALUES ('12', '11', '0', '4', 'Андрей', 'Согласен - отличное решение. Ещё можно интелект.тв... Скачиваете с их официального сайта приложение на флешку и когда флешку подключаете к телику, то приложение автоматически появляется в смарт меню.', '1', '2017-03-12 11:07:52', '2017-03-12 11:07:58');
INSERT INTO `PREFIX_DB_aridius_review_news` (`review_id`, `parent_id`, `customer_id`, `news_id`, `author`, `text`, `status`, `date_added`, `date_modified`) VALUES ('13', '0', '0', '1', 'Елена', 'Подскажите! Есть ли в этом телефоне функция измерения давления или пульса,может и того и другого?', '1', '2017-03-12 11:09:33', '2017-03-12 11:09:39');
INSERT INTO `PREFIX_DB_aridius_review_news` (`review_id`, `parent_id`, `customer_id`, `news_id`, `author`, `text`, `status`, `date_added`, `date_modified`) VALUES ('14', '13', '0', '1', 'Сергей', 'Есть измерение:- пульс- насыщенность крови кислородом- уровень стреса', '1', '2017-03-12 11:09:54', '2017-03-12 11:10:01');


TRUNCATE TABLE `PREFIX_DB_aridius_review_store`;

INSERT INTO `PREFIX_DB_aridius_review_store` (`review_id`, `parent`, `customer_id`, `author`, `text`, `rating`, `status`, `date_added`, `date_modified`) VALUES ('1', '0', '0', 'Сергей', 'Быстрота обработки заказа, очень приветливый и приятный диспетчер, оперативная доставка телефона по наиболее низкой цене', '5', '1', '2017-03-02 11:32:49', '2017-03-02 11:33:59');
INSERT INTO `PREFIX_DB_aridius_review_store` (`review_id`, `parent`, `customer_id`, `author`, `text`, `rating`, `status`, `date_added`, `date_modified`) VALUES ('2', '0', '0', 'Валерий', 'Все бы хорошо, но стал пробивать купленный телефон на оригинальность........и все упало - китайская подделка! Почему сложно за ДЕНЬГИ торговать оригиналом??? Люди будьте бдительны!!!', '3', '1', '2017-03-02 11:33:03', '2017-03-02 11:33:55');
INSERT INTO `PREFIX_DB_aridius_review_store` (`review_id`, `parent`, `customer_id`, `author`, `text`, `rating`, `status`, `date_added`, `date_modified`) VALUES ('3', '2', '0', 'Менеджер магазина', 'Мы не торгуем подделками.', '1', '1', '2017-03-02 11:34:14', '2017-03-02 11:34:21');


TRUNCATE TABLE `PREFIX_DB_aridiuscallback`;

INSERT INTO `PREFIX_DB_aridiuscallback` (`order_id`, `product_id`, `contact`, `firstname`, `email`, `comment`, `comment_manager`, `status`, `time_in`, `time_off`, `date_added`) VALUES ('1', '0', '+7(888) 888-8888', 'рррррррррр', 'gdfgdf@mail.ru', '', '', '0', '00:00:00', '00:00:00', '2017-03-09 12:33:29');


TRUNCATE TABLE `PREFIX_DB_aridiusfastorder`;

INSERT INTO `PREFIX_DB_aridiusfastorder` (`order_id`, `product_id`, `product_option_value_id`, `contact`, `firstname`, `email`, `comment`, `comment_manager`, `product_name`, `quantity`, `status`, `format_option`, `total`, `date_added`, `currency_id`, `currency_code`, `currency_value`) VALUES ('1', '71', '0', '+38(545) 555-5555', 'tyyrtyrty', 'gfhgf@mail.ru', '', '', 'Apple iPhone 7 Plus 256GB Jet Black', '1', '0', '', '67500.0000', '2017-03-12 11:45:55', '1', 'RUB', '1.00000000');


TRUNCATE TABLE `PREFIX_DB_attribute`;

INSERT INTO `PREFIX_DB_attribute` (`attribute_id`, `attribute_group_id`, `sort_order`) VALUES ('21', '7', '22');
INSERT INTO `PREFIX_DB_attribute` (`attribute_id`, `attribute_group_id`, `sort_order`) VALUES ('20', '7', '20');
INSERT INTO `PREFIX_DB_attribute` (`attribute_id`, `attribute_group_id`, `sort_order`) VALUES ('22', '7', '24');
INSERT INTO `PREFIX_DB_attribute` (`attribute_id`, `attribute_group_id`, `sort_order`) VALUES ('19', '7', '14');
INSERT INTO `PREFIX_DB_attribute` (`attribute_id`, `attribute_group_id`, `sort_order`) VALUES ('18', '7', '12');
INSERT INTO `PREFIX_DB_attribute` (`attribute_id`, `attribute_group_id`, `sort_order`) VALUES ('17', '7', '10');
INSERT INTO `PREFIX_DB_attribute` (`attribute_id`, `attribute_group_id`, `sort_order`) VALUES ('16', '7', '8');
INSERT INTO `PREFIX_DB_attribute` (`attribute_id`, `attribute_group_id`, `sort_order`) VALUES ('15', '7', '6');
INSERT INTO `PREFIX_DB_attribute` (`attribute_id`, `attribute_group_id`, `sort_order`) VALUES ('14', '7', '4');
INSERT INTO `PREFIX_DB_attribute` (`attribute_id`, `attribute_group_id`, `sort_order`) VALUES ('13', '7', '2');
INSERT INTO `PREFIX_DB_attribute` (`attribute_id`, `attribute_group_id`, `sort_order`) VALUES ('12', '7', '0');
INSERT INTO `PREFIX_DB_attribute` (`attribute_id`, `attribute_group_id`, `sort_order`) VALUES ('23', '7', '26');
INSERT INTO `PREFIX_DB_attribute` (`attribute_id`, `attribute_group_id`, `sort_order`) VALUES ('24', '7', '28');
INSERT INTO `PREFIX_DB_attribute` (`attribute_id`, `attribute_group_id`, `sort_order`) VALUES ('25', '7', '30');
INSERT INTO `PREFIX_DB_attribute` (`attribute_id`, `attribute_group_id`, `sort_order`) VALUES ('26', '7', '32');
INSERT INTO `PREFIX_DB_attribute` (`attribute_id`, `attribute_group_id`, `sort_order`) VALUES ('27', '7', '40');
INSERT INTO `PREFIX_DB_attribute` (`attribute_id`, `attribute_group_id`, `sort_order`) VALUES ('28', '7', '42');
INSERT INTO `PREFIX_DB_attribute` (`attribute_id`, `attribute_group_id`, `sort_order`) VALUES ('29', '7', '44');
INSERT INTO `PREFIX_DB_attribute` (`attribute_id`, `attribute_group_id`, `sort_order`) VALUES ('30', '7', '46');
INSERT INTO `PREFIX_DB_attribute` (`attribute_id`, `attribute_group_id`, `sort_order`) VALUES ('31', '7', '48');
INSERT INTO `PREFIX_DB_attribute` (`attribute_id`, `attribute_group_id`, `sort_order`) VALUES ('32', '7', '50');
INSERT INTO `PREFIX_DB_attribute` (`attribute_id`, `attribute_group_id`, `sort_order`) VALUES ('33', '7', '52');
INSERT INTO `PREFIX_DB_attribute` (`attribute_id`, `attribute_group_id`, `sort_order`) VALUES ('34', '7', '60');
INSERT INTO `PREFIX_DB_attribute` (`attribute_id`, `attribute_group_id`, `sort_order`) VALUES ('35', '7', '62');
INSERT INTO `PREFIX_DB_attribute` (`attribute_id`, `attribute_group_id`, `sort_order`) VALUES ('36', '7', '64');
INSERT INTO `PREFIX_DB_attribute` (`attribute_id`, `attribute_group_id`, `sort_order`) VALUES ('37', '7', '66');
INSERT INTO `PREFIX_DB_attribute` (`attribute_id`, `attribute_group_id`, `sort_order`) VALUES ('38', '7', '68');
INSERT INTO `PREFIX_DB_attribute` (`attribute_id`, `attribute_group_id`, `sort_order`) VALUES ('39', '7', '70');
INSERT INTO `PREFIX_DB_attribute` (`attribute_id`, `attribute_group_id`, `sort_order`) VALUES ('40', '7', '80');
INSERT INTO `PREFIX_DB_attribute` (`attribute_id`, `attribute_group_id`, `sort_order`) VALUES ('41', '7', '81');
INSERT INTO `PREFIX_DB_attribute` (`attribute_id`, `attribute_group_id`, `sort_order`) VALUES ('42', '7', '82');
INSERT INTO `PREFIX_DB_attribute` (`attribute_id`, `attribute_group_id`, `sort_order`) VALUES ('43', '7', '83');
INSERT INTO `PREFIX_DB_attribute` (`attribute_id`, `attribute_group_id`, `sort_order`) VALUES ('44', '7', '84');
INSERT INTO `PREFIX_DB_attribute` (`attribute_id`, `attribute_group_id`, `sort_order`) VALUES ('45', '7', '85');
INSERT INTO `PREFIX_DB_attribute` (`attribute_id`, `attribute_group_id`, `sort_order`) VALUES ('46', '7', '86');


TRUNCATE TABLE `PREFIX_DB_attribute_description`;

INSERT INTO `PREFIX_DB_attribute_description` (`attribute_id`, `language_id`, `name`) VALUES ('14', '2', 'Количество СИМ-карт');
INSERT INTO `PREFIX_DB_attribute_description` (`attribute_id`, `language_id`, `name`) VALUES ('12', '2', 'GPS');
INSERT INTO `PREFIX_DB_attribute_description` (`attribute_id`, `language_id`, `name`) VALUES ('15', '1', 'Оперативная память');
INSERT INTO `PREFIX_DB_attribute_description` (`attribute_id`, `language_id`, `name`) VALUES ('14', '1', 'Количество СИМ-карт');
INSERT INTO `PREFIX_DB_attribute_description` (`attribute_id`, `language_id`, `name`) VALUES ('13', '2', 'Количество ядер');
INSERT INTO `PREFIX_DB_attribute_description` (`attribute_id`, `language_id`, `name`) VALUES ('13', '1', 'Количество ядер');
INSERT INTO `PREFIX_DB_attribute_description` (`attribute_id`, `language_id`, `name`) VALUES ('12', '1', 'GPS');
INSERT INTO `PREFIX_DB_attribute_description` (`attribute_id`, `language_id`, `name`) VALUES ('15', '2', 'Оперативная память');
INSERT INTO `PREFIX_DB_attribute_description` (`attribute_id`, `language_id`, `name`) VALUES ('16', '2', 'Встроенная память');
INSERT INTO `PREFIX_DB_attribute_description` (`attribute_id`, `language_id`, `name`) VALUES ('16', '1', 'Встроенная память');
INSERT INTO `PREFIX_DB_attribute_description` (`attribute_id`, `language_id`, `name`) VALUES ('17', '1', 'Диагональ экрана');
INSERT INTO `PREFIX_DB_attribute_description` (`attribute_id`, `language_id`, `name`) VALUES ('17', '2', 'Диагональ экрана');
INSERT INTO `PREFIX_DB_attribute_description` (`attribute_id`, `language_id`, `name`) VALUES ('18', '1', 'Разрешение дисплея');
INSERT INTO `PREFIX_DB_attribute_description` (`attribute_id`, `language_id`, `name`) VALUES ('18', '2', 'Разрешение дисплея');
INSERT INTO `PREFIX_DB_attribute_description` (`attribute_id`, `language_id`, `name`) VALUES ('19', '1', 'Вес, г ');
INSERT INTO `PREFIX_DB_attribute_description` (`attribute_id`, `language_id`, `name`) VALUES ('19', '2', 'Вес, г ');
INSERT INTO `PREFIX_DB_attribute_description` (`attribute_id`, `language_id`, `name`) VALUES ('20', '1', 'Диагональ дисплея ');
INSERT INTO `PREFIX_DB_attribute_description` (`attribute_id`, `language_id`, `name`) VALUES ('20', '2', 'Диагональ дисплея ');
INSERT INTO `PREFIX_DB_attribute_description` (`attribute_id`, `language_id`, `name`) VALUES ('21', '1', 'Тип матрицы ');
INSERT INTO `PREFIX_DB_attribute_description` (`attribute_id`, `language_id`, `name`) VALUES ('21', '2', 'Тип матрицы ');
INSERT INTO `PREFIX_DB_attribute_description` (`attribute_id`, `language_id`, `name`) VALUES ('22', '2', 'Время реакции матрицы ');
INSERT INTO `PREFIX_DB_attribute_description` (`attribute_id`, `language_id`, `name`) VALUES ('22', '1', 'Время реакции матрицы ');
INSERT INTO `PREFIX_DB_attribute_description` (`attribute_id`, `language_id`, `name`) VALUES ('23', '1', 'Встроенный тюнер');
INSERT INTO `PREFIX_DB_attribute_description` (`attribute_id`, `language_id`, `name`) VALUES ('23', '2', 'Встроенный тюнер');
INSERT INTO `PREFIX_DB_attribute_description` (`attribute_id`, `language_id`, `name`) VALUES ('24', '1', 'Яркость дисплея ');
INSERT INTO `PREFIX_DB_attribute_description` (`attribute_id`, `language_id`, `name`) VALUES ('24', '2', 'Яркость дисплея ');
INSERT INTO `PREFIX_DB_attribute_description` (`attribute_id`, `language_id`, `name`) VALUES ('25', '1', 'Контрастность дисплея ');
INSERT INTO `PREFIX_DB_attribute_description` (`attribute_id`, `language_id`, `name`) VALUES ('25', '2', 'Контрастность дисплея ');
INSERT INTO `PREFIX_DB_attribute_description` (`attribute_id`, `language_id`, `name`) VALUES ('26', '1', 'Частота обновления ');
INSERT INTO `PREFIX_DB_attribute_description` (`attribute_id`, `language_id`, `name`) VALUES ('26', '2', 'Частота обновления ');
INSERT INTO `PREFIX_DB_attribute_description` (`attribute_id`, `language_id`, `name`) VALUES ('27', '1', 'Процессор');
INSERT INTO `PREFIX_DB_attribute_description` (`attribute_id`, `language_id`, `name`) VALUES ('27', '2', 'Процессор');
INSERT INTO `PREFIX_DB_attribute_description` (`attribute_id`, `language_id`, `name`) VALUES ('28', '1', 'Диагональ экрана');
INSERT INTO `PREFIX_DB_attribute_description` (`attribute_id`, `language_id`, `name`) VALUES ('28', '2', 'Диагональ экрана');
INSERT INTO `PREFIX_DB_attribute_description` (`attribute_id`, `language_id`, `name`) VALUES ('29', '1', 'Объем оперативной памяти');
INSERT INTO `PREFIX_DB_attribute_description` (`attribute_id`, `language_id`, `name`) VALUES ('29', '2', 'Объем оперативной памяти');
INSERT INTO `PREFIX_DB_attribute_description` (`attribute_id`, `language_id`, `name`) VALUES ('30', '1', 'Операционная система');
INSERT INTO `PREFIX_DB_attribute_description` (`attribute_id`, `language_id`, `name`) VALUES ('30', '2', 'Операционная система');
INSERT INTO `PREFIX_DB_attribute_description` (`attribute_id`, `language_id`, `name`) VALUES ('31', '2', 'Объём накопителя');
INSERT INTO `PREFIX_DB_attribute_description` (`attribute_id`, `language_id`, `name`) VALUES ('31', '1', 'Объём накопителя');
INSERT INTO `PREFIX_DB_attribute_description` (`attribute_id`, `language_id`, `name`) VALUES ('32', '1', 'Цвет');
INSERT INTO `PREFIX_DB_attribute_description` (`attribute_id`, `language_id`, `name`) VALUES ('32', '2', 'Цвет');
INSERT INTO `PREFIX_DB_attribute_description` (`attribute_id`, `language_id`, `name`) VALUES ('33', '1', 'Вес');
INSERT INTO `PREFIX_DB_attribute_description` (`attribute_id`, `language_id`, `name`) VALUES ('33', '2', 'Вес');
INSERT INTO `PREFIX_DB_attribute_description` (`attribute_id`, `language_id`, `name`) VALUES ('34', '1', 'Поддержка Smart TV');
INSERT INTO `PREFIX_DB_attribute_description` (`attribute_id`, `language_id`, `name`) VALUES ('34', '2', 'Поддержка Smart TV');
INSERT INTO `PREFIX_DB_attribute_description` (`attribute_id`, `language_id`, `name`) VALUES ('35', '1', 'Разрешение');
INSERT INTO `PREFIX_DB_attribute_description` (`attribute_id`, `language_id`, `name`) VALUES ('35', '2', 'Разрешение');
INSERT INTO `PREFIX_DB_attribute_description` (`attribute_id`, `language_id`, `name`) VALUES ('36', '1', 'Wi-Fi');
INSERT INTO `PREFIX_DB_attribute_description` (`attribute_id`, `language_id`, `name`) VALUES ('36', '2', 'Wi-Fi');
INSERT INTO `PREFIX_DB_attribute_description` (`attribute_id`, `language_id`, `name`) VALUES ('37', '1', 'Особые свойства ');
INSERT INTO `PREFIX_DB_attribute_description` (`attribute_id`, `language_id`, `name`) VALUES ('37', '2', 'Особые свойства ');
INSERT INTO `PREFIX_DB_attribute_description` (`attribute_id`, `language_id`, `name`) VALUES ('38', '1', 'ТВ-тюнер');
INSERT INTO `PREFIX_DB_attribute_description` (`attribute_id`, `language_id`, `name`) VALUES ('38', '2', 'ТВ-тюнер');
INSERT INTO `PREFIX_DB_attribute_description` (`attribute_id`, `language_id`, `name`) VALUES ('39', '1', 'Угол обзора ');
INSERT INTO `PREFIX_DB_attribute_description` (`attribute_id`, `language_id`, `name`) VALUES ('39', '2', 'Угол обзора ');
INSERT INTO `PREFIX_DB_attribute_description` (`attribute_id`, `language_id`, `name`) VALUES ('40', '1', 'Тип');
INSERT INTO `PREFIX_DB_attribute_description` (`attribute_id`, `language_id`, `name`) VALUES ('40', '2', 'Тип');
INSERT INTO `PREFIX_DB_attribute_description` (`attribute_id`, `language_id`, `name`) VALUES ('41', '1', 'Тип матрицы ');
INSERT INTO `PREFIX_DB_attribute_description` (`attribute_id`, `language_id`, `name`) VALUES ('41', '2', 'Тип матрицы ');
INSERT INTO `PREFIX_DB_attribute_description` (`attribute_id`, `language_id`, `name`) VALUES ('42', '1', 'Wi-Fi');
INSERT INTO `PREFIX_DB_attribute_description` (`attribute_id`, `language_id`, `name`) VALUES ('42', '2', 'Wi-Fi ');
INSERT INTO `PREFIX_DB_attribute_description` (`attribute_id`, `language_id`, `name`) VALUES ('43', '1', 'Разрешение дисплея ');
INSERT INTO `PREFIX_DB_attribute_description` (`attribute_id`, `language_id`, `name`) VALUES ('43', '2', 'Разрешение дисплея ');
INSERT INTO `PREFIX_DB_attribute_description` (`attribute_id`, `language_id`, `name`) VALUES ('44', '1', 'Версия Bluetooth ');
INSERT INTO `PREFIX_DB_attribute_description` (`attribute_id`, `language_id`, `name`) VALUES ('44', '2', 'Версия Bluetooth ');
INSERT INTO `PREFIX_DB_attribute_description` (`attribute_id`, `language_id`, `name`) VALUES ('45', '1', 'Диагональ дисплея');
INSERT INTO `PREFIX_DB_attribute_description` (`attribute_id`, `language_id`, `name`) VALUES ('45', '2', 'Диагональ дисплея ');
INSERT INTO `PREFIX_DB_attribute_description` (`attribute_id`, `language_id`, `name`) VALUES ('46', '1', 'Процессор');
INSERT INTO `PREFIX_DB_attribute_description` (`attribute_id`, `language_id`, `name`) VALUES ('46', '2', 'Процессор');


TRUNCATE TABLE `PREFIX_DB_attribute_group`;

INSERT INTO `PREFIX_DB_attribute_group` (`attribute_group_id`, `sort_order`) VALUES ('7', '0');


TRUNCATE TABLE `PREFIX_DB_attribute_group_description`;

INSERT INTO `PREFIX_DB_attribute_group_description` (`attribute_group_id`, `language_id`, `name`) VALUES ('7', '2', 'Технические характеристики');
INSERT INTO `PREFIX_DB_attribute_group_description` (`attribute_group_id`, `language_id`, `name`) VALUES ('7', '1', 'Технические характеристики');


TRUNCATE TABLE `PREFIX_DB_banner`;

INSERT INTO `PREFIX_DB_banner` (`banner_id`, `name`, `status`) VALUES ('9', 'Слайдшоу на всю ширину', '1');
INSERT INTO `PREFIX_DB_banner` (`banner_id`, `name`, `status`) VALUES ('8', 'Производители', '1');
INSERT INTO `PREFIX_DB_banner` (`banner_id`, `name`, `status`) VALUES ('10', 'баннер ср1', '1');
INSERT INTO `PREFIX_DB_banner` (`banner_id`, `name`, `status`) VALUES ('11', 'баннер ср2', '1');
INSERT INTO `PREFIX_DB_banner` (`banner_id`, `name`, `status`) VALUES ('12', 'баннер ср3', '1');
INSERT INTO `PREFIX_DB_banner` (`banner_id`, `name`, `status`) VALUES ('13', 'Баннер справа 1', '1');
INSERT INTO `PREFIX_DB_banner` (`banner_id`, `name`, `status`) VALUES ('14', 'Баннер справа 2', '1');
INSERT INTO `PREFIX_DB_banner` (`banner_id`, `name`, `status`) VALUES ('15', 'Слайдер слева', '1');

TRUNCATE TABLE `PREFIX_DB_banner_image`;

INSERT INTO `PREFIX_DB_banner_image` (`banner_image_id`, `banner_id`, `language_id`, `title`, `description`, `link`, `image`, `sort_order`) VALUES ('247', '8', '2', 'Coca Cola', '', '', 'catalog/demo/manufacturer/cocacola.png', '0');
INSERT INTO `PREFIX_DB_banner_image` (`banner_image_id`, `banner_id`, `language_id`, `title`, `description`, `link`, `image`, `sort_order`) VALUES ('248', '8', '2', 'Sony', '', '', '', '0');
INSERT INTO `PREFIX_DB_banner_image` (`banner_image_id`, `banner_id`, `language_id`, `title`, `description`, `link`, `image`, `sort_order`) VALUES ('249', '8', '2', 'Burger King', '', '', 'catalog/demo/manufacturer/burgerking.png', '0');
INSERT INTO `PREFIX_DB_banner_image` (`banner_image_id`, `banner_id`, `language_id`, `title`, `description`, `link`, `image`, `sort_order`) VALUES ('250', '8', '2', 'RedBull', '', '', 'catalog/demo/manufacturer/redbull.png', '0');
INSERT INTO `PREFIX_DB_banner_image` (`banner_image_id`, `banner_id`, `language_id`, `title`, `description`, `link`, `image`, `sort_order`) VALUES ('251', '8', '2', 'NFL', '', '', 'catalog/demo/manufacturer/nfl.png', '0');
INSERT INTO `PREFIX_DB_banner_image` (`banner_image_id`, `banner_id`, `language_id`, `title`, `description`, `link`, `image`, `sort_order`) VALUES ('252', '8', '2', 'Canon', '', '', 'catalog/demo/manufacturer/canon.png', '0');
INSERT INTO `PREFIX_DB_banner_image` (`banner_image_id`, `banner_id`, `language_id`, `title`, `description`, `link`, `image`, `sort_order`) VALUES ('253', '8', '2', 'Dell', '', '', 'catalog/demo/manufacturer/dell.png', '0');
INSERT INTO `PREFIX_DB_banner_image` (`banner_image_id`, `banner_id`, `language_id`, `title`, `description`, `link`, `image`, `sort_order`) VALUES ('254', '8', '2', 'Disney', '', '', '', '0');
INSERT INTO `PREFIX_DB_banner_image` (`banner_image_id`, `banner_id`, `language_id`, `title`, `description`, `link`, `image`, `sort_order`) VALUES ('255', '8', '2', 'Harley Davidson', '', '', 'catalog/demo/manufacturer/harley.png', '0');
INSERT INTO `PREFIX_DB_banner_image` (`banner_image_id`, `banner_id`, `language_id`, `title`, `description`, `link`, `image`, `sort_order`) VALUES ('256', '8', '2', 'Nintendo', '', '', 'catalog/demo/manufacturer/nintendo.png', '0');
INSERT INTO `PREFIX_DB_banner_image` (`banner_image_id`, `banner_id`, `language_id`, `title`, `description`, `link`, `image`, `sort_order`) VALUES ('257', '8', '2', 'Starbucks', '', '', 'catalog/demo/manufacturer/starbucks.png', '0');
INSERT INTO `PREFIX_DB_banner_image` (`banner_image_id`, `banner_id`, `language_id`, `title`, `description`, `link`, `image`, `sort_order`) VALUES ('135', '10', '1', 'ср1', '', 'desktops/mac/imac', 'catalog/modern/b1-463x163.png', '0');
INSERT INTO `PREFIX_DB_banner_image` (`banner_image_id`, `banner_id`, `language_id`, `title`, `description`, `link`, `image`, `sort_order`) VALUES ('137', '11', '1', 'ср2', '', 'laptop-notebook/macbook', 'catalog/modern/b3-463x1631.png', '0');
INSERT INTO `PREFIX_DB_banner_image` (`banner_image_id`, `banner_id`, `language_id`, `title`, `description`, `link`, `image`, `sort_order`) VALUES ('139', '12', '1', 'ср3', '', 'laptop-notebook/macbook', 'catalog/modern/b3-463x163.png', '0');
INSERT INTO `PREFIX_DB_banner_image` (`banner_image_id`, `banner_id`, `language_id`, `title`, `description`, `link`, `image`, `sort_order`) VALUES ('136', '10', '2', 'ср1', '', 'desktops/mac/imac', 'catalog/modern/b1-463x163.png', '0');
INSERT INTO `PREFIX_DB_banner_image` (`banner_image_id`, `banner_id`, `language_id`, `title`, `description`, `link`, `image`, `sort_order`) VALUES ('138', '11', '2', 'ср2', '', 'laptop-notebook/macbook', 'catalog/modern/b3-463x1631.png', '0');
INSERT INTO `PREFIX_DB_banner_image` (`banner_image_id`, `banner_id`, `language_id`, `title`, `description`, `link`, `image`, `sort_order`) VALUES ('140', '12', '2', 'ср3', '', 'laptop-notebook/macbook', 'catalog/modern/b3-463x163.png', '0');
INSERT INTO `PREFIX_DB_banner_image` (`banner_image_id`, `banner_id`, `language_id`, `title`, `description`, `link`, `image`, `sort_order`) VALUES ('326', '9', '1', 'слайд1', '&lt;div class=&quot;text-slider1 ef-slider1&quot;&gt;Новая линейка&lt;/div&gt;&lt;div class=&quot;text-slider2 ef-slider2&quot;&gt;Производительных планшетов&lt;/div&gt;&lt;div class=&quot;text-slider3 ef-slider3&quot;&gt;популярных брендов по доступным ценам&lt;/div&gt;&lt;div class=&quot;text-slider4 ef-slider4&quot;&gt;&lt;a class=&quot;btn-slider&quot; href=&quot;index.php?route=product/product&amp;path=88_91_95&amp;product_id=63&quot; role=&quot;button&quot;&gt;Подробнее&lt;/a&gt;&lt;/div&gt;', 'index.php?route=product/product&amp;path=88_91_95&amp;product_id=63', 'catalog/277202_homepage.jpg.adapt.1920_600.false.false.false.false.jpg', '0');
INSERT INTO `PREFIX_DB_banner_image` (`banner_image_id`, `banner_id`, `language_id`, `title`, `description`, `link`, `image`, `sort_order`) VALUES ('245', '8', '1', 'Disney', '', 'monitors2/', '', '0');
INSERT INTO `PREFIX_DB_banner_image` (`banner_image_id`, `banner_id`, `language_id`, `title`, `description`, `link`, `image`, `sort_order`) VALUES ('246', '8', '1', 'Nintendo', '', 'laptops/', 'catalog/demo/manufacturer/nintendo.png', '0');
INSERT INTO `PREFIX_DB_banner_image` (`banner_image_id`, `banner_id`, `language_id`, `title`, `description`, `link`, `image`, `sort_order`) VALUES ('244', '8', '1', 'Starbucks', '', 'telephones/', 'catalog/demo/manufacturer/starbucks.png', '0');
INSERT INTO `PREFIX_DB_banner_image` (`banner_image_id`, `banner_id`, `language_id`, `title`, `description`, `link`, `image`, `sort_order`) VALUES ('241', '8', '1', 'Harley Davidson', '', 'telephones/', 'catalog/demo/manufacturer/harley.png', '0');
INSERT INTO `PREFIX_DB_banner_image` (`banner_image_id`, `banner_id`, `language_id`, `title`, `description`, `link`, `image`, `sort_order`) VALUES ('243', '8', '1', 'Dell', '', 'laptops/lightweight/', 'catalog/demo/manufacturer/dell.png', '0');
INSERT INTO `PREFIX_DB_banner_image` (`banner_image_id`, `banner_id`, `language_id`, `title`, `description`, `link`, `image`, `sort_order`) VALUES ('242', '8', '1', 'Burger King', '', 'telephones/smartphones/', 'catalog/demo/manufacturer/burgerking.png', '0');
INSERT INTO `PREFIX_DB_banner_image` (`banner_image_id`, `banner_id`, `language_id`, `title`, `description`, `link`, `image`, `sort_order`) VALUES ('239', '8', '1', 'Coca Cola', '', 'monitors2/', 'catalog/demo/manufacturer/cocacola.png', '0');
INSERT INTO `PREFIX_DB_banner_image` (`banner_image_id`, `banner_id`, `language_id`, `title`, `description`, `link`, `image`, `sort_order`) VALUES ('240', '8', '1', 'Canon', '', 'monitors2/', 'catalog/demo/manufacturer/canon.png', '0');
INSERT INTO `PREFIX_DB_banner_image` (`banner_image_id`, `banner_id`, `language_id`, `title`, `description`, `link`, `image`, `sort_order`) VALUES ('236', '8', '1', 'Sony', '', 'telephones/', '', '0');
INSERT INTO `PREFIX_DB_banner_image` (`banner_image_id`, `banner_id`, `language_id`, `title`, `description`, `link`, `image`, `sort_order`) VALUES ('237', '8', '1', 'RedBull', '', 'monitors2/', 'catalog/demo/manufacturer/redbull.png', '0');
INSERT INTO `PREFIX_DB_banner_image` (`banner_image_id`, `banner_id`, `language_id`, `title`, `description`, `link`, `image`, `sort_order`) VALUES ('238', '8', '1', 'NFL', '', 'laptops/', 'catalog/demo/manufacturer/nfl.png', '0');
INSERT INTO `PREFIX_DB_banner_image` (`banner_image_id`, `banner_id`, `language_id`, `title`, `description`, `link`, `image`, `sort_order`) VALUES ('327', '9', '1', 'слайд2', '&lt;div class=&quot;text-slider1 ef-slider1&quot;&gt;Линейка&lt;/div&gt;&lt;div class=&quot;text-slider2 ef-slider2&quot;&gt;Современных смартфонов&lt;/div&gt;&lt;div class=&quot;text-slider3 ef-slider3&quot;&gt;популярных брендов по доступным ценам&lt;/div&gt;&lt;div class=&quot;text-slider4 ef-slider4&quot;&gt;&lt;a class=&quot;btn-slider&quot; href=&quot;index.php?route=product/product&amp;path=20_26_61&amp;product_id=72&quot; role=&quot;button&quot;&gt;Подробнее&lt;/a&gt;&lt;/div&gt;', 'index.php?route=product/product&amp;path=20_26_61&amp;product_id=72', 'catalog/001.jpg', '1');
INSERT INTO `PREFIX_DB_banner_image` (`banner_image_id`, `banner_id`, `language_id`, `title`, `description`, `link`, `image`, `sort_order`) VALUES ('328', '9', '1', 'слайд3', '&lt;div class=&quot;text-slider1 ef-slider1&quot;&gt;Чехлы на заказ&lt;/div&gt;&lt;div class=&quot;text-slider2 ef-slider2&quot;&gt;на любой вкус,&lt;/div&gt;&lt;div class=&quot;text-slider3 ef-slider3&quot;&gt;цвет и размер для любого телефона!&lt;/div&gt;&lt;div class=&quot;text-slider4 ef-slider4&quot;&gt;&lt;a class=&quot;btn-slider&quot; href=&quot;index.php?route=product/product&amp;path=20_59_69&amp;product_id=79&quot; role=&quot;button&quot;&gt;Подробнее&lt;/a&gt;&lt;/div&gt;', 'index.php?route=product/product&amp;path=20_59_69&amp;product_id=79', 'catalog/667115097_101.jpg', '2');
INSERT INTO `PREFIX_DB_banner_image` (`banner_image_id`, `banner_id`, `language_id`, `title`, `description`, `link`, `image`, `sort_order`) VALUES ('329', '9', '2', 'слайд3', '', 'index.php?route=product/product&amp;path=20_59_69&amp;product_id=79', 'catalog/667115097_101.jpg', '0');
INSERT INTO `PREFIX_DB_banner_image` (`banner_image_id`, `banner_id`, `language_id`, `title`, `description`, `link`, `image`, `sort_order`) VALUES ('330', '9', '2', 'слайд2', '', 'index.php?route=product/product&amp;path=20_26_61&amp;product_id=72', 'catalog/001.jpg', '0');
INSERT INTO `PREFIX_DB_banner_image` (`banner_image_id`, `banner_id`, `language_id`, `title`, `description`, `link`, `image`, `sort_order`) VALUES ('331', '9', '2', 'слайд1', '', 'index.php?route=product/product&amp;path=88_91_95&amp;product_id=63', 'catalog/277202_homepage.jpg.adapt.1920_600.false.false.false.false.jpg', '0');
INSERT INTO `PREFIX_DB_banner_image` (`banner_image_id`, `banner_id`, `language_id`, `title`, `description`, `link`, `image`, `sort_order`) VALUES ('349', '13', '1', '11111111111', '&lt;a class=&quot;btn btn-bannerright1&quot; href=&quot;mp3-pleeri/ipod-shuffle&quot; role=&quot;button&quot;&gt;Смотреть&lt;/a&gt;', '', 'catalog/img_mail/lg-v20-official-banner.jpg', '0');
INSERT INTO `PREFIX_DB_banner_image` (`banner_image_id`, `banner_id`, `language_id`, `title`, `description`, `link`, `image`, `sort_order`) VALUES ('358', '14', '1', '22222222', '&lt;a class=&quot;btn btn-bannerright1&quot; href=&quot;mp3-pleeri/ipod-shuffle&quot; role=&quot;button&quot;&gt;Смотреть&lt;/a&gt;', '', 'catalog/img_mail/HTC_10.jpg', '0');
INSERT INTO `PREFIX_DB_banner_image` (`banner_image_id`, `banner_id`, `language_id`, `title`, `description`, `link`, `image`, `sort_order`) VALUES ('355', '15', '1', 'Слайдер слева', '&lt;div class=&quot;text-slider1 ef-slider1&quot;&gt;Новая линейка&lt;/div&gt;&lt;div class=&quot;text-slider2 ef-slider2&quot;&gt;Производительных планшетов&lt;/div&gt;&lt;div class=&quot;text-slider3 ef-slider3&quot;&gt;популярных брендов по доступным ценам&lt;/div&gt;&lt;div class=&quot;text-slider4 ef-slider4&quot;&gt;&lt;a class=&quot;btn-slider&quot; href=&quot;index.php?route=product/product&amp;path=88_91_95&amp;product_id=63&quot; role=&quot;button&quot;&gt;Подробнее&lt;/a&gt;&lt;/div&gt;', '', 'catalog/img_mail/bann_newleft1.jpg', '0');
INSERT INTO `PREFIX_DB_banner_image` (`banner_image_id`, `banner_id`, `language_id`, `title`, `description`, `link`, `image`, `sort_order`) VALUES ('350', '13', '2', '1111111', '', '', 'catalog/img_mail/pikniksprava-493x332.jpg', '0');
INSERT INTO `PREFIX_DB_banner_image` (`banner_image_id`, `banner_id`, `language_id`, `title`, `description`, `link`, `image`, `sort_order`) VALUES ('359', '14', '2', '222222222222222', '', '', 'catalog/img_mail/pikniksprava-493x332.jpg', '0');
INSERT INTO `PREFIX_DB_banner_image` (`banner_image_id`, `banner_id`, `language_id`, `title`, `description`, `link`, `image`, `sort_order`) VALUES ('356', '15', '1', 'Слайдер слева2', '&lt;div class=&quot;text-slider1 ef-slider1&quot;&gt;Новая линейка&lt;/div&gt;&lt;div class=&quot;text-slider2 ef-slider2&quot;&gt;Производительных планшетов&lt;/div&gt;&lt;div class=&quot;text-slider3 ef-slider3&quot;&gt;популярных брендов по доступным ценам&lt;/div&gt;&lt;div class=&quot;text-slider4 ef-slider4&quot;&gt;&lt;a class=&quot;btn-slider&quot; href=&quot;index.php?route=product/product&amp;path=88_91_95&amp;product_id=63&quot; role=&quot;button&quot;&gt;Подробнее&lt;/a&gt;&lt;/div&gt;', '', 'catalog/img_mail/slajdersajt-750x501.jpg', '10');
INSERT INTO `PREFIX_DB_banner_image` (`banner_image_id`, `banner_id`, `language_id`, `title`, `description`, `link`, `image`, `sort_order`) VALUES ('357', '15', '2', 'Слайдер слева', '', '', 'catalog/img_mail/slajdersajt-750x501.jpg', '0');




TRUNCATE TABLE `PREFIX_DB_category`;

INSERT INTO `PREFIX_DB_category` (`category_id`, `image`, `parent_id`, `top`, `column`, `sort_order`, `status`, `date_added`, `date_modified`) VALUES ('76', 'catalog/category/ Monitors, TVs/monitors/21-23/hp_23_z23n_m2j79a4_.jpg', '72', '0', '1', '0', '1', '2017-03-03 13:29:08', '2017-03-09 15:26:13');
INSERT INTO `PREFIX_DB_category` (`category_id`, `image`, `parent_id`, `top`, `column`, `sort_order`, `status`, `date_added`, `date_modified`) VALUES ('20', 'catalog/category/Telephones/apple_iphone_7_plus_256gb_black_5.jpg', '0', '1', '2', '1', '1', '2009-01-05 21:49:43', '2017-03-15 10:22:17');
INSERT INTO `PREFIX_DB_category` (`category_id`, `image`, `parent_id`, `top`, `column`, `sort_order`, `status`, `date_added`, `date_modified`) VALUES ('73', 'catalog/category/ Monitors, TVs/TV/ue60ks7000_476708750713.jpg', '71', '0', '1', '0', '1', '2017-03-03 13:27:40', '2017-03-15 10:20:26');
INSERT INTO `PREFIX_DB_category` (`category_id`, `image`, `parent_id`, `top`, `column`, `sort_order`, `status`, `date_added`, `date_modified`) VALUES ('74', 'catalog/category/ Monitors, TVs/accessories/5-TV-accessoriesv2.jpg', '71', '0', '1', '2', '1', '2017-03-03 13:28:01', '2017-03-15 10:20:46');
INSERT INTO `PREFIX_DB_category` (`category_id`, `image`, `parent_id`, `top`, `column`, `sort_order`, `status`, `date_added`, `date_modified`) VALUES ('75', 'catalog/category/ Monitors, TVs/monitors/less 20/210-afpd_1.jpg', '72', '0', '1', '0', '1', '2017-03-03 13:28:42', '2017-03-09 15:26:31');
INSERT INTO `PREFIX_DB_category` (`category_id`, `image`, `parent_id`, `top`, `column`, `sort_order`, `status`, `date_added`, `date_modified`) VALUES ('26', 'catalog/category/Telephones/Smartphones/Apple/apple_iphone_7_32gb_black_4.jpg', '20', '0', '0', '0', '1', '2009-01-31 01:55:14', '2017-03-15 10:20:05');
INSERT INTO `PREFIX_DB_category` (`category_id`, `image`, `parent_id`, `top`, `column`, `sort_order`, `status`, `date_added`, `date_modified`) VALUES ('80', 'catalog/category/ Monitors, TVs/TV/4k ultra/sony_kd65xd9305br2.jpg', '73', '0', '1', '0', '1', '2017-03-03 13:59:13', '2017-03-09 15:25:20');
INSERT INTO `PREFIX_DB_category` (`category_id`, `image`, `parent_id`, `top`, `column`, `sort_order`, `status`, `date_added`, `date_modified`) VALUES ('79', 'catalog/category/ Monitors, TVs/TV/smart Tv/sony_kd75xd9405br2.jpg', '73', '0', '1', '0', '1', '2017-03-03 13:58:50', '2017-03-09 15:25:29');
INSERT INTO `PREFIX_DB_category` (`category_id`, `image`, `parent_id`, `top`, `column`, `sort_order`, `status`, `date_added`, `date_modified`) VALUES ('78', 'catalog/category/ Monitors, TVs/monitors/more 29/benq_pd3200q_1.jpg', '72', '0', '1', '0', '1', '2017-03-03 13:30:15', '2017-03-09 15:26:39');
INSERT INTO `PREFIX_DB_category` (`category_id`, `image`, `parent_id`, `top`, `column`, `sort_order`, `status`, `date_added`, `date_modified`) VALUES ('77', 'catalog/category/ Monitors, TVs/monitors/23.6-28/i_1__50.jpg', '72', '0', '1', '0', '1', '2017-03-03 13:29:54', '2017-03-09 15:26:22');
INSERT INTO `PREFIX_DB_category` (`category_id`, `image`, `parent_id`, `top`, `column`, `sort_order`, `status`, `date_added`, `date_modified`) VALUES ('72', 'catalog/category/ Monitors, TVs/monitors/more 29/asus_pg348q_90lm02a0-b01370_ (1).jpg', '71', '0', '1', '1', '1', '2017-03-03 13:27:13', '2017-03-15 10:20:36');
INSERT INTO `PREFIX_DB_category` (`category_id`, `image`, `parent_id`, `top`, `column`, `sort_order`, `status`, `date_added`, `date_modified`) VALUES ('59', 'catalog/category/Telephones/accessories/410737678_4_261x203_ofigennyy-chehol-bamper-xiaomi-redmi-2-3s-pro-mi3-mi4i-mi5-note-3pro-4-elektronika_rev007.jpg', '20', '0', '1', '2', '1', '2017-03-03 13:14:15', '2017-03-15 10:20:15');
INSERT INTO `PREFIX_DB_category` (`category_id`, `image`, `parent_id`, `top`, `column`, `sort_order`, `status`, `date_added`, `date_modified`) VALUES ('60', 'catalog/category/Telephones/Smartphones/Apple/apple_iphone_7_32gb_black_4.jpg', '26', '0', '1', '0', '1', '2017-03-03 13:17:02', '2017-03-09 15:02:31');
INSERT INTO `PREFIX_DB_category` (`category_id`, `image`, `parent_id`, `top`, `column`, `sort_order`, `status`, `date_added`, `date_modified`) VALUES ('71', 'catalog/category/ Monitors, TVs/sony_kd55xd8005br2_1.jpg', '0', '1', '3', '2', '1', '2017-03-03 13:25:01', '2017-03-15 10:18:42');
INSERT INTO `PREFIX_DB_category` (`category_id`, `image`, `parent_id`, `top`, `column`, `sort_order`, `status`, `date_added`, `date_modified`) VALUES ('70', 'catalog/category/Telephones/accessories/Holders/kit_claw_universal_holclawkt_1.jpg', '59', '0', '1', '0', '1', '2017-03-03 13:21:24', '2017-03-09 15:04:06');
INSERT INTO `PREFIX_DB_category` (`category_id`, `image`, `parent_id`, `top`, `column`, `sort_order`, `status`, `date_added`, `date_modified`) VALUES ('69', 'catalog/category/Telephones/accessories/Cases/samsung_samsun.jpg', '59', '0', '1', '0', '1', '2017-03-03 13:21:05', '2017-03-09 15:04:32');
INSERT INTO `PREFIX_DB_category` (`category_id`, `image`, `parent_id`, `top`, `column`, `sort_order`, `status`, `date_added`, `date_modified`) VALUES ('68', 'catalog/category/Telephones/accessories/Charging device/belkin_f8j071bt04-blk.jpg', '59', '0', '1', '0', '1', '2017-03-03 13:20:44', '2017-03-09 15:04:14');
INSERT INTO `PREFIX_DB_category` (`category_id`, `image`, `parent_id`, `top`, `column`, `sort_order`, `status`, `date_added`, `date_modified`) VALUES ('67', 'catalog/category/Telephones/accessories/Bluetooth/samsung_eo-mg920bbegru_black_001.jpg', '59', '0', '1', '0', '1', '2017-03-03 13:20:23', '2017-03-09 15:03:57');
INSERT INTO `PREFIX_DB_category` (`category_id`, `image`, `parent_id`, `top`, `column`, `sort_order`, `status`, `date_added`, `date_modified`) VALUES ('81', 'catalog/category/ Monitors, TVs/TV/curved/lg_86uh955v_1.jpg', '73', '0', '1', '0', '1', '2017-03-03 13:59:37', '2017-03-09 15:25:38');
INSERT INTO `PREFIX_DB_category` (`category_id`, `image`, `parent_id`, `top`, `column`, `sort_order`, `status`, `date_added`, `date_modified`) VALUES ('63', 'catalog/category/Telephones/Smartphones/Meizu/meizu_m3s_32gb_y685h_grey_2_.jpg', '26', '0', '1', '0', '1', '2017-03-03 13:18:05', '2017-03-09 15:02:56');
INSERT INTO `PREFIX_DB_category` (`category_id`, `image`, `parent_id`, `top`, `column`, `sort_order`, `status`, `date_added`, `date_modified`) VALUES ('62', 'catalog/category/Telephones/Smartphones/HTC/htc_desire_630_ds_dark_g5.jpg', '26', '0', '1', '0', '1', '2017-03-03 13:17:48', '2017-03-09 15:02:48');
INSERT INTO `PREFIX_DB_category` (`category_id`, `image`, `parent_id`, `top`, `column`, `sort_order`, `status`, `date_added`, `date_modified`) VALUES ('61', 'catalog/category/Telephones/Smartphones/Asus/ze520kl-1a004ww.jpg', '26', '0', '1', '0', '1', '2017-03-03 13:17:21', '2017-03-09 15:02:39');
INSERT INTO `PREFIX_DB_category` (`category_id`, `image`, `parent_id`, `top`, `column`, `sort_order`, `status`, `date_added`, `date_modified`) VALUES ('82', 'catalog/category/ Monitors, TVs/TV/wi-fi/lg_oled55b6v.jpg', '73', '0', '1', '0', '1', '2017-03-03 13:59:54', '2017-03-09 15:25:49');
INSERT INTO `PREFIX_DB_category` (`category_id`, `image`, `parent_id`, `top`, `column`, `sort_order`, `status`, `date_added`, `date_modified`) VALUES ('83', 'catalog/category/ Monitors, TVs/accessories/TV Receivers/151650.jpg', '74', '0', '1', '0', '1', '2017-03-03 14:00:37', '2017-03-09 15:27:05');
INSERT INTO `PREFIX_DB_category` (`category_id`, `image`, `parent_id`, `top`, `column`, `sort_order`, `status`, `date_added`, `date_modified`) VALUES ('84', 'catalog/category/ Monitors, TVs/accessories/ TV Mounts/vogels_w52070_black_1.jpg', '74', '0', '1', '0', '1', '2017-03-03 14:00:59', '2017-03-09 15:26:56');
INSERT INTO `PREFIX_DB_category` (`category_id`, `image`, `parent_id`, `top`, `column`, `sort_order`, `status`, `date_added`, `date_modified`) VALUES ('85', 'catalog/category/ Monitors, TVs/accessories/ Universal remote controls/siri_mg2q2zm.jpg', '74', '0', '1', '0', '1', '2017-03-03 14:01:28', '2017-03-09 15:27:12');
INSERT INTO `PREFIX_DB_category` (`category_id`, `image`, `parent_id`, `top`, `column`, `sort_order`, `status`, `date_added`, `date_modified`) VALUES ('87', 'catalog/category/Telephones/accessories/Smart Watches/xiaomi_amazfit_sport_smartwatch_black_1.jpg', '59', '0', '1', '0', '1', '2017-03-03 14:04:22', '2017-03-09 15:04:23');
INSERT INTO `PREFIX_DB_category` (`category_id`, `image`, `parent_id`, `top`, `column`, `sort_order`, `status`, `date_added`, `date_modified`) VALUES ('88', 'catalog/category/laptops/apple_macbook_PREFIX_DB_13.3_retina_z0qm0024d_3_.jpg', '0', '1', '3', '0', '1', '2017-03-03 14:05:18', '2017-03-15 10:17:50');
INSERT INTO `PREFIX_DB_category` (`category_id`, `image`, `parent_id`, `top`, `column`, `sort_order`, `status`, `date_added`, `date_modified`) VALUES ('89', 'catalog/category/laptops/netbook/netbook.jpg', '88', '0', '1', '2', '1', '2017-03-03 14:05:36', '2017-03-15 10:21:15');
INSERT INTO `PREFIX_DB_category` (`category_id`, `image`, `parent_id`, `top`, `column`, `sort_order`, `status`, `date_added`, `date_modified`) VALUES ('90', 'catalog/category/laptops/Lightweight and thin/apple_macbook_mf865ua_4.jpg', '88', '0', '1', '0', '1', '2017-03-03 14:05:57', '2017-03-15 09:43:19');
INSERT INTO `PREFIX_DB_category` (`category_id`, `image`, `parent_id`, `top`, `column`, `sort_order`, `status`, `date_added`, `date_modified`) VALUES ('91', 'catalog/category/laptops/gaming notebook/Video nVidia/u0206969_2big.jpg', '88', '0', '1', '1', '1', '2017-03-03 14:06:20', '2017-03-15 10:21:04');
INSERT INTO `PREFIX_DB_category` (`category_id`, `image`, `parent_id`, `top`, `column`, `sort_order`, `status`, `date_added`, `date_modified`) VALUES ('92', 'catalog/category/laptops/gaming notebook/processors Intel/asus_gl502vs-gz239t_black_7_.jpg', '91', '0', '1', '0', '1', '2017-03-03 14:08:08', '2017-03-09 14:54:10');
INSERT INTO `PREFIX_DB_category` (`category_id`, `image`, `parent_id`, `top`, `column`, `sort_order`, `status`, `date_added`, `date_modified`) VALUES ('93', 'catalog/category/laptops/gaming notebook/processors AMD/lenovo-laptop-ideapad-500-15-front_1_1.jpg', '91', '0', '1', '0', '1', '2017-03-03 14:09:21', '2017-03-09 14:53:59');
INSERT INTO `PREFIX_DB_category` (`category_id`, `image`, `parent_id`, `top`, `column`, `sort_order`, `status`, `date_added`, `date_modified`) VALUES ('94', 'catalog/category/laptops/gaming notebook/Video Radeon/dell_latitude_e5570_1_1_1.jpg', '91', '0', '1', '0', '1', '2017-03-03 14:10:19', '2017-03-09 14:54:30');
INSERT INTO `PREFIX_DB_category` (`category_id`, `image`, `parent_id`, `top`, `column`, `sort_order`, `status`, `date_added`, `date_modified`) VALUES ('95', 'catalog/category/laptops/gaming notebook/Video nVidia/hp_zbook_studio_m6v79av_1.jpg', '91', '0', '1', '0', '1', '2017-03-03 14:10:50', '2017-03-09 14:54:20');
INSERT INTO `PREFIX_DB_category` (`category_id`, `image`, `parent_id`, `top`, `column`, `sort_order`, `status`, `date_added`, `date_modified`) VALUES ('96', 'catalog/category/laptops/Lightweight and thin/Tranformery/samsung-chromebook-pro.png', '90', '0', '1', '0', '1', '2017-03-03 14:11:49', '2017-03-09 14:53:09');
INSERT INTO `PREFIX_DB_category` (`category_id`, `image`, `parent_id`, `top`, `column`, `sort_order`, `status`, `date_added`, `date_modified`) VALUES ('97', 'catalog/category/laptops/Lightweight and thin/15-15.6/asus_zenbook_3_1_1.jpg', '90', '0', '1', '0', '1', '2017-03-03 14:12:44', '2017-03-09 14:53:20');
INSERT INTO `PREFIX_DB_category` (`category_id`, `image`, `parent_id`, `top`, `column`, `sort_order`, `status`, `date_added`, `date_modified`) VALUES ('98', 'catalog/category/laptops/Lightweight and thin/16-17/apple_macbook.jpg', '90', '0', '1', '0', '1', '2017-03-03 14:13:05', '2017-03-09 14:52:56');
INSERT INTO `PREFIX_DB_category` (`category_id`, `image`, `parent_id`, `top`, `column`, `sort_order`, `status`, `date_added`, `date_modified`) VALUES ('99', 'catalog/category/laptops/netbook/For simple tasks/hp-mini2140.jpg', '89', '0', '1', '0', '1', '2017-03-03 14:13:33', '2017-03-09 14:55:00');
INSERT INTO `PREFIX_DB_category` (`category_id`, `image`, `parent_id`, `top`, `column`, `sort_order`, `status`, `date_added`, `date_modified`) VALUES ('100', 'catalog/category/laptops/netbook/For work or school/acer_aspire_one_ao756_887bsss_02.jpg', '89', '0', '1', '0', '1', '2017-03-03 14:13:51', '2017-03-09 14:55:09');
INSERT INTO `PREFIX_DB_category` (`category_id`, `image`, `parent_id`, `top`, `column`, `sort_order`, `status`, `date_added`, `date_modified`) VALUES ('101', 'catalog/category/laptops/netbook/For business/117801.jpg', '89', '0', '1', '0', '1', '2017-03-03 14:14:20', '2017-03-09 14:54:50');


TRUNCATE TABLE `PREFIX_DB_category_description`;

INSERT INTO `PREFIX_DB_category_description` (`category_id`, `language_id`, `name`, `description`, `meta_title`, `meta_h1`, `meta_description`, `meta_keyword`) VALUES ('20', '2', 'Telephones', '&lt;p&gt;Example of category description text&lt;/p&gt;', 'Example of category description', '', '', '');
INSERT INTO `PREFIX_DB_category_description` (`category_id`, `language_id`, `name`, `description`, `meta_title`, `meta_h1`, `meta_description`, `meta_keyword`) VALUES ('20', '1', 'Телефоны', '&lt;p&gt;Без мобильного телефона с нашим бешеным темпом жизни сложно обойтись. Чтобы везде успеть, все помнить и быть всегда на связи, достаточно приобрести хотя бы бюджетную модель. Мобильные телефоны оснащены набором всех необходимых человеку функций. Это будильник, календарь с планировщиком, мультимедийный проигрыватель, радио, различные приложения, таймер, калькулятор, конвертер. Некоторые модели заменяют современный зеркальный фотоаппарат и видеокамеру, а так же &amp;nbsp;имеют возможность выхода в интернет (хотя, конечно, полного доступа ко всем возможностям Сети, как смартфон, они не дают).&lt;/p&gt;', 'H1 заголовок Комьпютеров', '', '', '');
INSERT INTO `PREFIX_DB_category_description` (`category_id`, `language_id`, `name`, `description`, `meta_title`, `meta_h1`, `meta_description`, `meta_keyword`) VALUES ('77', '1', '23.6&quot;-28&quot;', '&lt;p align=&quot;justify&quot;&gt;Еще каких-то пару десятков лет назад выбор телевизора ограничивался минимумом моделей. В квартирах наших сограждан преобладали телевизоры «Электрон» и «Березка», с диагональю 51 или 61 см. Импортные телевизоры&amp;nbsp; встречались достаточно редко и для многих были недоступны ввиду высокой стоимости. На сегодняшний день ситуация выглядит кардинально иным образом. Телевизоры представлены на рынке широчайшим ассортиментом моделей и марок. Современные телевизоры разнятся диагональю, классом, разрешением экрана и массой других параметров. &lt;br&gt;&lt;/p&gt;', '', '', '', '');
INSERT INTO `PREFIX_DB_category_description` (`category_id`, `language_id`, `name`, `description`, `meta_title`, `meta_h1`, `meta_description`, `meta_keyword`) VALUES ('59', '2', 'accessories', '', '', '', '', '');
INSERT INTO `PREFIX_DB_category_description` (`category_id`, `language_id`, `name`, `description`, `meta_title`, `meta_h1`, `meta_description`, `meta_keyword`) VALUES ('60', '1', 'Apple', '&lt;p align=&quot;justify&quot;&gt;Без мобильного телефона с нашим бешеным темпом жизни сложно обойтись. Чтобы везде успеть, все помнить и быть всегда на связи, достаточно приобрести хотя бы бюджетную модель. Мобильные телефоны оснащены набором всех необходимых человеку функций. Это будильник, календарь с планировщиком, мультимедийный проигрыватель, радио, различные приложения, таймер, калькулятор, конвертер. Некоторые модели заменяют современный зеркальный фотоаппарат и видеокамеру, а так же &amp;nbsp;имеют возможность выхода в интернет (хотя, конечно, полного доступа ко всем возможностям Сети, как смартфон, они не дают). &lt;br&gt;&lt;/p&gt;', '', '', '', '');
INSERT INTO `PREFIX_DB_category_description` (`category_id`, `language_id`, `name`, `description`, `meta_title`, `meta_h1`, `meta_description`, `meta_keyword`) VALUES ('61', '1', 'Asus', '&lt;p align=&quot;justify&quot;&gt;Без мобильного телефона с нашим бешеным темпом жизни сложно обойтись. Чтобы везде успеть, все помнить и быть всегда на связи, достаточно приобрести хотя бы бюджетную модель. Мобильные телефоны оснащены набором всех необходимых человеку функций. Это будильник, календарь с планировщиком, мультимедийный проигрыватель, радио, различные приложения, таймер, калькулятор, конвертер. Некоторые модели заменяют современный зеркальный фотоаппарат и видеокамеру, а так же &amp;nbsp;имеют возможность выхода в интернет (хотя, конечно, полного доступа ко всем возможностям Сети, как смартфон, они не дают). &lt;br&gt;&lt;/p&gt;', '', '', '', '');
INSERT INTO `PREFIX_DB_category_description` (`category_id`, `language_id`, `name`, `description`, `meta_title`, `meta_h1`, `meta_description`, `meta_keyword`) VALUES ('62', '1', 'HTC', '&lt;p align=&quot;justify&quot;&gt;Без мобильного телефона с нашим бешеным темпом жизни сложно обойтись. Чтобы везде успеть, все помнить и быть всегда на связи, достаточно приобрести хотя бы бюджетную модель. Мобильные телефоны оснащены набором всех необходимых человеку функций. Это будильник, календарь с планировщиком, мультимедийный проигрыватель, радио, различные приложения, таймер, калькулятор, конвертер. Некоторые модели заменяют современный зеркальный фотоаппарат и видеокамеру, а так же &amp;nbsp;имеют возможность выхода в интернет (хотя, конечно, полного доступа ко всем возможностям Сети, как смартфон, они не дают). &lt;br&gt;&lt;/p&gt;', '', '', '', '');
INSERT INTO `PREFIX_DB_category_description` (`category_id`, `language_id`, `name`, `description`, `meta_title`, `meta_h1`, `meta_description`, `meta_keyword`) VALUES ('63', '1', 'Meizu', '&lt;p align=&quot;justify&quot;&gt;Без мобильного телефона с нашим бешеным темпом жизни сложно обойтись. Чтобы везде успеть, все помнить и быть всегда на связи, достаточно приобрести хотя бы бюджетную модель. Мобильные телефоны оснащены набором всех необходимых человеку функций. Это будильник, календарь с планировщиком, мультимедийный проигрыватель, радио, различные приложения, таймер, калькулятор, конвертер. Некоторые модели заменяют современный зеркальный фотоаппарат и видеокамеру, а так же &amp;nbsp;имеют возможность выхода в интернет (хотя, конечно, полного доступа ко всем возможностям Сети, как смартфон, они не дают). &lt;br&gt;&lt;/p&gt;', '', '', '', '');
INSERT INTO `PREFIX_DB_category_description` (`category_id`, `language_id`, `name`, `description`, `meta_title`, `meta_h1`, `meta_description`, `meta_keyword`) VALUES ('67', '1', 'Bluetooth-гарнитура', '&lt;p align=&quot;justify&quot;&gt;Без мобильного телефона с нашим бешеным темпом жизни сложно обойтись. Чтобы везде успеть, все помнить и быть всегда на связи, достаточно приобрести хотя бы бюджетную модель. Мобильные телефоны оснащены набором всех необходимых человеку функций. Это будильник, календарь с планировщиком, мультимедийный проигрыватель, радио, различные приложения, таймер, калькулятор, конвертер. Некоторые модели заменяют современный зеркальный фотоаппарат и видеокамеру, а так же &amp;nbsp;имеют возможность выхода в интернет (хотя, конечно, полного доступа ко всем возможностям Сети, как смартфон, они не дают). &lt;br&gt;&lt;/p&gt;', '', '', '', '');
INSERT INTO `PREFIX_DB_category_description` (`category_id`, `language_id`, `name`, `description`, `meta_title`, `meta_h1`, `meta_description`, `meta_keyword`) VALUES ('68', '1', 'Зарядные устройства', '&lt;p align=&quot;justify&quot;&gt;Без мобильного телефона с нашим бешеным темпом жизни сложно обойтись. Чтобы везде успеть, все помнить и быть всегда на связи, достаточно приобрести хотя бы бюджетную модель. Мобильные телефоны оснащены набором всех необходимых человеку функций. Это будильник, календарь с планировщиком, мультимедийный проигрыватель, радио, различные приложения, таймер, калькулятор, конвертер. Некоторые модели заменяют современный зеркальный фотоаппарат и видеокамеру, а так же &amp;nbsp;имеют возможность выхода в интернет (хотя, конечно, полного доступа ко всем возможностям Сети, как смартфон, они не дают). &lt;br&gt;&lt;/p&gt;', '', '', '', '');
INSERT INTO `PREFIX_DB_category_description` (`category_id`, `language_id`, `name`, `description`, `meta_title`, `meta_h1`, `meta_description`, `meta_keyword`) VALUES ('69', '1', 'Чехлы и сумки', '&lt;p align=&quot;justify&quot;&gt;Без мобильного телефона с нашим бешеным темпом жизни сложно обойтись. Чтобы везде успеть, все помнить и быть всегда на связи, достаточно приобрести хотя бы бюджетную модель. Мобильные телефоны оснащены набором всех необходимых человеку функций. Это будильник, календарь с планировщиком, мультимедийный проигрыватель, радио, различные приложения, таймер, калькулятор, конвертер. Некоторые модели заменяют современный зеркальный фотоаппарат и видеокамеру, а так же &amp;nbsp;имеют возможность выхода в интернет (хотя, конечно, полного доступа ко всем возможностям Сети, как смартфон, они не дают). &lt;br&gt;&lt;/p&gt;', '', '', '', '');
INSERT INTO `PREFIX_DB_category_description` (`category_id`, `language_id`, `name`, `description`, `meta_title`, `meta_h1`, `meta_description`, `meta_keyword`) VALUES ('70', '1', 'Держатели', '&lt;p align=&quot;justify&quot;&gt;Без мобильного телефона с нашим бешеным темпом жизни сложно обойтись. Чтобы везде успеть, все помнить и быть всегда на связи, достаточно приобрести хотя бы бюджетную модель. Мобильные телефоны оснащены набором всех необходимых человеку функций. Это будильник, календарь с планировщиком, мультимедийный проигрыватель, радио, различные приложения, таймер, калькулятор, конвертер. Некоторые модели заменяют современный зеркальный фотоаппарат и видеокамеру, а так же &amp;nbsp;имеют возможность выхода в интернет (хотя, конечно, полного доступа ко всем возможностям Сети, как смартфон, они не дают). &lt;br&gt;&lt;/p&gt;', '', '', '', '');
INSERT INTO `PREFIX_DB_category_description` (`category_id`, `language_id`, `name`, `description`, `meta_title`, `meta_h1`, `meta_description`, `meta_keyword`) VALUES ('76', '1', '21&quot;-23&quot;', '&lt;p align=&quot;justify&quot;&gt;Еще каких-то пару десятков лет назад выбор телевизора ограничивался минимумом моделей. В квартирах наших сограждан преобладали телевизоры «Электрон» и «Березка», с диагональю 51 или 61 см. Импортные телевизоры&amp;nbsp; встречались достаточно редко и для многих были недоступны ввиду высокой стоимости. На сегодняшний день ситуация выглядит кардинально иным образом. Телевизоры представлены на рынке широчайшим ассортиментом моделей и марок. Современные телевизоры разнятся диагональю, классом, разрешением экрана и массой других параметров. &lt;br&gt;&lt;/p&gt;', '', '', '', '');
INSERT INTO `PREFIX_DB_category_description` (`category_id`, `language_id`, `name`, `description`, `meta_title`, `meta_h1`, `meta_description`, `meta_keyword`) VALUES ('75', '1', 'До 20&quot;', '&lt;p align=&quot;justify&quot;&gt;Еще каких-то пару десятков лет назад выбор телевизора ограничивался минимумом моделей. В квартирах наших сограждан преобладали телевизоры «Электрон» и «Березка», с диагональю 51 или 61 см. Импортные телевизоры&amp;nbsp; встречались достаточно редко и для многих были недоступны ввиду высокой стоимости. На сегодняшний день ситуация выглядит кардинально иным образом. Телевизоры представлены на рынке широчайшим ассортиментом моделей и марок. Современные телевизоры разнятся диагональю, классом, разрешением экрана и массой других параметров. &lt;br&gt;&lt;/p&gt;', '', '', '', '');
INSERT INTO `PREFIX_DB_category_description` (`category_id`, `language_id`, `name`, `description`, `meta_title`, `meta_h1`, `meta_description`, `meta_keyword`) VALUES ('72', '2', 'monitors', '', '', '', '', '');
INSERT INTO `PREFIX_DB_category_description` (`category_id`, `language_id`, `name`, `description`, `meta_title`, `meta_h1`, `meta_description`, `meta_keyword`) VALUES ('73', '2', 'TV', '', '', '', '', '');
INSERT INTO `PREFIX_DB_category_description` (`category_id`, `language_id`, `name`, `description`, `meta_title`, `meta_h1`, `meta_description`, `meta_keyword`) VALUES ('74', '2', 'accessories', '', '', '', '', '');
INSERT INTO `PREFIX_DB_category_description` (`category_id`, `language_id`, `name`, `description`, `meta_title`, `meta_h1`, `meta_description`, `meta_keyword`) VALUES ('78', '1', 'От 29&quot;', '&lt;p align=&quot;justify&quot;&gt;Еще каких-то пару десятков лет назад выбор телевизора ограничивался минимумом моделей. В квартирах наших сограждан преобладали телевизоры «Электрон» и «Березка», с диагональю 51 или 61 см. Импортные телевизоры&amp;nbsp; встречались достаточно редко и для многих были недоступны ввиду высокой стоимости. На сегодняшний день ситуация выглядит кардинально иным образом. Телевизоры представлены на рынке широчайшим ассортиментом моделей и марок. Современные телевизоры разнятся диагональю, классом, разрешением экрана и массой других параметров. &lt;br&gt;&lt;/p&gt;', '', '', '', '');
INSERT INTO `PREFIX_DB_category_description` (`category_id`, `language_id`, `name`, `description`, `meta_title`, `meta_h1`, `meta_description`, `meta_keyword`) VALUES ('79', '1', 'Smart TV', '&lt;p align=&quot;justify&quot;&gt;Еще каких-то пару десятков лет назад выбор телевизора ограничивался минимумом моделей. В квартирах наших сограждан преобладали телевизоры «Электрон» и «Березка», с диагональю 51 или 61 см. Импортные телевизоры&amp;nbsp; встречались достаточно редко и для многих были недоступны ввиду высокой стоимости. На сегодняшний день ситуация выглядит кардинально иным образом. Телевизоры представлены на рынке широчайшим ассортиментом моделей и марок. Современные телевизоры разнятся диагональю, классом, разрешением экрана и массой других параметров. &lt;br&gt;&lt;/p&gt;', '', '', '', '');
INSERT INTO `PREFIX_DB_category_description` (`category_id`, `language_id`, `name`, `description`, `meta_title`, `meta_h1`, `meta_description`, `meta_keyword`) VALUES ('80', '1', '4K Ultra HD', '&lt;p align=&quot;justify&quot;&gt;Еще каких-то пару десятков лет назад выбор телевизора ограничивался минимумом моделей. В квартирах наших сограждан преобладали телевизоры «Электрон» и «Березка», с диагональю 51 или 61 см. Импортные телевизоры&amp;nbsp; встречались достаточно редко и для многих были недоступны ввиду высокой стоимости. На сегодняшний день ситуация выглядит кардинально иным образом. Телевизоры представлены на рынке широчайшим ассортиментом моделей и марок. Современные телевизоры разнятся диагональю, классом, разрешением экрана и массой других параметров. &lt;br&gt;&lt;/p&gt;', '', '', '', '');
INSERT INTO `PREFIX_DB_category_description` (`category_id`, `language_id`, `name`, `description`, `meta_title`, `meta_h1`, `meta_description`, `meta_keyword`) VALUES ('81', '1', 'Изогнутые', '&lt;p align=&quot;justify&quot;&gt;Еще каких-то пару десятков лет назад выбор телевизора ограничивался минимумом моделей. В квартирах наших сограждан преобладали телевизоры «Электрон» и «Березка», с диагональю 51 или 61 см. Импортные телевизоры&amp;nbsp; встречались достаточно редко и для многих были недоступны ввиду высокой стоимости. На сегодняшний день ситуация выглядит кардинально иным образом. Телевизоры представлены на рынке широчайшим ассортиментом моделей и марок. Современные телевизоры разнятся диагональю, классом, разрешением экрана и массой других параметров. &lt;br&gt;&lt;/p&gt;', '', '', '', '');
INSERT INTO `PREFIX_DB_category_description` (`category_id`, `language_id`, `name`, `description`, `meta_title`, `meta_h1`, `meta_description`, `meta_keyword`) VALUES ('82', '1', 'С Wi-fi', '&lt;p align=&quot;justify&quot;&gt;Еще каких-то пару десятков лет назад выбор телевизора ограничивался минимумом моделей. В квартирах наших сограждан преобладали телевизоры «Электрон» и «Березка», с диагональю 51 или 61 см. Импортные телевизоры&amp;nbsp; встречались достаточно редко и для многих были недоступны ввиду высокой стоимости. На сегодняшний день ситуация выглядит кардинально иным образом. Телевизоры представлены на рынке широчайшим ассортиментом моделей и марок. Современные телевизоры разнятся диагональю, классом, разрешением экрана и массой других параметров. &lt;br&gt;&lt;/p&gt;', '', '', '', '');
INSERT INTO `PREFIX_DB_category_description` (`category_id`, `language_id`, `name`, `description`, `meta_title`, `meta_h1`, `meta_description`, `meta_keyword`) VALUES ('83', '1', 'ТВ-внтенны и ресиверы', '&lt;p align=&quot;justify&quot;&gt;Еще каких-то пару десятков лет назад выбор телевизора ограничивался минимумом моделей. В квартирах наших сограждан преобладали телевизоры «Электрон» и «Березка», с диагональю 51 или 61 см. Импортные телевизоры&amp;nbsp; встречались достаточно редко и для многих были недоступны ввиду высокой стоимости. На сегодняшний день ситуация выглядит кардинально иным образом. Телевизоры представлены на рынке широчайшим ассортиментом моделей и марок. Современные телевизоры разнятся диагональю, классом, разрешением экрана и массой других параметров. &lt;br&gt;&lt;/p&gt;', '', '', '', '');
INSERT INTO `PREFIX_DB_category_description` (`category_id`, `language_id`, `name`, `description`, `meta_title`, `meta_h1`, `meta_description`, `meta_keyword`) VALUES ('84', '1', 'Крепления для ТВ', '&lt;p align=&quot;justify&quot;&gt;Еще каких-то пару десятков лет назад выбор телевизора ограничивался минимумом моделей. В квартирах наших сограждан преобладали телевизоры «Электрон» и «Березка», с диагональю 51 или 61 см. Импортные телевизоры&amp;nbsp; встречались достаточно редко и для многих были недоступны ввиду высокой стоимости. На сегодняшний день ситуация выглядит кардинально иным образом. Телевизоры представлены на рынке широчайшим ассортиментом моделей и марок. Современные телевизоры разнятся диагональю, классом, разрешением экрана и массой других параметров. &lt;br&gt;&lt;/p&gt;', '', '', '', '');
INSERT INTO `PREFIX_DB_category_description` (`category_id`, `language_id`, `name`, `description`, `meta_title`, `meta_h1`, `meta_description`, `meta_keyword`) VALUES ('85', '1', 'Универсальные пульты ДУ', '&lt;p align=&quot;justify&quot;&gt;Еще каких-то пару десятков лет назад выбор телевизора ограничивался минимумом моделей. В квартирах наших сограждан преобладали телевизоры «Электрон» и «Березка», с диагональю 51 или 61 см. Импортные телевизоры&amp;nbsp; встречались достаточно редко и для многих были недоступны ввиду высокой стоимости. На сегодняшний день ситуация выглядит кардинально иным образом. Телевизоры представлены на рынке широчайшим ассортиментом моделей и марок. Современные телевизоры разнятся диагональю, классом, разрешением экрана и массой других параметров. &lt;br&gt;&lt;/p&gt;', '', '', '', '');
INSERT INTO `PREFIX_DB_category_description` (`category_id`, `language_id`, `name`, `description`, `meta_title`, `meta_h1`, `meta_description`, `meta_keyword`) VALUES ('87', '1', 'Смарт-часы', '&lt;p align=&quot;justify&quot;&gt;Без мобильного телефона с нашим бешеным темпом жизни сложно обойтись. Чтобы везде успеть, все помнить и быть всегда на связи, достаточно приобрести хотя бы бюджетную модель. Мобильные телефоны оснащены набором всех необходимых человеку функций. Это будильник, календарь с планировщиком, мультимедийный проигрыватель, радио, различные приложения, таймер, калькулятор, конвертер. Некоторые модели заменяют современный зеркальный фотоаппарат и видеокамеру, а так же &amp;nbsp;имеют возможность выхода в интернет (хотя, конечно, полного доступа ко всем возможностям Сети, как смартфон, они не дают). &lt;br&gt;&lt;/p&gt;', '', '', '', '');
INSERT INTO `PREFIX_DB_category_description` (`category_id`, `language_id`, `name`, `description`, `meta_title`, `meta_h1`, `meta_description`, `meta_keyword`) VALUES ('26', '2', 'Smartphones', '', '', '', '', '');
INSERT INTO `PREFIX_DB_category_description` (`category_id`, `language_id`, `name`, `description`, `meta_title`, `meta_h1`, `meta_description`, `meta_keyword`) VALUES ('88', '2', ' laptops', '', '', '', '', '');
INSERT INTO `PREFIX_DB_category_description` (`category_id`, `language_id`, `name`, `description`, `meta_title`, `meta_h1`, `meta_description`, `meta_keyword`) VALUES ('89', '1', 'Нетбуки', 'Благодаря таким качествам, как мобильность и компактность, ноутбуки приобретают все большую популярность в среде компьютерных пользователей. Высокому спросу на ноутбукиспособствует множество факторов. Так, несмотря на небольшие размеры и вес, ноутбуки ничем не уступают настольным компьютерам. Мало того. Многие современные ноутбуки по ряду параметров превосходят стационарные аналоги. При этом цены на ноутбуки вполне доступны даже покупателям со средним уровнем достатка. На отечественном рынке ноутбуки представлены достаточно широким ассортиментом. В зависимости от поставленных целей можно купить ноутбук для учебы, работы либо для развлечений.', '', '', '', '');
INSERT INTO `PREFIX_DB_category_description` (`category_id`, `language_id`, `name`, `description`, `meta_title`, `meta_h1`, `meta_description`, `meta_keyword`) VALUES ('90', '1', 'Легкие и тонкие', '&lt;p&gt;Благодаря таким качествам, как мобильность и компактность, ноутбуки приобретают все большую популярность в среде компьютерных пользователей. Высокому спросу на ноутбуки способствует множество факторов. Так, несмотря на небольшие размеры и вес, ноутбуки ничем не уступают настольным компьютерам. Мало того. Многие современные ноутбуки по ряду параметров превосходят стационарные аналоги. При этом цены на ноутбуки вполне доступны даже покупателям со средним уровнем достатка. На отечественном рынке ноутбуки представлены достаточно широким ассортиментом. В зависимости от поставленных целей можно купить ноутбук для учебы, работы либо для развлечений.&lt;/p&gt;', '', '', '', '');
INSERT INTO `PREFIX_DB_category_description` (`category_id`, `language_id`, `name`, `description`, `meta_title`, `meta_h1`, `meta_description`, `meta_keyword`) VALUES ('90', '2', ' Lightweight and thin', '', '', '', '', '');
INSERT INTO `PREFIX_DB_category_description` (`category_id`, `language_id`, `name`, `description`, `meta_title`, `meta_h1`, `meta_description`, `meta_keyword`) VALUES ('91', '2', 'gaming notebook', '', '', '', '', '');
INSERT INTO `PREFIX_DB_category_description` (`category_id`, `language_id`, `name`, `description`, `meta_title`, `meta_h1`, `meta_description`, `meta_keyword`) VALUES ('91', '1', 'Геймерские ноутбуки', 'Благодаря таким качествам, как мобильность и компактность, ноутбуки приобретают все большую популярность в среде компьютерных пользователей. Высокому спросу на ноутбукиспособствует множество факторов. Так, несмотря на небольшие размеры и вес, ноутбуки ничем не уступают настольным компьютерам. Мало того. Многие современные ноутбуки по ряду параметров превосходят стационарные аналоги. При этом цены на ноутбуки вполне доступны даже покупателям со средним уровнем достатка. На отечественном рынке ноутбуки представлены достаточно широким ассортиментом. В зависимости от поставленных целей можно купить ноутбук для учебы, работы либо для развлечений.', '', '', '', '');
INSERT INTO `PREFIX_DB_category_description` (`category_id`, `language_id`, `name`, `description`, `meta_title`, `meta_h1`, `meta_description`, `meta_keyword`) VALUES ('89', '2', ' netbook', '', '', '', '', '');
INSERT INTO `PREFIX_DB_category_description` (`category_id`, `language_id`, `name`, `description`, `meta_title`, `meta_h1`, `meta_description`, `meta_keyword`) VALUES ('97', '2', '15&quot;-15.6&quot;', '', '', '', '', '');
INSERT INTO `PREFIX_DB_category_description` (`category_id`, `language_id`, `name`, `description`, `meta_title`, `meta_h1`, `meta_description`, `meta_keyword`) VALUES ('97', '1', '15&quot;-15.6&quot;', '&lt;p align=&quot;justify&quot;&gt;Благодаря таким качествам, как мобильность и компактность, ноутбуки приобретают все большую популярность в среде компьютерных пользователей. Высокому спросу на ноутбукиспособствует множество факторов. Так, несмотря на небольшие размеры и вес, ноутбуки ничем не уступают настольным компьютерам. Мало того. Многие современные ноутбуки по ряду параметров превосходят стационарные аналоги. При этом цены на ноутбуки вполне доступны даже покупателям со средним уровнем достатка. На отечественном рынке ноутбуки представлены достаточно широким ассортиментом. В зависимости от поставленных целей можно купить ноутбук для учебы, работы либо для развлечений. &lt;br&gt;&lt;/p&gt;', '', '', '', '');
INSERT INTO `PREFIX_DB_category_description` (`category_id`, `language_id`, `name`, `description`, `meta_title`, `meta_h1`, `meta_description`, `meta_keyword`) VALUES ('98', '2', '16&quot;-17&quot;', '', '', '', '', '');
INSERT INTO `PREFIX_DB_category_description` (`category_id`, `language_id`, `name`, `description`, `meta_title`, `meta_h1`, `meta_description`, `meta_keyword`) VALUES ('98', '1', '16&quot;-17&quot;', '&lt;p align=&quot;justify&quot;&gt;Благодаря таким качествам, как мобильность и компактность, ноутбуки приобретают все большую популярность в среде компьютерных пользователей. Высокому спросу на ноутбукиспособствует множество факторов. Так, несмотря на небольшие размеры и вес, ноутбуки ничем не уступают настольным компьютерам. Мало того. Многие современные ноутбуки по ряду параметров превосходят стационарные аналоги. При этом цены на ноутбуки вполне доступны даже покупателям со средним уровнем достатка. На отечественном рынке ноутбуки представлены достаточно широким ассортиментом. В зависимости от поставленных целей можно купить ноутбук для учебы, работы либо для развлечений. &lt;br&gt;&lt;/p&gt;', '', '', '', '');
INSERT INTO `PREFIX_DB_category_description` (`category_id`, `language_id`, `name`, `description`, `meta_title`, `meta_h1`, `meta_description`, `meta_keyword`) VALUES ('96', '2', 'Tranformery', '', '', '', '', '');
INSERT INTO `PREFIX_DB_category_description` (`category_id`, `language_id`, `name`, `description`, `meta_title`, `meta_h1`, `meta_description`, `meta_keyword`) VALUES ('96', '1', 'Трансформеры 2 в 1', '&lt;p align=&quot;justify&quot;&gt;Благодаря таким качествам, как мобильность и компактность, ноутбуки приобретают все большую популярность в среде компьютерных пользователей. Высокому спросу на ноутбукиспособствует множество факторов. Так, несмотря на небольшие размеры и вес, ноутбуки ничем не уступают настольным компьютерам. Мало того. Многие современные ноутбуки по ряду параметров превосходят стационарные аналоги. При этом цены на ноутбуки вполне доступны даже покупателям со средним уровнем достатка. На отечественном рынке ноутбуки представлены достаточно широким ассортиментом. В зависимости от поставленных целей можно купить ноутбук для учебы, работы либо для развлечений. &lt;br&gt;&lt;/p&gt;', '', '', '', '');
INSERT INTO `PREFIX_DB_category_description` (`category_id`, `language_id`, `name`, `description`, `meta_title`, `meta_h1`, `meta_description`, `meta_keyword`) VALUES ('93', '2', 'processor AMD', '', '', '', '', '');
INSERT INTO `PREFIX_DB_category_description` (`category_id`, `language_id`, `name`, `description`, `meta_title`, `meta_h1`, `meta_description`, `meta_keyword`) VALUES ('93', '1', 'C процессорами AMD', '&lt;p align=&quot;justify&quot;&gt;Благодаря таким качествам, как мобильность и компактность, ноутбуки приобретают все большую популярность в среде компьютерных пользователей. Высокому спросу на ноутбукиспособствует множество факторов. Так, несмотря на небольшие размеры и вес, ноутбуки ничем не уступают настольным компьютерам. Мало того. Многие современные ноутбуки по ряду параметров превосходят стационарные аналоги. При этом цены на ноутбуки вполне доступны даже покупателям со средним уровнем достатка. На отечественном рынке ноутбуки представлены достаточно широким ассортиментом. В зависимости от поставленных целей можно купить ноутбук для учебы, работы либо для развлечений. &lt;br&gt;&lt;/p&gt;', '', '', '', '');
INSERT INTO `PREFIX_DB_category_description` (`category_id`, `language_id`, `name`, `description`, `meta_title`, `meta_h1`, `meta_description`, `meta_keyword`) VALUES ('92', '2', 'processor intel', '', '', '', '', '');
INSERT INTO `PREFIX_DB_category_description` (`category_id`, `language_id`, `name`, `description`, `meta_title`, `meta_h1`, `meta_description`, `meta_keyword`) VALUES ('92', '1', 'C процессорами Intel', '&lt;p align=&quot;justify&quot;&gt;Благодаря таким качествам, как мобильность и компактность, ноутбуки приобретают все большую популярность в среде компьютерных пользователей. Высокому спросу на ноутбукиспособствует множество факторов. Так, несмотря на небольшие размеры и вес, ноутбуки ничем не уступают настольным компьютерам. Мало того. Многие современные ноутбуки по ряду параметров превосходят стационарные аналоги. При этом цены на ноутбуки вполне доступны даже покупателям со средним уровнем достатка. На отечественном рынке ноутбуки представлены достаточно широким ассортиментом. В зависимости от поставленных целей можно купить ноутбук для учебы, работы либо для развлечений. &lt;br&gt;&lt;/p&gt;', '', '', '', '');
INSERT INTO `PREFIX_DB_category_description` (`category_id`, `language_id`, `name`, `description`, `meta_title`, `meta_h1`, `meta_description`, `meta_keyword`) VALUES ('95', '2', 'video nVidia', '', '', '', '', '');
INSERT INTO `PREFIX_DB_category_description` (`category_id`, `language_id`, `name`, `description`, `meta_title`, `meta_h1`, `meta_description`, `meta_keyword`) VALUES ('95', '1', 'Видео nVidia', '&lt;p align=&quot;justify&quot;&gt;Благодаря таким качествам, как мобильность и компактность, ноутбуки приобретают все большую популярность в среде компьютерных пользователей. Высокому спросу на ноутбукиспособствует множество факторов. Так, несмотря на небольшие размеры и вес, ноутбуки ничем не уступают настольным компьютерам. Мало того. Многие современные ноутбуки по ряду параметров превосходят стационарные аналоги. При этом цены на ноутбуки вполне доступны даже покупателям со средним уровнем достатка. На отечественном рынке ноутбуки представлены достаточно широким ассортиментом. В зависимости от поставленных целей можно купить ноутбук для учебы, работы либо для развлечений. &lt;br&gt;&lt;/p&gt;', '', '', '', '');
INSERT INTO `PREFIX_DB_category_description` (`category_id`, `language_id`, `name`, `description`, `meta_title`, `meta_h1`, `meta_description`, `meta_keyword`) VALUES ('94', '2', 'Video Radeon', '', '', '', '', '');
INSERT INTO `PREFIX_DB_category_description` (`category_id`, `language_id`, `name`, `description`, `meta_title`, `meta_h1`, `meta_description`, `meta_keyword`) VALUES ('94', '1', 'Видео Radeon', '&lt;p align=&quot;justify&quot;&gt;Благодаря таким качествам, как мобильность и компактность, ноутбуки приобретают все большую популярность в среде компьютерных пользователей. Высокому спросу на ноутбукиспособствует множество факторов. Так, несмотря на небольшие размеры и вес, ноутбуки ничем не уступают настольным компьютерам. Мало того. Многие современные ноутбуки по ряду параметров превосходят стационарные аналоги. При этом цены на ноутбуки вполне доступны даже покупателям со средним уровнем достатка. На отечественном рынке ноутбуки представлены достаточно широким ассортиментом. В зависимости от поставленных целей можно купить ноутбук для учебы, работы либо для развлечений. &lt;br&gt;&lt;/p&gt;', '', '', '', '');
INSERT INTO `PREFIX_DB_category_description` (`category_id`, `language_id`, `name`, `description`, `meta_title`, `meta_h1`, `meta_description`, `meta_keyword`) VALUES ('101', '2', ' For business', '', '', '', '', '');
INSERT INTO `PREFIX_DB_category_description` (`category_id`, `language_id`, `name`, `description`, `meta_title`, `meta_h1`, `meta_description`, `meta_keyword`) VALUES ('101', '1', 'Для бизнеса', '&lt;p align=&quot;justify&quot;&gt;Благодаря таким качествам, как мобильность и компактность, ноутбуки приобретают все большую популярность в среде компьютерных пользователей. Высокому спросу на ноутбукиспособствует множество факторов. Так, несмотря на небольшие размеры и вес, ноутбуки ничем не уступают настольным компьютерам. Мало того. Многие современные ноутбуки по ряду параметров превосходят стационарные аналоги. При этом цены на ноутбуки вполне доступны даже покупателям со средним уровнем достатка. На отечественном рынке ноутбуки представлены достаточно широким ассортиментом. В зависимости от поставленных целей можно купить ноутбук для учебы, работы либо для развлечений. &lt;br&gt;&lt;/p&gt;', '', '', '', '');
INSERT INTO `PREFIX_DB_category_description` (`category_id`, `language_id`, `name`, `description`, `meta_title`, `meta_h1`, `meta_description`, `meta_keyword`) VALUES ('99', '2', 'For simple tasks', '', '', '', '', '');
INSERT INTO `PREFIX_DB_category_description` (`category_id`, `language_id`, `name`, `description`, `meta_title`, `meta_h1`, `meta_description`, `meta_keyword`) VALUES ('99', '1', 'Для несложных задач', '&lt;p align=&quot;justify&quot;&gt;Благодаря таким качествам, как мобильность и компактность, ноутбуки приобретают все большую популярность в среде компьютерных пользователей. Высокому спросу на ноутбукиспособствует множество факторов. Так, несмотря на небольшие размеры и вес, ноутбуки ничем не уступают настольным компьютерам. Мало того. Многие современные ноутбуки по ряду параметров превосходят стационарные аналоги. При этом цены на ноутбуки вполне доступны даже покупателям со средним уровнем достатка. На отечественном рынке ноутбуки представлены достаточно широким ассортиментом. В зависимости от поставленных целей можно купить ноутбук для учебы, работы либо для развлечений. &lt;br&gt;&lt;/p&gt;', '', '', '', '');
INSERT INTO `PREFIX_DB_category_description` (`category_id`, `language_id`, `name`, `description`, `meta_title`, `meta_h1`, `meta_description`, `meta_keyword`) VALUES ('100', '2', 'For work or school', '', '', '', '', '');
INSERT INTO `PREFIX_DB_category_description` (`category_id`, `language_id`, `name`, `description`, `meta_title`, `meta_h1`, `meta_description`, `meta_keyword`) VALUES ('100', '1', 'Для работы и учебы', '&lt;p align=&quot;justify&quot;&gt;Благодаря таким качествам, как мобильность и компактность, ноутбуки приобретают все большую популярность в среде компьютерных пользователей. Высокому спросу на ноутбукиспособствует множество факторов. Так, несмотря на небольшие размеры и вес, ноутбуки ничем не уступают настольным компьютерам. Мало того. Многие современные ноутбуки по ряду параметров превосходят стационарные аналоги. При этом цены на ноутбуки вполне доступны даже покупателям со средним уровнем достатка. На отечественном рынке ноутбуки представлены достаточно широким ассортиментом. В зависимости от поставленных целей можно купить ноутбук для учебы, работы либо для развлечений. &lt;br&gt;&lt;/p&gt;', '', '', '', '');
INSERT INTO `PREFIX_DB_category_description` (`category_id`, `language_id`, `name`, `description`, `meta_title`, `meta_h1`, `meta_description`, `meta_keyword`) VALUES ('26', '1', 'Смартфоны', 'Без мобильного телефона с нашим бешеным темпом жизни сложно обойтись. Чтобы везде успеть, все помнить и быть всегда на связи, достаточно приобрести хотя бы бюджетную модель. Мобильные телефоны оснащены набором всех необходимых человеку функций. Это будильник, календарь с планировщиком, мультимедийный проигрыватель, радио, различные приложения, таймер, калькулятор, конвертер. Некоторые модели заменяют современный зеркальный фотоаппарат и видеокамеру, а так же &amp;nbsp;имеют возможность выхода в интернет (хотя, конечно, полного доступа ко всем возможностям Сети, как смартфон, они не дают).', '', '', '', '');
INSERT INTO `PREFIX_DB_category_description` (`category_id`, `language_id`, `name`, `description`, `meta_title`, `meta_h1`, `meta_description`, `meta_keyword`) VALUES ('59', '1', 'Аксессуары', 'Без мобильного телефона с нашим бешеным темпом жизни сложно обойтись. Чтобы везде успеть, все помнить и быть всегда на связи, достаточно приобрести хотя бы бюджетную модель. Мобильные телефоны оснащены набором всех необходимых человеку функций. Это будильник, календарь с планировщиком, мультимедийный проигрыватель, радио, различные приложения, таймер, калькулятор, конвертер. Некоторые модели заменяют современный зеркальный фотоаппарат и видеокамеру, а так же &amp;nbsp;имеют возможность выхода в интернет (хотя, конечно, полного доступа ко всем возможностям Сети, как смартфон, они не дают).', '', '', '', '');
INSERT INTO `PREFIX_DB_category_description` (`category_id`, `language_id`, `name`, `description`, `meta_title`, `meta_h1`, `meta_description`, `meta_keyword`) VALUES ('60', '2', 'Apple', '', '', '', '', '');
INSERT INTO `PREFIX_DB_category_description` (`category_id`, `language_id`, `name`, `description`, `meta_title`, `meta_h1`, `meta_description`, `meta_keyword`) VALUES ('61', '2', 'Asus', '', '', '', '', '');
INSERT INTO `PREFIX_DB_category_description` (`category_id`, `language_id`, `name`, `description`, `meta_title`, `meta_h1`, `meta_description`, `meta_keyword`) VALUES ('62', '2', 'HTC', '', '', '', '', '');
INSERT INTO `PREFIX_DB_category_description` (`category_id`, `language_id`, `name`, `description`, `meta_title`, `meta_h1`, `meta_description`, `meta_keyword`) VALUES ('63', '2', 'Meizu', '', '', '', '', '');
INSERT INTO `PREFIX_DB_category_description` (`category_id`, `language_id`, `name`, `description`, `meta_title`, `meta_h1`, `meta_description`, `meta_keyword`) VALUES ('67', '2', 'Bluetooth-Headset', '', '', '', '', '');
INSERT INTO `PREFIX_DB_category_description` (`category_id`, `language_id`, `name`, `description`, `meta_title`, `meta_h1`, `meta_description`, `meta_keyword`) VALUES ('70', '2', 'Holders', '', '', '', '', '');
INSERT INTO `PREFIX_DB_category_description` (`category_id`, `language_id`, `name`, `description`, `meta_title`, `meta_h1`, `meta_description`, `meta_keyword`) VALUES ('68', '2', 'Charging device', '', '', '', '', '');
INSERT INTO `PREFIX_DB_category_description` (`category_id`, `language_id`, `name`, `description`, `meta_title`, `meta_h1`, `meta_description`, `meta_keyword`) VALUES ('87', '2', 'Smart Watches', '', '', '', '', '');
INSERT INTO `PREFIX_DB_category_description` (`category_id`, `language_id`, `name`, `description`, `meta_title`, `meta_h1`, `meta_description`, `meta_keyword`) VALUES ('69', '2', 'Cases &amp; Bags', '', '', '', '', '');
INSERT INTO `PREFIX_DB_category_description` (`category_id`, `language_id`, `name`, `description`, `meta_title`, `meta_h1`, `meta_description`, `meta_keyword`) VALUES ('71', '1', 'Мониторы, TV', 'Еще каких-то пару десятков лет назад выбор телевизора ограничивался минимумом моделей. В квартирах наших сограждан преобладали телевизоры «Электрон» и «Березка», с диагональю 51 или 61 см. Импортные телевизоры&amp;nbsp; встречались достаточно редко и для многих были недоступны ввиду высокой стоимости. На сегодняшний день ситуация выглядит кардинально иным образом. Телевизоры представлены на рынке широчайшим ассортиментом моделей и марок. Современные телевизоры разнятся диагональю, классом, разрешением экрана и массой других параметров.', '', '', '', '');
INSERT INTO `PREFIX_DB_category_description` (`category_id`, `language_id`, `name`, `description`, `meta_title`, `meta_h1`, `meta_description`, `meta_keyword`) VALUES ('71', '2', ' Monitors, TVs', '', '', '', '', '');
INSERT INTO `PREFIX_DB_category_description` (`category_id`, `language_id`, `name`, `description`, `meta_title`, `meta_h1`, `meta_description`, `meta_keyword`) VALUES ('73', '1', 'Телевизоры', 'Еще каких-то пару десятков лет назад выбор телевизора ограничивался минимумом моделей. В квартирах наших сограждан преобладали телевизоры «Электрон» и «Березка», с диагональю 51 или 61 см. Импортные телевизоры&amp;nbsp; встречались достаточно редко и для многих были недоступны ввиду высокой стоимости. На сегодняшний день ситуация выглядит кардинально иным образом. Телевизоры представлены на рынке широчайшим ассортиментом моделей и марок. Современные телевизоры разнятся диагональю, классом, разрешением экрана и массой других параметров.', '', '', '', '');
INSERT INTO `PREFIX_DB_category_description` (`category_id`, `language_id`, `name`, `description`, `meta_title`, `meta_h1`, `meta_description`, `meta_keyword`) VALUES ('72', '1', 'Мониторы', 'Еще каких-то пару десятков лет назад выбор телевизора ограничивался минимумом моделей. В квартирах наших сограждан преобладали телевизоры «Электрон» и «Березка», с диагональю 51 или 61 см. Импортные телевизоры&amp;nbsp; встречались достаточно редко и для многих были недоступны ввиду высокой стоимости. На сегодняшний день ситуация выглядит кардинально иным образом. Телевизоры представлены на рынке широчайшим ассортиментом моделей и марок. Современные телевизоры разнятся диагональю, классом, разрешением экрана и массой других параметров.', '', '', '', '');
INSERT INTO `PREFIX_DB_category_description` (`category_id`, `language_id`, `name`, `description`, `meta_title`, `meta_h1`, `meta_description`, `meta_keyword`) VALUES ('74', '1', 'Аксессуары', 'Еще каких-то пару десятков лет назад выбор телевизора ограничивался минимумом моделей. В квартирах наших сограждан преобладали телевизоры «Электрон» и «Березка», с диагональю 51 или 61 см. Импортные телевизоры&amp;nbsp; встречались достаточно редко и для многих были недоступны ввиду высокой стоимости. На сегодняшний день ситуация выглядит кардинально иным образом. Телевизоры представлены на рынке широчайшим ассортиментом моделей и марок. Современные телевизоры разнятся диагональю, классом, разрешением экрана и массой других параметров.', '', '', '', '');
INSERT INTO `PREFIX_DB_category_description` (`category_id`, `language_id`, `name`, `description`, `meta_title`, `meta_h1`, `meta_description`, `meta_keyword`) VALUES ('80', '2', '4K Ultra HD', '', '', '', '', '');
INSERT INTO `PREFIX_DB_category_description` (`category_id`, `language_id`, `name`, `description`, `meta_title`, `meta_h1`, `meta_description`, `meta_keyword`) VALUES ('79', '2', 'Smart TV', '', '', '', '', '');
INSERT INTO `PREFIX_DB_category_description` (`category_id`, `language_id`, `name`, `description`, `meta_title`, `meta_h1`, `meta_description`, `meta_keyword`) VALUES ('81', '2', 'curved', '', '', '', '', '');
INSERT INTO `PREFIX_DB_category_description` (`category_id`, `language_id`, `name`, `description`, `meta_title`, `meta_h1`, `meta_description`, `meta_keyword`) VALUES ('82', '2', 'Wi-fi', '', '', '', '', '');
INSERT INTO `PREFIX_DB_category_description` (`category_id`, `language_id`, `name`, `description`, `meta_title`, `meta_h1`, `meta_description`, `meta_keyword`) VALUES ('76', '2', '21&quot;-23&quot;', '', '', '', '', '');
INSERT INTO `PREFIX_DB_category_description` (`category_id`, `language_id`, `name`, `description`, `meta_title`, `meta_h1`, `meta_description`, `meta_keyword`) VALUES ('77', '2', '23.6&quot;-28&quot;', '', '', '', '', '');
INSERT INTO `PREFIX_DB_category_description` (`category_id`, `language_id`, `name`, `description`, `meta_title`, `meta_h1`, `meta_description`, `meta_keyword`) VALUES ('75', '2', ' less 20&quot;', '', '', '', '', '');
INSERT INTO `PREFIX_DB_category_description` (`category_id`, `language_id`, `name`, `description`, `meta_title`, `meta_h1`, `meta_description`, `meta_keyword`) VALUES ('78', '2', 'more 29&quot;', '', '', '', '', '');
INSERT INTO `PREFIX_DB_category_description` (`category_id`, `language_id`, `name`, `description`, `meta_title`, `meta_h1`, `meta_description`, `meta_keyword`) VALUES ('84', '2', 'TV Mounts', '', '', '', '', '');
INSERT INTO `PREFIX_DB_category_description` (`category_id`, `language_id`, `name`, `description`, `meta_title`, `meta_h1`, `meta_description`, `meta_keyword`) VALUES ('83', '2', 'TV Receivers', '', '', '', '', '');
INSERT INTO `PREFIX_DB_category_description` (`category_id`, `language_id`, `name`, `description`, `meta_title`, `meta_h1`, `meta_description`, `meta_keyword`) VALUES ('85', '2', ' Universal remote controls', '', '', '', '', '');
INSERT INTO `PREFIX_DB_category_description` (`category_id`, `language_id`, `name`, `description`, `meta_title`, `meta_h1`, `meta_description`, `meta_keyword`) VALUES ('88', '1', 'Ноутбуки', 'Благодаря таким качествам, как мобильность и компактность, ноутбуки приобретают все большую популярность в среде компьютерных пользователей. Высокому спросу на ноутбукиспособствует множество факторов. Так, несмотря на небольшие размеры и вес, ноутбуки ничем не уступают настольным компьютерам. Мало того. Многие современные ноутбуки по ряду параметров превосходят стационарные аналоги. При этом цены на ноутбуки вполне доступны даже покупателям со средним уровнем достатка. На отечественном рынке ноутбуки представлены достаточно широким ассортиментом. В зависимости от поставленных целей можно купить ноутбук для учебы, работы либо для развлечений.', '', '', '', '');


TRUNCATE TABLE `PREFIX_DB_category_path`;

INSERT INTO `PREFIX_DB_category_path` (`category_id`, `path_id`, `level`) VALUES ('80', '80', '2');
INSERT INTO `PREFIX_DB_category_path` (`category_id`, `path_id`, `level`) VALUES ('80', '73', '1');
INSERT INTO `PREFIX_DB_category_path` (`category_id`, `path_id`, `level`) VALUES ('80', '71', '0');
INSERT INTO `PREFIX_DB_category_path` (`category_id`, `path_id`, `level`) VALUES ('79', '79', '2');
INSERT INTO `PREFIX_DB_category_path` (`category_id`, `path_id`, `level`) VALUES ('79', '73', '1');
INSERT INTO `PREFIX_DB_category_path` (`category_id`, `path_id`, `level`) VALUES ('79', '71', '0');
INSERT INTO `PREFIX_DB_category_path` (`category_id`, `path_id`, `level`) VALUES ('78', '78', '2');
INSERT INTO `PREFIX_DB_category_path` (`category_id`, `path_id`, `level`) VALUES ('78', '71', '0');
INSERT INTO `PREFIX_DB_category_path` (`category_id`, `path_id`, `level`) VALUES ('78', '72', '1');
INSERT INTO `PREFIX_DB_category_path` (`category_id`, `path_id`, `level`) VALUES ('77', '77', '2');
INSERT INTO `PREFIX_DB_category_path` (`category_id`, `path_id`, `level`) VALUES ('77', '72', '1');
INSERT INTO `PREFIX_DB_category_path` (`category_id`, `path_id`, `level`) VALUES ('77', '71', '0');
INSERT INTO `PREFIX_DB_category_path` (`category_id`, `path_id`, `level`) VALUES ('76', '76', '2');
INSERT INTO `PREFIX_DB_category_path` (`category_id`, `path_id`, `level`) VALUES ('76', '72', '1');
INSERT INTO `PREFIX_DB_category_path` (`category_id`, `path_id`, `level`) VALUES ('76', '71', '0');
INSERT INTO `PREFIX_DB_category_path` (`category_id`, `path_id`, `level`) VALUES ('75', '75', '2');
INSERT INTO `PREFIX_DB_category_path` (`category_id`, `path_id`, `level`) VALUES ('75', '71', '0');
INSERT INTO `PREFIX_DB_category_path` (`category_id`, `path_id`, `level`) VALUES ('20', '20', '0');
INSERT INTO `PREFIX_DB_category_path` (`category_id`, `path_id`, `level`) VALUES ('26', '20', '0');
INSERT INTO `PREFIX_DB_category_path` (`category_id`, `path_id`, `level`) VALUES ('26', '26', '1');
INSERT INTO `PREFIX_DB_category_path` (`category_id`, `path_id`, `level`) VALUES ('74', '74', '1');
INSERT INTO `PREFIX_DB_category_path` (`category_id`, `path_id`, `level`) VALUES ('82', '71', '0');
INSERT INTO `PREFIX_DB_category_path` (`category_id`, `path_id`, `level`) VALUES ('82', '73', '1');
INSERT INTO `PREFIX_DB_category_path` (`category_id`, `path_id`, `level`) VALUES ('81', '81', '2');
INSERT INTO `PREFIX_DB_category_path` (`category_id`, `path_id`, `level`) VALUES ('81', '71', '0');
INSERT INTO `PREFIX_DB_category_path` (`category_id`, `path_id`, `level`) VALUES ('81', '73', '1');
INSERT INTO `PREFIX_DB_category_path` (`category_id`, `path_id`, `level`) VALUES ('82', '82', '2');
INSERT INTO `PREFIX_DB_category_path` (`category_id`, `path_id`, `level`) VALUES ('74', '71', '0');
INSERT INTO `PREFIX_DB_category_path` (`category_id`, `path_id`, `level`) VALUES ('73', '73', '1');
INSERT INTO `PREFIX_DB_category_path` (`category_id`, `path_id`, `level`) VALUES ('73', '71', '0');
INSERT INTO `PREFIX_DB_category_path` (`category_id`, `path_id`, `level`) VALUES ('72', '72', '1');
INSERT INTO `PREFIX_DB_category_path` (`category_id`, `path_id`, `level`) VALUES ('72', '71', '0');
INSERT INTO `PREFIX_DB_category_path` (`category_id`, `path_id`, `level`) VALUES ('71', '71', '0');
INSERT INTO `PREFIX_DB_category_path` (`category_id`, `path_id`, `level`) VALUES ('70', '70', '2');
INSERT INTO `PREFIX_DB_category_path` (`category_id`, `path_id`, `level`) VALUES ('70', '20', '0');
INSERT INTO `PREFIX_DB_category_path` (`category_id`, `path_id`, `level`) VALUES ('70', '59', '1');
INSERT INTO `PREFIX_DB_category_path` (`category_id`, `path_id`, `level`) VALUES ('69', '69', '2');
INSERT INTO `PREFIX_DB_category_path` (`category_id`, `path_id`, `level`) VALUES ('69', '59', '1');
INSERT INTO `PREFIX_DB_category_path` (`category_id`, `path_id`, `level`) VALUES ('69', '20', '0');
INSERT INTO `PREFIX_DB_category_path` (`category_id`, `path_id`, `level`) VALUES ('68', '68', '2');
INSERT INTO `PREFIX_DB_category_path` (`category_id`, `path_id`, `level`) VALUES ('68', '20', '0');
INSERT INTO `PREFIX_DB_category_path` (`category_id`, `path_id`, `level`) VALUES ('68', '59', '1');
INSERT INTO `PREFIX_DB_category_path` (`category_id`, `path_id`, `level`) VALUES ('67', '67', '2');
INSERT INTO `PREFIX_DB_category_path` (`category_id`, `path_id`, `level`) VALUES ('67', '20', '0');
INSERT INTO `PREFIX_DB_category_path` (`category_id`, `path_id`, `level`) VALUES ('67', '59', '1');
INSERT INTO `PREFIX_DB_category_path` (`category_id`, `path_id`, `level`) VALUES ('63', '63', '2');
INSERT INTO `PREFIX_DB_category_path` (`category_id`, `path_id`, `level`) VALUES ('63', '20', '0');
INSERT INTO `PREFIX_DB_category_path` (`category_id`, `path_id`, `level`) VALUES ('63', '26', '1');
INSERT INTO `PREFIX_DB_category_path` (`category_id`, `path_id`, `level`) VALUES ('62', '62', '2');
INSERT INTO `PREFIX_DB_category_path` (`category_id`, `path_id`, `level`) VALUES ('62', '26', '1');
INSERT INTO `PREFIX_DB_category_path` (`category_id`, `path_id`, `level`) VALUES ('62', '20', '0');
INSERT INTO `PREFIX_DB_category_path` (`category_id`, `path_id`, `level`) VALUES ('61', '61', '2');
INSERT INTO `PREFIX_DB_category_path` (`category_id`, `path_id`, `level`) VALUES ('61', '26', '1');
INSERT INTO `PREFIX_DB_category_path` (`category_id`, `path_id`, `level`) VALUES ('61', '20', '0');
INSERT INTO `PREFIX_DB_category_path` (`category_id`, `path_id`, `level`) VALUES ('60', '60', '2');
INSERT INTO `PREFIX_DB_category_path` (`category_id`, `path_id`, `level`) VALUES ('60', '20', '0');
INSERT INTO `PREFIX_DB_category_path` (`category_id`, `path_id`, `level`) VALUES ('60', '26', '1');
INSERT INTO `PREFIX_DB_category_path` (`category_id`, `path_id`, `level`) VALUES ('59', '59', '1');
INSERT INTO `PREFIX_DB_category_path` (`category_id`, `path_id`, `level`) VALUES ('59', '20', '0');
INSERT INTO `PREFIX_DB_category_path` (`category_id`, `path_id`, `level`) VALUES ('75', '72', '1');
INSERT INTO `PREFIX_DB_category_path` (`category_id`, `path_id`, `level`) VALUES ('83', '74', '1');
INSERT INTO `PREFIX_DB_category_path` (`category_id`, `path_id`, `level`) VALUES ('83', '71', '0');
INSERT INTO `PREFIX_DB_category_path` (`category_id`, `path_id`, `level`) VALUES ('83', '83', '2');
INSERT INTO `PREFIX_DB_category_path` (`category_id`, `path_id`, `level`) VALUES ('84', '71', '0');
INSERT INTO `PREFIX_DB_category_path` (`category_id`, `path_id`, `level`) VALUES ('84', '74', '1');
INSERT INTO `PREFIX_DB_category_path` (`category_id`, `path_id`, `level`) VALUES ('84', '84', '2');
INSERT INTO `PREFIX_DB_category_path` (`category_id`, `path_id`, `level`) VALUES ('85', '74', '1');
INSERT INTO `PREFIX_DB_category_path` (`category_id`, `path_id`, `level`) VALUES ('85', '71', '0');
INSERT INTO `PREFIX_DB_category_path` (`category_id`, `path_id`, `level`) VALUES ('85', '85', '2');
INSERT INTO `PREFIX_DB_category_path` (`category_id`, `path_id`, `level`) VALUES ('87', '59', '1');
INSERT INTO `PREFIX_DB_category_path` (`category_id`, `path_id`, `level`) VALUES ('87', '20', '0');
INSERT INTO `PREFIX_DB_category_path` (`category_id`, `path_id`, `level`) VALUES ('87', '87', '2');
INSERT INTO `PREFIX_DB_category_path` (`category_id`, `path_id`, `level`) VALUES ('88', '88', '0');
INSERT INTO `PREFIX_DB_category_path` (`category_id`, `path_id`, `level`) VALUES ('89', '88', '0');
INSERT INTO `PREFIX_DB_category_path` (`category_id`, `path_id`, `level`) VALUES ('89', '89', '1');
INSERT INTO `PREFIX_DB_category_path` (`category_id`, `path_id`, `level`) VALUES ('90', '88', '0');
INSERT INTO `PREFIX_DB_category_path` (`category_id`, `path_id`, `level`) VALUES ('90', '90', '1');
INSERT INTO `PREFIX_DB_category_path` (`category_id`, `path_id`, `level`) VALUES ('91', '88', '0');
INSERT INTO `PREFIX_DB_category_path` (`category_id`, `path_id`, `level`) VALUES ('91', '91', '1');
INSERT INTO `PREFIX_DB_category_path` (`category_id`, `path_id`, `level`) VALUES ('92', '91', '1');
INSERT INTO `PREFIX_DB_category_path` (`category_id`, `path_id`, `level`) VALUES ('92', '88', '0');
INSERT INTO `PREFIX_DB_category_path` (`category_id`, `path_id`, `level`) VALUES ('92', '92', '2');
INSERT INTO `PREFIX_DB_category_path` (`category_id`, `path_id`, `level`) VALUES ('93', '88', '0');
INSERT INTO `PREFIX_DB_category_path` (`category_id`, `path_id`, `level`) VALUES ('93', '91', '1');
INSERT INTO `PREFIX_DB_category_path` (`category_id`, `path_id`, `level`) VALUES ('93', '93', '2');
INSERT INTO `PREFIX_DB_category_path` (`category_id`, `path_id`, `level`) VALUES ('94', '88', '0');
INSERT INTO `PREFIX_DB_category_path` (`category_id`, `path_id`, `level`) VALUES ('94', '91', '1');
INSERT INTO `PREFIX_DB_category_path` (`category_id`, `path_id`, `level`) VALUES ('94', '94', '2');
INSERT INTO `PREFIX_DB_category_path` (`category_id`, `path_id`, `level`) VALUES ('95', '88', '0');
INSERT INTO `PREFIX_DB_category_path` (`category_id`, `path_id`, `level`) VALUES ('95', '91', '1');
INSERT INTO `PREFIX_DB_category_path` (`category_id`, `path_id`, `level`) VALUES ('95', '95', '2');
INSERT INTO `PREFIX_DB_category_path` (`category_id`, `path_id`, `level`) VALUES ('96', '88', '0');
INSERT INTO `PREFIX_DB_category_path` (`category_id`, `path_id`, `level`) VALUES ('96', '90', '1');
INSERT INTO `PREFIX_DB_category_path` (`category_id`, `path_id`, `level`) VALUES ('96', '96', '2');
INSERT INTO `PREFIX_DB_category_path` (`category_id`, `path_id`, `level`) VALUES ('97', '90', '1');
INSERT INTO `PREFIX_DB_category_path` (`category_id`, `path_id`, `level`) VALUES ('97', '88', '0');
INSERT INTO `PREFIX_DB_category_path` (`category_id`, `path_id`, `level`) VALUES ('97', '97', '2');
INSERT INTO `PREFIX_DB_category_path` (`category_id`, `path_id`, `level`) VALUES ('98', '88', '0');
INSERT INTO `PREFIX_DB_category_path` (`category_id`, `path_id`, `level`) VALUES ('98', '90', '1');
INSERT INTO `PREFIX_DB_category_path` (`category_id`, `path_id`, `level`) VALUES ('98', '98', '2');
INSERT INTO `PREFIX_DB_category_path` (`category_id`, `path_id`, `level`) VALUES ('99', '88', '0');
INSERT INTO `PREFIX_DB_category_path` (`category_id`, `path_id`, `level`) VALUES ('99', '89', '1');
INSERT INTO `PREFIX_DB_category_path` (`category_id`, `path_id`, `level`) VALUES ('99', '99', '2');
INSERT INTO `PREFIX_DB_category_path` (`category_id`, `path_id`, `level`) VALUES ('100', '88', '0');
INSERT INTO `PREFIX_DB_category_path` (`category_id`, `path_id`, `level`) VALUES ('100', '89', '1');
INSERT INTO `PREFIX_DB_category_path` (`category_id`, `path_id`, `level`) VALUES ('100', '100', '2');
INSERT INTO `PREFIX_DB_category_path` (`category_id`, `path_id`, `level`) VALUES ('101', '88', '0');
INSERT INTO `PREFIX_DB_category_path` (`category_id`, `path_id`, `level`) VALUES ('101', '89', '1');
INSERT INTO `PREFIX_DB_category_path` (`category_id`, `path_id`, `level`) VALUES ('101', '101', '2');


TRUNCATE TABLE `PREFIX_DB_category_to_layout`;

INSERT INTO `PREFIX_DB_category_to_layout` (`category_id`, `store_id`, `layout_id`) VALUES ('60', '0', '0');
INSERT INTO `PREFIX_DB_category_to_layout` (`category_id`, `store_id`, `layout_id`) VALUES ('59', '0', '0');
INSERT INTO `PREFIX_DB_category_to_layout` (`category_id`, `store_id`, `layout_id`) VALUES ('26', '0', '0');
INSERT INTO `PREFIX_DB_category_to_layout` (`category_id`, `store_id`, `layout_id`) VALUES ('20', '0', '0');
INSERT INTO `PREFIX_DB_category_to_layout` (`category_id`, `store_id`, `layout_id`) VALUES ('61', '0', '0');
INSERT INTO `PREFIX_DB_category_to_layout` (`category_id`, `store_id`, `layout_id`) VALUES ('62', '0', '0');
INSERT INTO `PREFIX_DB_category_to_layout` (`category_id`, `store_id`, `layout_id`) VALUES ('63', '0', '0');
INSERT INTO `PREFIX_DB_category_to_layout` (`category_id`, `store_id`, `layout_id`) VALUES ('67', '0', '0');
INSERT INTO `PREFIX_DB_category_to_layout` (`category_id`, `store_id`, `layout_id`) VALUES ('68', '0', '0');
INSERT INTO `PREFIX_DB_category_to_layout` (`category_id`, `store_id`, `layout_id`) VALUES ('69', '0', '0');
INSERT INTO `PREFIX_DB_category_to_layout` (`category_id`, `store_id`, `layout_id`) VALUES ('70', '0', '0');
INSERT INTO `PREFIX_DB_category_to_layout` (`category_id`, `store_id`, `layout_id`) VALUES ('71', '0', '0');
INSERT INTO `PREFIX_DB_category_to_layout` (`category_id`, `store_id`, `layout_id`) VALUES ('72', '0', '0');
INSERT INTO `PREFIX_DB_category_to_layout` (`category_id`, `store_id`, `layout_id`) VALUES ('73', '0', '0');
INSERT INTO `PREFIX_DB_category_to_layout` (`category_id`, `store_id`, `layout_id`) VALUES ('74', '0', '0');
INSERT INTO `PREFIX_DB_category_to_layout` (`category_id`, `store_id`, `layout_id`) VALUES ('75', '0', '0');
INSERT INTO `PREFIX_DB_category_to_layout` (`category_id`, `store_id`, `layout_id`) VALUES ('76', '0', '0');
INSERT INTO `PREFIX_DB_category_to_layout` (`category_id`, `store_id`, `layout_id`) VALUES ('77', '0', '0');
INSERT INTO `PREFIX_DB_category_to_layout` (`category_id`, `store_id`, `layout_id`) VALUES ('78', '0', '0');
INSERT INTO `PREFIX_DB_category_to_layout` (`category_id`, `store_id`, `layout_id`) VALUES ('79', '0', '0');
INSERT INTO `PREFIX_DB_category_to_layout` (`category_id`, `store_id`, `layout_id`) VALUES ('80', '0', '0');
INSERT INTO `PREFIX_DB_category_to_layout` (`category_id`, `store_id`, `layout_id`) VALUES ('81', '0', '0');
INSERT INTO `PREFIX_DB_category_to_layout` (`category_id`, `store_id`, `layout_id`) VALUES ('82', '0', '0');
INSERT INTO `PREFIX_DB_category_to_layout` (`category_id`, `store_id`, `layout_id`) VALUES ('83', '0', '0');
INSERT INTO `PREFIX_DB_category_to_layout` (`category_id`, `store_id`, `layout_id`) VALUES ('84', '0', '0');
INSERT INTO `PREFIX_DB_category_to_layout` (`category_id`, `store_id`, `layout_id`) VALUES ('85', '0', '0');
INSERT INTO `PREFIX_DB_category_to_layout` (`category_id`, `store_id`, `layout_id`) VALUES ('87', '0', '0');
INSERT INTO `PREFIX_DB_category_to_layout` (`category_id`, `store_id`, `layout_id`) VALUES ('88', '0', '0');
INSERT INTO `PREFIX_DB_category_to_layout` (`category_id`, `store_id`, `layout_id`) VALUES ('89', '0', '0');
INSERT INTO `PREFIX_DB_category_to_layout` (`category_id`, `store_id`, `layout_id`) VALUES ('90', '0', '0');
INSERT INTO `PREFIX_DB_category_to_layout` (`category_id`, `store_id`, `layout_id`) VALUES ('91', '0', '0');
INSERT INTO `PREFIX_DB_category_to_layout` (`category_id`, `store_id`, `layout_id`) VALUES ('92', '0', '0');
INSERT INTO `PREFIX_DB_category_to_layout` (`category_id`, `store_id`, `layout_id`) VALUES ('93', '0', '0');
INSERT INTO `PREFIX_DB_category_to_layout` (`category_id`, `store_id`, `layout_id`) VALUES ('94', '0', '0');
INSERT INTO `PREFIX_DB_category_to_layout` (`category_id`, `store_id`, `layout_id`) VALUES ('95', '0', '0');
INSERT INTO `PREFIX_DB_category_to_layout` (`category_id`, `store_id`, `layout_id`) VALUES ('96', '0', '0');
INSERT INTO `PREFIX_DB_category_to_layout` (`category_id`, `store_id`, `layout_id`) VALUES ('97', '0', '0');
INSERT INTO `PREFIX_DB_category_to_layout` (`category_id`, `store_id`, `layout_id`) VALUES ('98', '0', '0');
INSERT INTO `PREFIX_DB_category_to_layout` (`category_id`, `store_id`, `layout_id`) VALUES ('99', '0', '0');
INSERT INTO `PREFIX_DB_category_to_layout` (`category_id`, `store_id`, `layout_id`) VALUES ('100', '0', '0');
INSERT INTO `PREFIX_DB_category_to_layout` (`category_id`, `store_id`, `layout_id`) VALUES ('101', '0', '0');


TRUNCATE TABLE `PREFIX_DB_category_to_store`;

INSERT INTO `PREFIX_DB_category_to_store` (`category_id`, `store_id`) VALUES ('20', '0');
INSERT INTO `PREFIX_DB_category_to_store` (`category_id`, `store_id`) VALUES ('26', '0');
INSERT INTO `PREFIX_DB_category_to_store` (`category_id`, `store_id`) VALUES ('59', '0');
INSERT INTO `PREFIX_DB_category_to_store` (`category_id`, `store_id`) VALUES ('60', '0');
INSERT INTO `PREFIX_DB_category_to_store` (`category_id`, `store_id`) VALUES ('61', '0');
INSERT INTO `PREFIX_DB_category_to_store` (`category_id`, `store_id`) VALUES ('62', '0');
INSERT INTO `PREFIX_DB_category_to_store` (`category_id`, `store_id`) VALUES ('63', '0');
INSERT INTO `PREFIX_DB_category_to_store` (`category_id`, `store_id`) VALUES ('67', '0');
INSERT INTO `PREFIX_DB_category_to_store` (`category_id`, `store_id`) VALUES ('68', '0');
INSERT INTO `PREFIX_DB_category_to_store` (`category_id`, `store_id`) VALUES ('69', '0');
INSERT INTO `PREFIX_DB_category_to_store` (`category_id`, `store_id`) VALUES ('70', '0');
INSERT INTO `PREFIX_DB_category_to_store` (`category_id`, `store_id`) VALUES ('71', '0');
INSERT INTO `PREFIX_DB_category_to_store` (`category_id`, `store_id`) VALUES ('72', '0');
INSERT INTO `PREFIX_DB_category_to_store` (`category_id`, `store_id`) VALUES ('73', '0');
INSERT INTO `PREFIX_DB_category_to_store` (`category_id`, `store_id`) VALUES ('74', '0');
INSERT INTO `PREFIX_DB_category_to_store` (`category_id`, `store_id`) VALUES ('75', '0');
INSERT INTO `PREFIX_DB_category_to_store` (`category_id`, `store_id`) VALUES ('76', '0');
INSERT INTO `PREFIX_DB_category_to_store` (`category_id`, `store_id`) VALUES ('77', '0');
INSERT INTO `PREFIX_DB_category_to_store` (`category_id`, `store_id`) VALUES ('78', '0');
INSERT INTO `PREFIX_DB_category_to_store` (`category_id`, `store_id`) VALUES ('79', '0');
INSERT INTO `PREFIX_DB_category_to_store` (`category_id`, `store_id`) VALUES ('80', '0');
INSERT INTO `PREFIX_DB_category_to_store` (`category_id`, `store_id`) VALUES ('81', '0');
INSERT INTO `PREFIX_DB_category_to_store` (`category_id`, `store_id`) VALUES ('82', '0');
INSERT INTO `PREFIX_DB_category_to_store` (`category_id`, `store_id`) VALUES ('83', '0');
INSERT INTO `PREFIX_DB_category_to_store` (`category_id`, `store_id`) VALUES ('84', '0');
INSERT INTO `PREFIX_DB_category_to_store` (`category_id`, `store_id`) VALUES ('85', '0');
INSERT INTO `PREFIX_DB_category_to_store` (`category_id`, `store_id`) VALUES ('87', '0');
INSERT INTO `PREFIX_DB_category_to_store` (`category_id`, `store_id`) VALUES ('88', '0');
INSERT INTO `PREFIX_DB_category_to_store` (`category_id`, `store_id`) VALUES ('89', '0');
INSERT INTO `PREFIX_DB_category_to_store` (`category_id`, `store_id`) VALUES ('90', '0');
INSERT INTO `PREFIX_DB_category_to_store` (`category_id`, `store_id`) VALUES ('91', '0');
INSERT INTO `PREFIX_DB_category_to_store` (`category_id`, `store_id`) VALUES ('92', '0');
INSERT INTO `PREFIX_DB_category_to_store` (`category_id`, `store_id`) VALUES ('93', '0');
INSERT INTO `PREFIX_DB_category_to_store` (`category_id`, `store_id`) VALUES ('94', '0');
INSERT INTO `PREFIX_DB_category_to_store` (`category_id`, `store_id`) VALUES ('95', '0');
INSERT INTO `PREFIX_DB_category_to_store` (`category_id`, `store_id`) VALUES ('96', '0');
INSERT INTO `PREFIX_DB_category_to_store` (`category_id`, `store_id`) VALUES ('97', '0');
INSERT INTO `PREFIX_DB_category_to_store` (`category_id`, `store_id`) VALUES ('98', '0');
INSERT INTO `PREFIX_DB_category_to_store` (`category_id`, `store_id`) VALUES ('99', '0');
INSERT INTO `PREFIX_DB_category_to_store` (`category_id`, `store_id`) VALUES ('100', '0');
INSERT INTO `PREFIX_DB_category_to_store` (`category_id`, `store_id`) VALUES ('101', '0');


TRUNCATE TABLE `PREFIX_DB_country`;

INSERT INTO `PREFIX_DB_country` (`country_id`, `name`, `iso_code_2`, `iso_code_3`, `address_format`, `postcode_required`, `status`) VALUES ('1', 'Афганистан', 'AF', 'AFG', '', '0', '0');
INSERT INTO `PREFIX_DB_country` (`country_id`, `name`, `iso_code_2`, `iso_code_3`, `address_format`, `postcode_required`, `status`) VALUES ('2', 'Албания', 'AL', 'ALB', '', '0', '0');
INSERT INTO `PREFIX_DB_country` (`country_id`, `name`, `iso_code_2`, `iso_code_3`, `address_format`, `postcode_required`, `status`) VALUES ('3', 'Алжир', 'DZ', 'DZA', '', '0', '0');
INSERT INTO `PREFIX_DB_country` (`country_id`, `name`, `iso_code_2`, `iso_code_3`, `address_format`, `postcode_required`, `status`) VALUES ('4', 'Восточное Самоа', 'AS', 'ASM', '', '0', '0');
INSERT INTO `PREFIX_DB_country` (`country_id`, `name`, `iso_code_2`, `iso_code_3`, `address_format`, `postcode_required`, `status`) VALUES ('5', 'Андорра', 'AD', 'AND', '', '0', '0');
INSERT INTO `PREFIX_DB_country` (`country_id`, `name`, `iso_code_2`, `iso_code_3`, `address_format`, `postcode_required`, `status`) VALUES ('6', 'Ангола', 'AO', 'AGO', '', '0', '0');
INSERT INTO `PREFIX_DB_country` (`country_id`, `name`, `iso_code_2`, `iso_code_3`, `address_format`, `postcode_required`, `status`) VALUES ('7', 'Ангилья', 'AI', 'AIA', '', '0', '0');
INSERT INTO `PREFIX_DB_country` (`country_id`, `name`, `iso_code_2`, `iso_code_3`, `address_format`, `postcode_required`, `status`) VALUES ('8', 'Антарктида', 'AQ', 'ATA', '', '0', '0');
INSERT INTO `PREFIX_DB_country` (`country_id`, `name`, `iso_code_2`, `iso_code_3`, `address_format`, `postcode_required`, `status`) VALUES ('9', 'Антигуа и Барбуда', 'AG', 'ATG', '', '0', '0');
INSERT INTO `PREFIX_DB_country` (`country_id`, `name`, `iso_code_2`, `iso_code_3`, `address_format`, `postcode_required`, `status`) VALUES ('10', 'Аргентина', 'AR', 'ARG', '', '0', '0');
INSERT INTO `PREFIX_DB_country` (`country_id`, `name`, `iso_code_2`, `iso_code_3`, `address_format`, `postcode_required`, `status`) VALUES ('11', 'Армения', 'AM', 'ARM', '', '0', '1');
INSERT INTO `PREFIX_DB_country` (`country_id`, `name`, `iso_code_2`, `iso_code_3`, `address_format`, `postcode_required`, `status`) VALUES ('12', 'Аруба', 'AW', 'ABW', '', '0', '0');
INSERT INTO `PREFIX_DB_country` (`country_id`, `name`, `iso_code_2`, `iso_code_3`, `address_format`, `postcode_required`, `status`) VALUES ('13', 'Австралия', 'AU', 'AUS', '', '0', '0');
INSERT INTO `PREFIX_DB_country` (`country_id`, `name`, `iso_code_2`, `iso_code_3`, `address_format`, `postcode_required`, `status`) VALUES ('14', 'Австрия', 'AT', 'AUT', '', '0', '0');
INSERT INTO `PREFIX_DB_country` (`country_id`, `name`, `iso_code_2`, `iso_code_3`, `address_format`, `postcode_required`, `status`) VALUES ('15', 'Азербайджан', 'AZ', 'AZE', '', '0', '1');
INSERT INTO `PREFIX_DB_country` (`country_id`, `name`, `iso_code_2`, `iso_code_3`, `address_format`, `postcode_required`, `status`) VALUES ('16', 'Багамские острова', 'BS', 'BHS', '', '0', '0');
INSERT INTO `PREFIX_DB_country` (`country_id`, `name`, `iso_code_2`, `iso_code_3`, `address_format`, `postcode_required`, `status`) VALUES ('17', 'Бахрейн', 'BH', 'BHR', '', '0', '0');
INSERT INTO `PREFIX_DB_country` (`country_id`, `name`, `iso_code_2`, `iso_code_3`, `address_format`, `postcode_required`, `status`) VALUES ('18', 'Бангладеш', 'BD', 'BGD', '', '0', '0');
INSERT INTO `PREFIX_DB_country` (`country_id`, `name`, `iso_code_2`, `iso_code_3`, `address_format`, `postcode_required`, `status`) VALUES ('19', 'Барбадос', 'BB', 'BRB', '', '0', '0');
INSERT INTO `PREFIX_DB_country` (`country_id`, `name`, `iso_code_2`, `iso_code_3`, `address_format`, `postcode_required`, `status`) VALUES ('20', 'Белоруссия (Беларусь)', 'BY', 'BLR', '', '0', '1');
INSERT INTO `PREFIX_DB_country` (`country_id`, `name`, `iso_code_2`, `iso_code_3`, `address_format`, `postcode_required`, `status`) VALUES ('21', 'Бельгия', 'BE', 'BEL', '', '0', '0');
INSERT INTO `PREFIX_DB_country` (`country_id`, `name`, `iso_code_2`, `iso_code_3`, `address_format`, `postcode_required`, `status`) VALUES ('22', 'Белиз', 'BZ', 'BLZ', '', '0', '0');
INSERT INTO `PREFIX_DB_country` (`country_id`, `name`, `iso_code_2`, `iso_code_3`, `address_format`, `postcode_required`, `status`) VALUES ('23', 'Бенин', 'BJ', 'BEN', '', '0', '0');
INSERT INTO `PREFIX_DB_country` (`country_id`, `name`, `iso_code_2`, `iso_code_3`, `address_format`, `postcode_required`, `status`) VALUES ('24', 'Бермудские острова', 'BM', 'BMU', '', '0', '0');
INSERT INTO `PREFIX_DB_country` (`country_id`, `name`, `iso_code_2`, `iso_code_3`, `address_format`, `postcode_required`, `status`) VALUES ('25', 'Бутан', 'BT', 'BTN', '', '0', '0');
INSERT INTO `PREFIX_DB_country` (`country_id`, `name`, `iso_code_2`, `iso_code_3`, `address_format`, `postcode_required`, `status`) VALUES ('26', 'Боливия', 'BO', 'BOL', '', '0', '0');
INSERT INTO `PREFIX_DB_country` (`country_id`, `name`, `iso_code_2`, `iso_code_3`, `address_format`, `postcode_required`, `status`) VALUES ('27', 'Босния и Герцеговина', 'BA', 'BIH', '', '0', '0');
INSERT INTO `PREFIX_DB_country` (`country_id`, `name`, `iso_code_2`, `iso_code_3`, `address_format`, `postcode_required`, `status`) VALUES ('28', 'Ботсвана', 'BW', 'BWA', '', '0', '0');
INSERT INTO `PREFIX_DB_country` (`country_id`, `name`, `iso_code_2`, `iso_code_3`, `address_format`, `postcode_required`, `status`) VALUES ('29', 'Остров Буве', 'BV', 'BVT', '', '0', '0');
INSERT INTO `PREFIX_DB_country` (`country_id`, `name`, `iso_code_2`, `iso_code_3`, `address_format`, `postcode_required`, `status`) VALUES ('30', 'Бразилия', 'BR', 'BRA', '', '0', '0');
INSERT INTO `PREFIX_DB_country` (`country_id`, `name`, `iso_code_2`, `iso_code_3`, `address_format`, `postcode_required`, `status`) VALUES ('31', 'Британская территория в Индийском океане', 'IO', 'IOT', '', '0', '0');
INSERT INTO `PREFIX_DB_country` (`country_id`, `name`, `iso_code_2`, `iso_code_3`, `address_format`, `postcode_required`, `status`) VALUES ('32', 'Бруней', 'BN', 'BRN', '', '0', '0');
INSERT INTO `PREFIX_DB_country` (`country_id`, `name`, `iso_code_2`, `iso_code_3`, `address_format`, `postcode_required`, `status`) VALUES ('33', 'Болгария', 'BG', 'BGR', '', '0', '0');
INSERT INTO `PREFIX_DB_country` (`country_id`, `name`, `iso_code_2`, `iso_code_3`, `address_format`, `postcode_required`, `status`) VALUES ('34', 'Буркина-Фасо', 'BF', 'BFA', '', '0', '0');
INSERT INTO `PREFIX_DB_country` (`country_id`, `name`, `iso_code_2`, `iso_code_3`, `address_format`, `postcode_required`, `status`) VALUES ('35', 'Бурунди', 'BI', 'BDI', '', '0', '0');
INSERT INTO `PREFIX_DB_country` (`country_id`, `name`, `iso_code_2`, `iso_code_3`, `address_format`, `postcode_required`, `status`) VALUES ('36', 'Камбоджа', 'KH', 'KHM', '', '0', '0');
INSERT INTO `PREFIX_DB_country` (`country_id`, `name`, `iso_code_2`, `iso_code_3`, `address_format`, `postcode_required`, `status`) VALUES ('37', 'Камерун', 'CM', 'CMR', '', '0', '0');
INSERT INTO `PREFIX_DB_country` (`country_id`, `name`, `iso_code_2`, `iso_code_3`, `address_format`, `postcode_required`, `status`) VALUES ('38', 'Канада', 'CA', 'CAN', '', '0', '0');
INSERT INTO `PREFIX_DB_country` (`country_id`, `name`, `iso_code_2`, `iso_code_3`, `address_format`, `postcode_required`, `status`) VALUES ('39', 'Кабо-Верде', 'CV', 'CPV', '', '0', '0');
INSERT INTO `PREFIX_DB_country` (`country_id`, `name`, `iso_code_2`, `iso_code_3`, `address_format`, `postcode_required`, `status`) VALUES ('40', 'Каймановы острова', 'KY', 'CYM', '', '0', '0');
INSERT INTO `PREFIX_DB_country` (`country_id`, `name`, `iso_code_2`, `iso_code_3`, `address_format`, `postcode_required`, `status`) VALUES ('41', 'Центрально-Африканская Республика', 'CF', 'CAF', '', '0', '0');
INSERT INTO `PREFIX_DB_country` (`country_id`, `name`, `iso_code_2`, `iso_code_3`, `address_format`, `postcode_required`, `status`) VALUES ('42', 'Чад', 'TD', 'TCD', '', '0', '0');
INSERT INTO `PREFIX_DB_country` (`country_id`, `name`, `iso_code_2`, `iso_code_3`, `address_format`, `postcode_required`, `status`) VALUES ('43', 'Чили', 'CL', 'CHL', '', '0', '0');
INSERT INTO `PREFIX_DB_country` (`country_id`, `name`, `iso_code_2`, `iso_code_3`, `address_format`, `postcode_required`, `status`) VALUES ('44', 'Китайская Народная Республика', 'CN', 'CHN', '', '0', '0');
INSERT INTO `PREFIX_DB_country` (`country_id`, `name`, `iso_code_2`, `iso_code_3`, `address_format`, `postcode_required`, `status`) VALUES ('45', 'Остров Рождества', 'CX', 'CXR', '', '0', '0');
INSERT INTO `PREFIX_DB_country` (`country_id`, `name`, `iso_code_2`, `iso_code_3`, `address_format`, `postcode_required`, `status`) VALUES ('46', 'Кокосовые острова', 'CC', 'CCK', '', '0', '0');
INSERT INTO `PREFIX_DB_country` (`country_id`, `name`, `iso_code_2`, `iso_code_3`, `address_format`, `postcode_required`, `status`) VALUES ('47', 'Колумбия', 'CO', 'COL', '', '0', '0');
INSERT INTO `PREFIX_DB_country` (`country_id`, `name`, `iso_code_2`, `iso_code_3`, `address_format`, `postcode_required`, `status`) VALUES ('48', 'Коморские острова', 'KM', 'COM', '', '0', '0');
INSERT INTO `PREFIX_DB_country` (`country_id`, `name`, `iso_code_2`, `iso_code_3`, `address_format`, `postcode_required`, `status`) VALUES ('49', 'Конго', 'CG', 'COG', '', '0', '0');
INSERT INTO `PREFIX_DB_country` (`country_id`, `name`, `iso_code_2`, `iso_code_3`, `address_format`, `postcode_required`, `status`) VALUES ('50', 'Острова Кука', 'CK', 'COK', '', '0', '0');
INSERT INTO `PREFIX_DB_country` (`country_id`, `name`, `iso_code_2`, `iso_code_3`, `address_format`, `postcode_required`, `status`) VALUES ('51', 'Коста-Рика', 'CR', 'CRI', '', '0', '0');
INSERT INTO `PREFIX_DB_country` (`country_id`, `name`, `iso_code_2`, `iso_code_3`, `address_format`, `postcode_required`, `status`) VALUES ('52', 'Кот д\'Ивуар', 'CI', 'CIV', '', '0', '0');
INSERT INTO `PREFIX_DB_country` (`country_id`, `name`, `iso_code_2`, `iso_code_3`, `address_format`, `postcode_required`, `status`) VALUES ('53', 'Хорватия', 'HR', 'HRV', '', '0', '0');
INSERT INTO `PREFIX_DB_country` (`country_id`, `name`, `iso_code_2`, `iso_code_3`, `address_format`, `postcode_required`, `status`) VALUES ('54', 'Куба', 'CU', 'CUB', '', '0', '0');
INSERT INTO `PREFIX_DB_country` (`country_id`, `name`, `iso_code_2`, `iso_code_3`, `address_format`, `postcode_required`, `status`) VALUES ('55', 'Кипр', 'CY', 'CYP', '', '0', '0');
INSERT INTO `PREFIX_DB_country` (`country_id`, `name`, `iso_code_2`, `iso_code_3`, `address_format`, `postcode_required`, `status`) VALUES ('56', 'Чехия', 'CZ', 'CZE', '', '0', '0');
INSERT INTO `PREFIX_DB_country` (`country_id`, `name`, `iso_code_2`, `iso_code_3`, `address_format`, `postcode_required`, `status`) VALUES ('57', 'Дания', 'DK', 'DNK', '', '0', '0');
INSERT INTO `PREFIX_DB_country` (`country_id`, `name`, `iso_code_2`, `iso_code_3`, `address_format`, `postcode_required`, `status`) VALUES ('58', 'Джибути', 'DJ', 'DJI', '', '0', '0');
INSERT INTO `PREFIX_DB_country` (`country_id`, `name`, `iso_code_2`, `iso_code_3`, `address_format`, `postcode_required`, `status`) VALUES ('59', 'Доминика', 'DM', 'DMA', '', '0', '0');
INSERT INTO `PREFIX_DB_country` (`country_id`, `name`, `iso_code_2`, `iso_code_3`, `address_format`, `postcode_required`, `status`) VALUES ('60', 'Доминиканская Республика', 'DO', 'DOM', '', '0', '0');
INSERT INTO `PREFIX_DB_country` (`country_id`, `name`, `iso_code_2`, `iso_code_3`, `address_format`, `postcode_required`, `status`) VALUES ('61', 'Восточный Тимор', 'TP', 'TMP', '', '0', '0');
INSERT INTO `PREFIX_DB_country` (`country_id`, `name`, `iso_code_2`, `iso_code_3`, `address_format`, `postcode_required`, `status`) VALUES ('62', 'Эквадор', 'EC', 'ECU', '', '0', '0');
INSERT INTO `PREFIX_DB_country` (`country_id`, `name`, `iso_code_2`, `iso_code_3`, `address_format`, `postcode_required`, `status`) VALUES ('63', 'Египет', 'EG', 'EGY', '', '0', '0');
INSERT INTO `PREFIX_DB_country` (`country_id`, `name`, `iso_code_2`, `iso_code_3`, `address_format`, `postcode_required`, `status`) VALUES ('64', 'Сальвадор', 'SV', 'SLV', '', '0', '0');
INSERT INTO `PREFIX_DB_country` (`country_id`, `name`, `iso_code_2`, `iso_code_3`, `address_format`, `postcode_required`, `status`) VALUES ('65', 'Экваториальная Гвинея', 'GQ', 'GNQ', '', '0', '0');
INSERT INTO `PREFIX_DB_country` (`country_id`, `name`, `iso_code_2`, `iso_code_3`, `address_format`, `postcode_required`, `status`) VALUES ('66', 'Эритрея', 'ER', 'ERI', '', '0', '0');
INSERT INTO `PREFIX_DB_country` (`country_id`, `name`, `iso_code_2`, `iso_code_3`, `address_format`, `postcode_required`, `status`) VALUES ('67', 'Эстония', 'EE', 'EST', '', '0', '1');
INSERT INTO `PREFIX_DB_country` (`country_id`, `name`, `iso_code_2`, `iso_code_3`, `address_format`, `postcode_required`, `status`) VALUES ('68', 'Эфиопия', 'ET', 'ETH', '', '0', '0');
INSERT INTO `PREFIX_DB_country` (`country_id`, `name`, `iso_code_2`, `iso_code_3`, `address_format`, `postcode_required`, `status`) VALUES ('69', 'Фолклендские (Мальвинские) острова', 'FK', 'FLK', '', '0', '0');
INSERT INTO `PREFIX_DB_country` (`country_id`, `name`, `iso_code_2`, `iso_code_3`, `address_format`, `postcode_required`, `status`) VALUES ('70', 'Фарерские острова', 'FO', 'FRO', '', '0', '0');
INSERT INTO `PREFIX_DB_country` (`country_id`, `name`, `iso_code_2`, `iso_code_3`, `address_format`, `postcode_required`, `status`) VALUES ('71', 'Фиджи', 'FJ', 'FJI', '', '0', '0');
INSERT INTO `PREFIX_DB_country` (`country_id`, `name`, `iso_code_2`, `iso_code_3`, `address_format`, `postcode_required`, `status`) VALUES ('72', 'Финляндия', 'FI', 'FIN', '', '0', '0');
INSERT INTO `PREFIX_DB_country` (`country_id`, `name`, `iso_code_2`, `iso_code_3`, `address_format`, `postcode_required`, `status`) VALUES ('73', 'Франция', 'FR', 'FRA', '', '0', '0');
INSERT INTO `PREFIX_DB_country` (`country_id`, `name`, `iso_code_2`, `iso_code_3`, `address_format`, `postcode_required`, `status`) VALUES ('74', 'Франция, Метрополия', 'FX', 'FXX', '', '0', '0');
INSERT INTO `PREFIX_DB_country` (`country_id`, `name`, `iso_code_2`, `iso_code_3`, `address_format`, `postcode_required`, `status`) VALUES ('75', 'Французская Гвиана', 'GF', 'GUF', '', '0', '0');
INSERT INTO `PREFIX_DB_country` (`country_id`, `name`, `iso_code_2`, `iso_code_3`, `address_format`, `postcode_required`, `status`) VALUES ('76', 'Французская Полинезия', 'PF', 'PYF', '', '0', '0');
INSERT INTO `PREFIX_DB_country` (`country_id`, `name`, `iso_code_2`, `iso_code_3`, `address_format`, `postcode_required`, `status`) VALUES ('77', 'Французские Южные территории', 'TF', 'ATF', '', '0', '0');
INSERT INTO `PREFIX_DB_country` (`country_id`, `name`, `iso_code_2`, `iso_code_3`, `address_format`, `postcode_required`, `status`) VALUES ('78', 'Габон', 'GA', 'GAB', '', '0', '0');
INSERT INTO `PREFIX_DB_country` (`country_id`, `name`, `iso_code_2`, `iso_code_3`, `address_format`, `postcode_required`, `status`) VALUES ('79', 'Гамбия', 'GM', 'GMB', '', '0', '0');
INSERT INTO `PREFIX_DB_country` (`country_id`, `name`, `iso_code_2`, `iso_code_3`, `address_format`, `postcode_required`, `status`) VALUES ('80', 'Грузия', 'GE', 'GEO', '', '0', '1');
INSERT INTO `PREFIX_DB_country` (`country_id`, `name`, `iso_code_2`, `iso_code_3`, `address_format`, `postcode_required`, `status`) VALUES ('81', 'Германия', 'DE', 'DEU', '{company}{firstname} {lastname}{address_1}{address_2}{postcode} {city}{country}', '0', '0');
INSERT INTO `PREFIX_DB_country` (`country_id`, `name`, `iso_code_2`, `iso_code_3`, `address_format`, `postcode_required`, `status`) VALUES ('82', 'Гана', 'GH', 'GHA', '', '0', '0');
INSERT INTO `PREFIX_DB_country` (`country_id`, `name`, `iso_code_2`, `iso_code_3`, `address_format`, `postcode_required`, `status`) VALUES ('83', 'Гибралтар', 'GI', 'GIB', '', '0', '0');
INSERT INTO `PREFIX_DB_country` (`country_id`, `name`, `iso_code_2`, `iso_code_3`, `address_format`, `postcode_required`, `status`) VALUES ('84', 'Греция', 'GR', 'GRC', '', '0', '0');
INSERT INTO `PREFIX_DB_country` (`country_id`, `name`, `iso_code_2`, `iso_code_3`, `address_format`, `postcode_required`, `status`) VALUES ('85', 'Гренландия', 'GL', 'GRL', '', '0', '0');
INSERT INTO `PREFIX_DB_country` (`country_id`, `name`, `iso_code_2`, `iso_code_3`, `address_format`, `postcode_required`, `status`) VALUES ('86', 'Гренада', 'GD', 'GRD', '', '0', '0');
INSERT INTO `PREFIX_DB_country` (`country_id`, `name`, `iso_code_2`, `iso_code_3`, `address_format`, `postcode_required`, `status`) VALUES ('87', 'Гваделупа', 'GP', 'GLP', '', '0', '0');
INSERT INTO `PREFIX_DB_country` (`country_id`, `name`, `iso_code_2`, `iso_code_3`, `address_format`, `postcode_required`, `status`) VALUES ('88', 'Гуам', 'GU', 'GUM', '', '0', '0');
INSERT INTO `PREFIX_DB_country` (`country_id`, `name`, `iso_code_2`, `iso_code_3`, `address_format`, `postcode_required`, `status`) VALUES ('89', 'Гватемала', 'GT', 'GTM', '', '0', '0');
INSERT INTO `PREFIX_DB_country` (`country_id`, `name`, `iso_code_2`, `iso_code_3`, `address_format`, `postcode_required`, `status`) VALUES ('90', 'Гвинея', 'GN', 'GIN', '', '0', '0');
INSERT INTO `PREFIX_DB_country` (`country_id`, `name`, `iso_code_2`, `iso_code_3`, `address_format`, `postcode_required`, `status`) VALUES ('91', 'Гвинея-Бисау', 'GW', 'GNB', '', '0', '0');
INSERT INTO `PREFIX_DB_country` (`country_id`, `name`, `iso_code_2`, `iso_code_3`, `address_format`, `postcode_required`, `status`) VALUES ('92', 'Гайана', 'GY', 'GUY', '', '0', '0');
INSERT INTO `PREFIX_DB_country` (`country_id`, `name`, `iso_code_2`, `iso_code_3`, `address_format`, `postcode_required`, `status`) VALUES ('93', 'Гаити', 'HT', 'HTI', '', '0', '0');
INSERT INTO `PREFIX_DB_country` (`country_id`, `name`, `iso_code_2`, `iso_code_3`, `address_format`, `postcode_required`, `status`) VALUES ('94', 'Херд и Макдональд, острова', 'HM', 'HMD', '', '0', '0');
INSERT INTO `PREFIX_DB_country` (`country_id`, `name`, `iso_code_2`, `iso_code_3`, `address_format`, `postcode_required`, `status`) VALUES ('95', 'Гондурас', 'HN', 'HND', '', '0', '0');
INSERT INTO `PREFIX_DB_country` (`country_id`, `name`, `iso_code_2`, `iso_code_3`, `address_format`, `postcode_required`, `status`) VALUES ('96', 'Гонконг', 'HK', 'HKG', '', '0', '0');
INSERT INTO `PREFIX_DB_country` (`country_id`, `name`, `iso_code_2`, `iso_code_3`, `address_format`, `postcode_required`, `status`) VALUES ('97', 'Венгрия', 'HU', 'HUN', '', '0', '0');
INSERT INTO `PREFIX_DB_country` (`country_id`, `name`, `iso_code_2`, `iso_code_3`, `address_format`, `postcode_required`, `status`) VALUES ('98', 'Исландия', 'IS', 'ISL', '', '0', '0');
INSERT INTO `PREFIX_DB_country` (`country_id`, `name`, `iso_code_2`, `iso_code_3`, `address_format`, `postcode_required`, `status`) VALUES ('99', 'Индия', 'IN', 'IND', '', '0', '0');
INSERT INTO `PREFIX_DB_country` (`country_id`, `name`, `iso_code_2`, `iso_code_3`, `address_format`, `postcode_required`, `status`) VALUES ('100', 'Индонезия', 'ID', 'IDN', '', '0', '0');
INSERT INTO `PREFIX_DB_country` (`country_id`, `name`, `iso_code_2`, `iso_code_3`, `address_format`, `postcode_required`, `status`) VALUES ('101', 'Иран', 'IR', 'IRN', '', '0', '0');
INSERT INTO `PREFIX_DB_country` (`country_id`, `name`, `iso_code_2`, `iso_code_3`, `address_format`, `postcode_required`, `status`) VALUES ('102', 'Ирак', 'IQ', 'IRQ', '', '0', '0');
INSERT INTO `PREFIX_DB_country` (`country_id`, `name`, `iso_code_2`, `iso_code_3`, `address_format`, `postcode_required`, `status`) VALUES ('103', 'Ирландия', 'IE', 'IRL', '', '0', '0');
INSERT INTO `PREFIX_DB_country` (`country_id`, `name`, `iso_code_2`, `iso_code_3`, `address_format`, `postcode_required`, `status`) VALUES ('104', 'Израиль', 'IL', 'ISR', '', '0', '0');
INSERT INTO `PREFIX_DB_country` (`country_id`, `name`, `iso_code_2`, `iso_code_3`, `address_format`, `postcode_required`, `status`) VALUES ('105', 'Италия', 'IT', 'ITA', '', '0', '0');
INSERT INTO `PREFIX_DB_country` (`country_id`, `name`, `iso_code_2`, `iso_code_3`, `address_format`, `postcode_required`, `status`) VALUES ('106', 'Ямайка', 'JM', 'JAM', '', '0', '0');
INSERT INTO `PREFIX_DB_country` (`country_id`, `name`, `iso_code_2`, `iso_code_3`, `address_format`, `postcode_required`, `status`) VALUES ('107', 'Япония', 'JP', 'JPN', '', '0', '0');
INSERT INTO `PREFIX_DB_country` (`country_id`, `name`, `iso_code_2`, `iso_code_3`, `address_format`, `postcode_required`, `status`) VALUES ('108', 'Иордания', 'JO', 'JOR', '', '0', '0');
INSERT INTO `PREFIX_DB_country` (`country_id`, `name`, `iso_code_2`, `iso_code_3`, `address_format`, `postcode_required`, `status`) VALUES ('109', 'Казахстан', 'KZ', 'KAZ', '', '0', '1');
INSERT INTO `PREFIX_DB_country` (`country_id`, `name`, `iso_code_2`, `iso_code_3`, `address_format`, `postcode_required`, `status`) VALUES ('110', 'Кения', 'KE', 'KEN', '', '0', '0');
INSERT INTO `PREFIX_DB_country` (`country_id`, `name`, `iso_code_2`, `iso_code_3`, `address_format`, `postcode_required`, `status`) VALUES ('111', 'Кирибати', 'KI', 'KIR', '', '0', '0');
INSERT INTO `PREFIX_DB_country` (`country_id`, `name`, `iso_code_2`, `iso_code_3`, `address_format`, `postcode_required`, `status`) VALUES ('112', 'Корейская Народно-Демократическая Республика', 'KP', 'PRK', '', '0', '0');
INSERT INTO `PREFIX_DB_country` (`country_id`, `name`, `iso_code_2`, `iso_code_3`, `address_format`, `postcode_required`, `status`) VALUES ('113', 'Республика Корея', 'KR', 'KOR', '', '0', '0');
INSERT INTO `PREFIX_DB_country` (`country_id`, `name`, `iso_code_2`, `iso_code_3`, `address_format`, `postcode_required`, `status`) VALUES ('114', 'Кувейт', 'KW', 'KWT', '', '0', '0');
INSERT INTO `PREFIX_DB_country` (`country_id`, `name`, `iso_code_2`, `iso_code_3`, `address_format`, `postcode_required`, `status`) VALUES ('115', 'Киргизия (Кыргызстан)', 'KG', 'KGZ', '', '0', '1');
INSERT INTO `PREFIX_DB_country` (`country_id`, `name`, `iso_code_2`, `iso_code_3`, `address_format`, `postcode_required`, `status`) VALUES ('116', 'Лаос', 'LA', 'LAO', '', '0', '0');
INSERT INTO `PREFIX_DB_country` (`country_id`, `name`, `iso_code_2`, `iso_code_3`, `address_format`, `postcode_required`, `status`) VALUES ('117', 'Латвия', 'LV', 'LVA', '', '0', '1');
INSERT INTO `PREFIX_DB_country` (`country_id`, `name`, `iso_code_2`, `iso_code_3`, `address_format`, `postcode_required`, `status`) VALUES ('118', 'Ливан', 'LB', 'LBN', '', '0', '0');
INSERT INTO `PREFIX_DB_country` (`country_id`, `name`, `iso_code_2`, `iso_code_3`, `address_format`, `postcode_required`, `status`) VALUES ('119', 'Лесото', 'LS', 'LSO', '', '0', '0');
INSERT INTO `PREFIX_DB_country` (`country_id`, `name`, `iso_code_2`, `iso_code_3`, `address_format`, `postcode_required`, `status`) VALUES ('120', 'Либерия', 'LR', 'LBR', '', '0', '0');
INSERT INTO `PREFIX_DB_country` (`country_id`, `name`, `iso_code_2`, `iso_code_3`, `address_format`, `postcode_required`, `status`) VALUES ('121', 'Ливия', 'LY', 'LBY', '', '0', '0');
INSERT INTO `PREFIX_DB_country` (`country_id`, `name`, `iso_code_2`, `iso_code_3`, `address_format`, `postcode_required`, `status`) VALUES ('122', 'Лихтенштейн', 'LI', 'LIE', '', '0', '0');
INSERT INTO `PREFIX_DB_country` (`country_id`, `name`, `iso_code_2`, `iso_code_3`, `address_format`, `postcode_required`, `status`) VALUES ('123', 'Литва', 'LT', 'LTU', '', '0', '1');
INSERT INTO `PREFIX_DB_country` (`country_id`, `name`, `iso_code_2`, `iso_code_3`, `address_format`, `postcode_required`, `status`) VALUES ('124', 'Люксембург', 'LU', 'LUX', '', '0', '0');
INSERT INTO `PREFIX_DB_country` (`country_id`, `name`, `iso_code_2`, `iso_code_3`, `address_format`, `postcode_required`, `status`) VALUES ('125', 'Макао', 'MO', 'MAC', '', '0', '0');
INSERT INTO `PREFIX_DB_country` (`country_id`, `name`, `iso_code_2`, `iso_code_3`, `address_format`, `postcode_required`, `status`) VALUES ('126', 'Македония', 'MK', 'MKD', '', '0', '0');
INSERT INTO `PREFIX_DB_country` (`country_id`, `name`, `iso_code_2`, `iso_code_3`, `address_format`, `postcode_required`, `status`) VALUES ('127', 'Мадагаскар', 'MG', 'MDG', '', '0', '0');
INSERT INTO `PREFIX_DB_country` (`country_id`, `name`, `iso_code_2`, `iso_code_3`, `address_format`, `postcode_required`, `status`) VALUES ('128', 'Малави', 'MW', 'MWI', '', '0', '0');
INSERT INTO `PREFIX_DB_country` (`country_id`, `name`, `iso_code_2`, `iso_code_3`, `address_format`, `postcode_required`, `status`) VALUES ('129', 'Малайзия', 'MY', 'MYS', '', '0', '0');
INSERT INTO `PREFIX_DB_country` (`country_id`, `name`, `iso_code_2`, `iso_code_3`, `address_format`, `postcode_required`, `status`) VALUES ('130', 'Мальдивы', 'MV', 'MDV', '', '0', '0');
INSERT INTO `PREFIX_DB_country` (`country_id`, `name`, `iso_code_2`, `iso_code_3`, `address_format`, `postcode_required`, `status`) VALUES ('131', 'Мали', 'ML', 'MLI', '', '0', '0');
INSERT INTO `PREFIX_DB_country` (`country_id`, `name`, `iso_code_2`, `iso_code_3`, `address_format`, `postcode_required`, `status`) VALUES ('132', 'Мальта', 'MT', 'MLT', '', '0', '0');
INSERT INTO `PREFIX_DB_country` (`country_id`, `name`, `iso_code_2`, `iso_code_3`, `address_format`, `postcode_required`, `status`) VALUES ('133', 'Маршалловы острова', 'MH', 'MHL', '', '0', '0');
INSERT INTO `PREFIX_DB_country` (`country_id`, `name`, `iso_code_2`, `iso_code_3`, `address_format`, `postcode_required`, `status`) VALUES ('134', 'Мартиника', 'MQ', 'MTQ', '', '0', '0');
INSERT INTO `PREFIX_DB_country` (`country_id`, `name`, `iso_code_2`, `iso_code_3`, `address_format`, `postcode_required`, `status`) VALUES ('135', 'Мавритания', 'MR', 'MRT', '', '0', '0');
INSERT INTO `PREFIX_DB_country` (`country_id`, `name`, `iso_code_2`, `iso_code_3`, `address_format`, `postcode_required`, `status`) VALUES ('136', 'Маврикий', 'MU', 'MUS', '', '0', '0');
INSERT INTO `PREFIX_DB_country` (`country_id`, `name`, `iso_code_2`, `iso_code_3`, `address_format`, `postcode_required`, `status`) VALUES ('137', 'Майотта', 'YT', 'MYT', '', '0', '0');
INSERT INTO `PREFIX_DB_country` (`country_id`, `name`, `iso_code_2`, `iso_code_3`, `address_format`, `postcode_required`, `status`) VALUES ('138', 'Мексика', 'MX', 'MEX', '', '0', '0');
INSERT INTO `PREFIX_DB_country` (`country_id`, `name`, `iso_code_2`, `iso_code_3`, `address_format`, `postcode_required`, `status`) VALUES ('139', 'Микронезия', 'FM', 'FSM', '', '0', '0');
INSERT INTO `PREFIX_DB_country` (`country_id`, `name`, `iso_code_2`, `iso_code_3`, `address_format`, `postcode_required`, `status`) VALUES ('140', 'Молдова', 'MD', 'MDA', '', '0', '1');
INSERT INTO `PREFIX_DB_country` (`country_id`, `name`, `iso_code_2`, `iso_code_3`, `address_format`, `postcode_required`, `status`) VALUES ('141', 'Монако', 'MC', 'MCO', '', '0', '0');
INSERT INTO `PREFIX_DB_country` (`country_id`, `name`, `iso_code_2`, `iso_code_3`, `address_format`, `postcode_required`, `status`) VALUES ('142', 'Монголия', 'MN', 'MNG', '', '0', '0');
INSERT INTO `PREFIX_DB_country` (`country_id`, `name`, `iso_code_2`, `iso_code_3`, `address_format`, `postcode_required`, `status`) VALUES ('143', 'Монтсеррат', 'MS', 'MSR', '', '0', '0');
INSERT INTO `PREFIX_DB_country` (`country_id`, `name`, `iso_code_2`, `iso_code_3`, `address_format`, `postcode_required`, `status`) VALUES ('144', 'Марокко', 'MA', 'MAR', '', '0', '0');
INSERT INTO `PREFIX_DB_country` (`country_id`, `name`, `iso_code_2`, `iso_code_3`, `address_format`, `postcode_required`, `status`) VALUES ('145', 'Мозамбик', 'MZ', 'MOZ', '', '0', '0');
INSERT INTO `PREFIX_DB_country` (`country_id`, `name`, `iso_code_2`, `iso_code_3`, `address_format`, `postcode_required`, `status`) VALUES ('146', 'Мьянма', 'MM', 'MMR', '', '0', '0');
INSERT INTO `PREFIX_DB_country` (`country_id`, `name`, `iso_code_2`, `iso_code_3`, `address_format`, `postcode_required`, `status`) VALUES ('147', 'Намибия', 'NA', 'NAM', '', '0', '0');
INSERT INTO `PREFIX_DB_country` (`country_id`, `name`, `iso_code_2`, `iso_code_3`, `address_format`, `postcode_required`, `status`) VALUES ('148', 'Науру', 'NR', 'NRU', '', '0', '0');
INSERT INTO `PREFIX_DB_country` (`country_id`, `name`, `iso_code_2`, `iso_code_3`, `address_format`, `postcode_required`, `status`) VALUES ('149', 'Непал', 'NP', 'NPL', '', '0', '0');
INSERT INTO `PREFIX_DB_country` (`country_id`, `name`, `iso_code_2`, `iso_code_3`, `address_format`, `postcode_required`, `status`) VALUES ('150', 'Нидерланды', 'NL', 'NLD', '', '0', '0');
INSERT INTO `PREFIX_DB_country` (`country_id`, `name`, `iso_code_2`, `iso_code_3`, `address_format`, `postcode_required`, `status`) VALUES ('151', 'Антильские (Нидерландские) острова', 'AN', 'ANT', '', '0', '0');
INSERT INTO `PREFIX_DB_country` (`country_id`, `name`, `iso_code_2`, `iso_code_3`, `address_format`, `postcode_required`, `status`) VALUES ('152', 'Новая Каледония', 'NC', 'NCL', '', '0', '0');
INSERT INTO `PREFIX_DB_country` (`country_id`, `name`, `iso_code_2`, `iso_code_3`, `address_format`, `postcode_required`, `status`) VALUES ('153', 'Новая Зеландия', 'NZ', 'NZL', '', '0', '0');
INSERT INTO `PREFIX_DB_country` (`country_id`, `name`, `iso_code_2`, `iso_code_3`, `address_format`, `postcode_required`, `status`) VALUES ('154', 'Никарагуа', 'NI', 'NIC', '', '0', '0');
INSERT INTO `PREFIX_DB_country` (`country_id`, `name`, `iso_code_2`, `iso_code_3`, `address_format`, `postcode_required`, `status`) VALUES ('155', 'Нигер', 'NE', 'NER', '', '0', '0');
INSERT INTO `PREFIX_DB_country` (`country_id`, `name`, `iso_code_2`, `iso_code_3`, `address_format`, `postcode_required`, `status`) VALUES ('156', 'Нигерия', 'NG', 'NGA', '', '0', '0');
INSERT INTO `PREFIX_DB_country` (`country_id`, `name`, `iso_code_2`, `iso_code_3`, `address_format`, `postcode_required`, `status`) VALUES ('157', 'Ниуэ', 'NU', 'NIU', '', '0', '0');
INSERT INTO `PREFIX_DB_country` (`country_id`, `name`, `iso_code_2`, `iso_code_3`, `address_format`, `postcode_required`, `status`) VALUES ('158', 'Остров Норфолк', 'NF', 'NFK', '', '0', '0');
INSERT INTO `PREFIX_DB_country` (`country_id`, `name`, `iso_code_2`, `iso_code_3`, `address_format`, `postcode_required`, `status`) VALUES ('159', 'Северные Марианские острова', 'MP', 'MNP', '', '0', '0');
INSERT INTO `PREFIX_DB_country` (`country_id`, `name`, `iso_code_2`, `iso_code_3`, `address_format`, `postcode_required`, `status`) VALUES ('160', 'Норвегия', 'NO', 'NOR', '', '0', '0');
INSERT INTO `PREFIX_DB_country` (`country_id`, `name`, `iso_code_2`, `iso_code_3`, `address_format`, `postcode_required`, `status`) VALUES ('161', 'Оман', 'OM', 'OMN', '', '0', '0');
INSERT INTO `PREFIX_DB_country` (`country_id`, `name`, `iso_code_2`, `iso_code_3`, `address_format`, `postcode_required`, `status`) VALUES ('162', 'Пакистан', 'PK', 'PAK', '', '0', '0');
INSERT INTO `PREFIX_DB_country` (`country_id`, `name`, `iso_code_2`, `iso_code_3`, `address_format`, `postcode_required`, `status`) VALUES ('163', 'Палау', 'PW', 'PLW', '', '0', '0');
INSERT INTO `PREFIX_DB_country` (`country_id`, `name`, `iso_code_2`, `iso_code_3`, `address_format`, `postcode_required`, `status`) VALUES ('164', 'Панама', 'PA', 'PAN', '', '0', '0');
INSERT INTO `PREFIX_DB_country` (`country_id`, `name`, `iso_code_2`, `iso_code_3`, `address_format`, `postcode_required`, `status`) VALUES ('165', 'Папуа - Новая Гвинея', 'PG', 'PNG', '', '0', '0');
INSERT INTO `PREFIX_DB_country` (`country_id`, `name`, `iso_code_2`, `iso_code_3`, `address_format`, `postcode_required`, `status`) VALUES ('166', 'Парагвай', 'PY', 'PRY', '', '0', '0');
INSERT INTO `PREFIX_DB_country` (`country_id`, `name`, `iso_code_2`, `iso_code_3`, `address_format`, `postcode_required`, `status`) VALUES ('167', 'Перу', 'PE', 'PER', '', '0', '0');
INSERT INTO `PREFIX_DB_country` (`country_id`, `name`, `iso_code_2`, `iso_code_3`, `address_format`, `postcode_required`, `status`) VALUES ('168', 'Филиппины', 'PH', 'PHL', '', '0', '0');
INSERT INTO `PREFIX_DB_country` (`country_id`, `name`, `iso_code_2`, `iso_code_3`, `address_format`, `postcode_required`, `status`) VALUES ('169', 'Острова Питкэрн', 'PN', 'PCN', '', '0', '0');
INSERT INTO `PREFIX_DB_country` (`country_id`, `name`, `iso_code_2`, `iso_code_3`, `address_format`, `postcode_required`, `status`) VALUES ('170', 'Польша', 'PL', 'POL', '', '0', '0');
INSERT INTO `PREFIX_DB_country` (`country_id`, `name`, `iso_code_2`, `iso_code_3`, `address_format`, `postcode_required`, `status`) VALUES ('171', 'Португалия', 'PT', 'PRT', '', '0', '0');
INSERT INTO `PREFIX_DB_country` (`country_id`, `name`, `iso_code_2`, `iso_code_3`, `address_format`, `postcode_required`, `status`) VALUES ('172', 'Пуэрто-Рико', 'PR', 'PRI', '', '0', '0');
INSERT INTO `PREFIX_DB_country` (`country_id`, `name`, `iso_code_2`, `iso_code_3`, `address_format`, `postcode_required`, `status`) VALUES ('173', 'Катар', 'QA', 'QAT', '', '0', '0');
INSERT INTO `PREFIX_DB_country` (`country_id`, `name`, `iso_code_2`, `iso_code_3`, `address_format`, `postcode_required`, `status`) VALUES ('174', 'Реюньон', 'RE', 'REU', '', '0', '0');
INSERT INTO `PREFIX_DB_country` (`country_id`, `name`, `iso_code_2`, `iso_code_3`, `address_format`, `postcode_required`, `status`) VALUES ('175', 'Румыния', 'RO', 'ROM', '', '0', '0');
INSERT INTO `PREFIX_DB_country` (`country_id`, `name`, `iso_code_2`, `iso_code_3`, `address_format`, `postcode_required`, `status`) VALUES ('176', 'Российская Федерация', 'RU', 'RUS', '', '0', '1');
INSERT INTO `PREFIX_DB_country` (`country_id`, `name`, `iso_code_2`, `iso_code_3`, `address_format`, `postcode_required`, `status`) VALUES ('177', 'Руанда', 'RW', 'RWA', '', '0', '0');
INSERT INTO `PREFIX_DB_country` (`country_id`, `name`, `iso_code_2`, `iso_code_3`, `address_format`, `postcode_required`, `status`) VALUES ('178', 'Сент-Китс и Невис', 'KN', 'KNA', '', '0', '0');
INSERT INTO `PREFIX_DB_country` (`country_id`, `name`, `iso_code_2`, `iso_code_3`, `address_format`, `postcode_required`, `status`) VALUES ('179', 'Сент-Люсия', 'LC', 'LCA', '', '0', '0');
INSERT INTO `PREFIX_DB_country` (`country_id`, `name`, `iso_code_2`, `iso_code_3`, `address_format`, `postcode_required`, `status`) VALUES ('180', 'Сент-Винсент и Гренадины', 'VC', 'VCT', '', '0', '0');
INSERT INTO `PREFIX_DB_country` (`country_id`, `name`, `iso_code_2`, `iso_code_3`, `address_format`, `postcode_required`, `status`) VALUES ('181', 'Западное Самоа', 'WS', 'WSM', '', '0', '0');
INSERT INTO `PREFIX_DB_country` (`country_id`, `name`, `iso_code_2`, `iso_code_3`, `address_format`, `postcode_required`, `status`) VALUES ('182', 'Сан-Марино', 'SM', 'SMR', '', '0', '0');
INSERT INTO `PREFIX_DB_country` (`country_id`, `name`, `iso_code_2`, `iso_code_3`, `address_format`, `postcode_required`, `status`) VALUES ('183', 'Сан-Томе и Принсипи', 'ST', 'STP', '', '0', '0');
INSERT INTO `PREFIX_DB_country` (`country_id`, `name`, `iso_code_2`, `iso_code_3`, `address_format`, `postcode_required`, `status`) VALUES ('184', 'Саудовская Аравия', 'SA', 'SAU', '', '0', '0');
INSERT INTO `PREFIX_DB_country` (`country_id`, `name`, `iso_code_2`, `iso_code_3`, `address_format`, `postcode_required`, `status`) VALUES ('185', 'Сенегал', 'SN', 'SEN', '', '0', '0');
INSERT INTO `PREFIX_DB_country` (`country_id`, `name`, `iso_code_2`, `iso_code_3`, `address_format`, `postcode_required`, `status`) VALUES ('186', 'Сейшельские острова', 'SC', 'SYC', '', '0', '0');
INSERT INTO `PREFIX_DB_country` (`country_id`, `name`, `iso_code_2`, `iso_code_3`, `address_format`, `postcode_required`, `status`) VALUES ('187', 'Сьерра-Леоне', 'SL', 'SLE', '', '0', '0');
INSERT INTO `PREFIX_DB_country` (`country_id`, `name`, `iso_code_2`, `iso_code_3`, `address_format`, `postcode_required`, `status`) VALUES ('188', 'Сингапур', 'SG', 'SGP', '', '0', '0');
INSERT INTO `PREFIX_DB_country` (`country_id`, `name`, `iso_code_2`, `iso_code_3`, `address_format`, `postcode_required`, `status`) VALUES ('189', 'Словакия', 'SK', 'SVK', '{firstname} {lastname}{company}{address_1}{address_2}{city} {postcode}{zone}{country}', '0', '0');
INSERT INTO `PREFIX_DB_country` (`country_id`, `name`, `iso_code_2`, `iso_code_3`, `address_format`, `postcode_required`, `status`) VALUES ('190', 'Словения', 'SI', 'SVN', '', '0', '0');
INSERT INTO `PREFIX_DB_country` (`country_id`, `name`, `iso_code_2`, `iso_code_3`, `address_format`, `postcode_required`, `status`) VALUES ('191', 'Соломоновы острова', 'SB', 'SLB', '', '0', '0');
INSERT INTO `PREFIX_DB_country` (`country_id`, `name`, `iso_code_2`, `iso_code_3`, `address_format`, `postcode_required`, `status`) VALUES ('192', 'Сомали', 'SO', 'SOM', '', '0', '0');
INSERT INTO `PREFIX_DB_country` (`country_id`, `name`, `iso_code_2`, `iso_code_3`, `address_format`, `postcode_required`, `status`) VALUES ('193', 'Южно-Африканская Республика', 'ZA', 'ZAF', '', '0', '0');
INSERT INTO `PREFIX_DB_country` (`country_id`, `name`, `iso_code_2`, `iso_code_3`, `address_format`, `postcode_required`, `status`) VALUES ('194', 'Южная Джорджия и Южные Сандвичевы острова', 'GS', 'SGS', '', '0', '0');
INSERT INTO `PREFIX_DB_country` (`country_id`, `name`, `iso_code_2`, `iso_code_3`, `address_format`, `postcode_required`, `status`) VALUES ('195', 'Испания', 'ES', 'ESP', '', '0', '0');
INSERT INTO `PREFIX_DB_country` (`country_id`, `name`, `iso_code_2`, `iso_code_3`, `address_format`, `postcode_required`, `status`) VALUES ('196', 'Шри-Ланка', 'LK', 'LKA', '', '0', '0');
INSERT INTO `PREFIX_DB_country` (`country_id`, `name`, `iso_code_2`, `iso_code_3`, `address_format`, `postcode_required`, `status`) VALUES ('197', 'Остров Святой Елены', 'SH', 'SHN', '', '0', '0');
INSERT INTO `PREFIX_DB_country` (`country_id`, `name`, `iso_code_2`, `iso_code_3`, `address_format`, `postcode_required`, `status`) VALUES ('198', 'Сен-Пьер и Микелон', 'PM', 'SPM', '', '0', '0');
INSERT INTO `PREFIX_DB_country` (`country_id`, `name`, `iso_code_2`, `iso_code_3`, `address_format`, `postcode_required`, `status`) VALUES ('199', 'Судан', 'SD', 'SDN', '', '0', '0');
INSERT INTO `PREFIX_DB_country` (`country_id`, `name`, `iso_code_2`, `iso_code_3`, `address_format`, `postcode_required`, `status`) VALUES ('200', 'Суринам', 'SR', 'SUR', '', '0', '0');
INSERT INTO `PREFIX_DB_country` (`country_id`, `name`, `iso_code_2`, `iso_code_3`, `address_format`, `postcode_required`, `status`) VALUES ('201', 'Шпицберген и Ян Майен', 'SJ', 'SJM', '', '0', '0');
INSERT INTO `PREFIX_DB_country` (`country_id`, `name`, `iso_code_2`, `iso_code_3`, `address_format`, `postcode_required`, `status`) VALUES ('202', 'Свазиленд', 'SZ', 'SWZ', '', '0', '0');
INSERT INTO `PREFIX_DB_country` (`country_id`, `name`, `iso_code_2`, `iso_code_3`, `address_format`, `postcode_required`, `status`) VALUES ('203', 'Швеция', 'SE', 'SWE', '', '0', '0');
INSERT INTO `PREFIX_DB_country` (`country_id`, `name`, `iso_code_2`, `iso_code_3`, `address_format`, `postcode_required`, `status`) VALUES ('204', 'Швейцария', 'CH', 'CHE', '', '0', '0');
INSERT INTO `PREFIX_DB_country` (`country_id`, `name`, `iso_code_2`, `iso_code_3`, `address_format`, `postcode_required`, `status`) VALUES ('205', 'Сирия', 'SY', 'SYR', '', '0', '0');
INSERT INTO `PREFIX_DB_country` (`country_id`, `name`, `iso_code_2`, `iso_code_3`, `address_format`, `postcode_required`, `status`) VALUES ('206', 'Тайвань (провинция Китая)', 'TW', 'TWN', '', '0', '0');
INSERT INTO `PREFIX_DB_country` (`country_id`, `name`, `iso_code_2`, `iso_code_3`, `address_format`, `postcode_required`, `status`) VALUES ('207', 'Таджикистан', 'TJ', 'TJK', '', '0', '1');
INSERT INTO `PREFIX_DB_country` (`country_id`, `name`, `iso_code_2`, `iso_code_3`, `address_format`, `postcode_required`, `status`) VALUES ('208', 'Танзания', 'TZ', 'TZA', '', '0', '0');
INSERT INTO `PREFIX_DB_country` (`country_id`, `name`, `iso_code_2`, `iso_code_3`, `address_format`, `postcode_required`, `status`) VALUES ('209', 'Таиланд', 'TH', 'THA', '', '0', '0');
INSERT INTO `PREFIX_DB_country` (`country_id`, `name`, `iso_code_2`, `iso_code_3`, `address_format`, `postcode_required`, `status`) VALUES ('210', 'Того', 'TG', 'TGO', '', '0', '0');
INSERT INTO `PREFIX_DB_country` (`country_id`, `name`, `iso_code_2`, `iso_code_3`, `address_format`, `postcode_required`, `status`) VALUES ('211', 'Токелау', 'TK', 'TKL', '', '0', '0');
INSERT INTO `PREFIX_DB_country` (`country_id`, `name`, `iso_code_2`, `iso_code_3`, `address_format`, `postcode_required`, `status`) VALUES ('212', 'Тонга', 'TO', 'TON', '', '0', '0');
INSERT INTO `PREFIX_DB_country` (`country_id`, `name`, `iso_code_2`, `iso_code_3`, `address_format`, `postcode_required`, `status`) VALUES ('213', 'Тринидад и Тобаго', 'TT', 'TTO', '', '0', '0');
INSERT INTO `PREFIX_DB_country` (`country_id`, `name`, `iso_code_2`, `iso_code_3`, `address_format`, `postcode_required`, `status`) VALUES ('214', 'Тунис', 'TN', 'TUN', '', '0', '0');
INSERT INTO `PREFIX_DB_country` (`country_id`, `name`, `iso_code_2`, `iso_code_3`, `address_format`, `postcode_required`, `status`) VALUES ('215', 'Турция', 'TR', 'TUR', '', '0', '0');
INSERT INTO `PREFIX_DB_country` (`country_id`, `name`, `iso_code_2`, `iso_code_3`, `address_format`, `postcode_required`, `status`) VALUES ('216', 'Туркменистан', 'TM', 'TKM', '', '0', '1');
INSERT INTO `PREFIX_DB_country` (`country_id`, `name`, `iso_code_2`, `iso_code_3`, `address_format`, `postcode_required`, `status`) VALUES ('217', 'Острова Теркс и Кайкос', 'TC', 'TCA', '', '0', '0');
INSERT INTO `PREFIX_DB_country` (`country_id`, `name`, `iso_code_2`, `iso_code_3`, `address_format`, `postcode_required`, `status`) VALUES ('218', 'Тувалу', 'TV', 'TUV', '', '0', '0');
INSERT INTO `PREFIX_DB_country` (`country_id`, `name`, `iso_code_2`, `iso_code_3`, `address_format`, `postcode_required`, `status`) VALUES ('219', 'Уганда', 'UG', 'UGA', '', '0', '0');
INSERT INTO `PREFIX_DB_country` (`country_id`, `name`, `iso_code_2`, `iso_code_3`, `address_format`, `postcode_required`, `status`) VALUES ('220', 'Украина', 'UA', 'UKR', '', '0', '1');
INSERT INTO `PREFIX_DB_country` (`country_id`, `name`, `iso_code_2`, `iso_code_3`, `address_format`, `postcode_required`, `status`) VALUES ('221', 'Объединенные Арабские Эмираты', 'AE', 'ARE', '', '0', '0');
INSERT INTO `PREFIX_DB_country` (`country_id`, `name`, `iso_code_2`, `iso_code_3`, `address_format`, `postcode_required`, `status`) VALUES ('222', 'Великобритания', 'GB', 'GBR', '', '1', '0');
INSERT INTO `PREFIX_DB_country` (`country_id`, `name`, `iso_code_2`, `iso_code_3`, `address_format`, `postcode_required`, `status`) VALUES ('223', 'Соединенные Штаты Америки', 'US', 'USA', '{firstname} {lastname}{company}{address_1}{address_2}{city}, {zone} {postcode}{country}', '0', '0');
INSERT INTO `PREFIX_DB_country` (`country_id`, `name`, `iso_code_2`, `iso_code_3`, `address_format`, `postcode_required`, `status`) VALUES ('224', 'Мелкие отдаленные острова США', 'UM', 'UMI', '', '0', '0');
INSERT INTO `PREFIX_DB_country` (`country_id`, `name`, `iso_code_2`, `iso_code_3`, `address_format`, `postcode_required`, `status`) VALUES ('225', 'Уругвай', 'UY', 'URY', '', '0', '0');
INSERT INTO `PREFIX_DB_country` (`country_id`, `name`, `iso_code_2`, `iso_code_3`, `address_format`, `postcode_required`, `status`) VALUES ('226', 'Узбекистан', 'UZ', 'UZB', '', '0', '1');
INSERT INTO `PREFIX_DB_country` (`country_id`, `name`, `iso_code_2`, `iso_code_3`, `address_format`, `postcode_required`, `status`) VALUES ('227', 'Вануату', 'VU', 'VUT', '', '0', '0');
INSERT INTO `PREFIX_DB_country` (`country_id`, `name`, `iso_code_2`, `iso_code_3`, `address_format`, `postcode_required`, `status`) VALUES ('228', 'Ватикан', 'VA', 'VAT', '', '0', '0');
INSERT INTO `PREFIX_DB_country` (`country_id`, `name`, `iso_code_2`, `iso_code_3`, `address_format`, `postcode_required`, `status`) VALUES ('229', 'Венесуэла', 'VE', 'VEN', '', '0', '0');
INSERT INTO `PREFIX_DB_country` (`country_id`, `name`, `iso_code_2`, `iso_code_3`, `address_format`, `postcode_required`, `status`) VALUES ('230', 'Вьетнам', 'VN', 'VNM', '', '0', '0');
INSERT INTO `PREFIX_DB_country` (`country_id`, `name`, `iso_code_2`, `iso_code_3`, `address_format`, `postcode_required`, `status`) VALUES ('231', 'Виргинские острова (Британские)', 'VG', 'VGB', '', '0', '0');
INSERT INTO `PREFIX_DB_country` (`country_id`, `name`, `iso_code_2`, `iso_code_3`, `address_format`, `postcode_required`, `status`) VALUES ('232', 'Виргинские острова (США)', 'VI', 'VIR', '', '0', '0');
INSERT INTO `PREFIX_DB_country` (`country_id`, `name`, `iso_code_2`, `iso_code_3`, `address_format`, `postcode_required`, `status`) VALUES ('233', 'Уоллис и Футуна', 'WF', 'WLF', '', '0', '0');
INSERT INTO `PREFIX_DB_country` (`country_id`, `name`, `iso_code_2`, `iso_code_3`, `address_format`, `postcode_required`, `status`) VALUES ('234', 'Западная Сахара', 'EH', 'ESH', '', '0', '0');
INSERT INTO `PREFIX_DB_country` (`country_id`, `name`, `iso_code_2`, `iso_code_3`, `address_format`, `postcode_required`, `status`) VALUES ('235', 'Йемен', 'YE', 'YEM', '', '0', '0');
INSERT INTO `PREFIX_DB_country` (`country_id`, `name`, `iso_code_2`, `iso_code_3`, `address_format`, `postcode_required`, `status`) VALUES ('236', 'Сербия и Черногория', 'CS', 'SCG', '', '0', '0');
INSERT INTO `PREFIX_DB_country` (`country_id`, `name`, `iso_code_2`, `iso_code_3`, `address_format`, `postcode_required`, `status`) VALUES ('237', 'Заир', 'ZR', 'ZAR', '', '0', '0');
INSERT INTO `PREFIX_DB_country` (`country_id`, `name`, `iso_code_2`, `iso_code_3`, `address_format`, `postcode_required`, `status`) VALUES ('238', 'Замбия', 'ZM', 'ZMB', '', '0', '0');
INSERT INTO `PREFIX_DB_country` (`country_id`, `name`, `iso_code_2`, `iso_code_3`, `address_format`, `postcode_required`, `status`) VALUES ('239', 'Зимбабве', 'ZW', 'ZWE', '', '0', '0');
INSERT INTO `PREFIX_DB_country` (`country_id`, `name`, `iso_code_2`, `iso_code_3`, `address_format`, `postcode_required`, `status`) VALUES ('242', 'Черногория', 'ME', 'MNE', '', '0', '0');
INSERT INTO `PREFIX_DB_country` (`country_id`, `name`, `iso_code_2`, `iso_code_3`, `address_format`, `postcode_required`, `status`) VALUES ('243', 'Сербия', 'RS', 'SRB', '', '0', '0');
INSERT INTO `PREFIX_DB_country` (`country_id`, `name`, `iso_code_2`, `iso_code_3`, `address_format`, `postcode_required`, `status`) VALUES ('244', 'Аландские острова', 'AX', 'ALA', '', '0', '0');
INSERT INTO `PREFIX_DB_country` (`country_id`, `name`, `iso_code_2`, `iso_code_3`, `address_format`, `postcode_required`, `status`) VALUES ('245', 'Бонайре, Синт-Эстатиус и Саба', 'BQ', 'BES', '', '0', '0');
INSERT INTO `PREFIX_DB_country` (`country_id`, `name`, `iso_code_2`, `iso_code_3`, `address_format`, `postcode_required`, `status`) VALUES ('246', 'Кюрасао', 'CW', 'CUW', '', '0', '0');
INSERT INTO `PREFIX_DB_country` (`country_id`, `name`, `iso_code_2`, `iso_code_3`, `address_format`, `postcode_required`, `status`) VALUES ('247', 'Палестинская территория, оккупированная', 'PS', 'PSE', '', '0', '0');
INSERT INTO `PREFIX_DB_country` (`country_id`, `name`, `iso_code_2`, `iso_code_3`, `address_format`, `postcode_required`, `status`) VALUES ('248', 'Южный Судан', 'SS', 'SSD', '', '0', '0');
INSERT INTO `PREFIX_DB_country` (`country_id`, `name`, `iso_code_2`, `iso_code_3`, `address_format`, `postcode_required`, `status`) VALUES ('249', 'Санкт-Бартелеми', 'BL', 'BLM', '', '0', '0');
INSERT INTO `PREFIX_DB_country` (`country_id`, `name`, `iso_code_2`, `iso_code_3`, `address_format`, `postcode_required`, `status`) VALUES ('250', 'Санкт-Мартин (французская часть)', 'MF', 'MAF', '', '0', '0');
INSERT INTO `PREFIX_DB_country` (`country_id`, `name`, `iso_code_2`, `iso_code_3`, `address_format`, `postcode_required`, `status`) VALUES ('251', 'Канарские Острова', 'IC', 'ICA', '', '0', '0');
INSERT INTO `PREFIX_DB_country` (`country_id`, `name`, `iso_code_2`, `iso_code_3`, `address_format`, `postcode_required`, `status`) VALUES ('252', 'Остров Вознесения (Великобритания)', 'AC', 'ASC', '', '0', '0');
INSERT INTO `PREFIX_DB_country` (`country_id`, `name`, `iso_code_2`, `iso_code_3`, `address_format`, `postcode_required`, `status`) VALUES ('253', 'Косово, Республика', 'XK', 'UNK', '', '0', '0');
INSERT INTO `PREFIX_DB_country` (`country_id`, `name`, `iso_code_2`, `iso_code_3`, `address_format`, `postcode_required`, `status`) VALUES ('254', 'Остров Мэн', 'IM', 'IMN', '', '0', '0');
INSERT INTO `PREFIX_DB_country` (`country_id`, `name`, `iso_code_2`, `iso_code_3`, `address_format`, `postcode_required`, `status`) VALUES ('255', 'Тристан-да-Кунья', 'TA', 'SHN', '', '0', '0');
INSERT INTO `PREFIX_DB_country` (`country_id`, `name`, `iso_code_2`, `iso_code_3`, `address_format`, `postcode_required`, `status`) VALUES ('256', 'Остров Гернси', 'GG', 'GGY', '', '0', '0');
INSERT INTO `PREFIX_DB_country` (`country_id`, `name`, `iso_code_2`, `iso_code_3`, `address_format`, `postcode_required`, `status`) VALUES ('257', 'Остров Джерси', 'JE', 'JEY', '', '0', '0');


TRUNCATE TABLE `PREFIX_DB_coupon`;

INSERT INTO `PREFIX_DB_coupon` (`coupon_id`, `name`, `code`, `type`, `discount`, `logged`, `shipping`, `total`, `date_start`, `date_end`, `uses_total`, `uses_customer`, `status`, `date_added`) VALUES ('7', 'скидка 200р', '45678834', 'F', '200.0000', '0', '0', '0.0000', '2017-03-16', '2027-04-16', '0', '0', '1', '2017-03-16 07:54:28');


TRUNCATE TABLE `PREFIX_DB_currency`;

INSERT INTO `PREFIX_DB_currency` (`currency_id`, `title`, `code`, `symbol_left`, `symbol_right`, `decimal_place`, `value`, `status`, `date_modified`) VALUES ('1', 'Рубль', 'RUB', '', ' р.', '2', '1.00000000', '1', '2017-03-21 21:54:36');
INSERT INTO `PREFIX_DB_currency` (`currency_id`, `title`, `code`, `symbol_left`, `symbol_right`, `decimal_place`, `value`, `status`, `date_modified`) VALUES ('2', 'US Dollar', 'USD', '$', '', '2', '0.01730000', '1', '2017-03-21 18:47:26');
INSERT INTO `PREFIX_DB_currency` (`currency_id`, `title`, `code`, `symbol_left`, `symbol_right`, `decimal_place`, `value`, `status`, `date_modified`) VALUES ('3', 'Euro', 'EUR', '', '€', '2', '0.01600000', '1', '2017-03-21 18:47:26');


TRUNCATE TABLE `PREFIX_DB_customer_group`;

INSERT INTO `PREFIX_DB_customer_group` (`customer_group_id`, `approval`, `sort_order`) VALUES ('1', '0', '1');


TRUNCATE TABLE `PREFIX_DB_customer_group_description`;

INSERT INTO `PREFIX_DB_customer_group_description` (`customer_group_id`, `language_id`, `name`, `description`) VALUES ('1', '1', 'Default', 'test');
INSERT INTO `PREFIX_DB_customer_group_description` (`customer_group_id`, `language_id`, `name`, `description`) VALUES ('1', '2', 'Default', 'test');


TRUNCATE TABLE `PREFIX_DB_customer_wishlist`;

INSERT INTO `PREFIX_DB_customer_wishlist` (`customer_id`, `product_id`, `date_added`) VALUES ('1', '52', '2017-03-15 01:55:03');


TRUNCATE TABLE `PREFIX_DB_download`;



TRUNCATE TABLE `PREFIX_DB_download_description`;


TRUNCATE TABLE `PREFIX_DB_event`;

INSERT INTO `PREFIX_DB_event` (`event_id`, `code`, `trigger`, `action`, `status`, `date_added`) VALUES ('1', 'voucher', 'catalog/model/checkout/order/addOrderHistory/after', 'extension/total/voucher/send', '0', '0000-00-00 00:00:00');


TRUNCATE TABLE `PREFIX_DB_extension`;

INSERT INTO `PREFIX_DB_extension` (`extension_id`, `type`, `code`) VALUES ('1', 'payment', 'cod');
INSERT INTO `PREFIX_DB_extension` (`extension_id`, `type`, `code`) VALUES ('2', 'total', 'shipping');
INSERT INTO `PREFIX_DB_extension` (`extension_id`, `type`, `code`) VALUES ('3', 'total', 'sub_total');
INSERT INTO `PREFIX_DB_extension` (`extension_id`, `type`, `code`) VALUES ('4', 'total', 'tax');
INSERT INTO `PREFIX_DB_extension` (`extension_id`, `type`, `code`) VALUES ('5', 'total', 'total');
INSERT INTO `PREFIX_DB_extension` (`extension_id`, `type`, `code`) VALUES ('6', 'module', 'banner');
INSERT INTO `PREFIX_DB_extension` (`extension_id`, `type`, `code`) VALUES ('7', 'module', 'carousel');
INSERT INTO `PREFIX_DB_extension` (`extension_id`, `type`, `code`) VALUES ('8', 'total', 'credit');
INSERT INTO `PREFIX_DB_extension` (`extension_id`, `type`, `code`) VALUES ('9', 'shipping', 'flat');
INSERT INTO `PREFIX_DB_extension` (`extension_id`, `type`, `code`) VALUES ('10', 'total', 'handling');
INSERT INTO `PREFIX_DB_extension` (`extension_id`, `type`, `code`) VALUES ('11', 'total', 'low_order_fee');
INSERT INTO `PREFIX_DB_extension` (`extension_id`, `type`, `code`) VALUES ('12', 'total', 'coupon');
INSERT INTO `PREFIX_DB_extension` (`extension_id`, `type`, `code`) VALUES ('13', 'module', 'category');
INSERT INTO `PREFIX_DB_extension` (`extension_id`, `type`, `code`) VALUES ('14', 'module', 'account');
INSERT INTO `PREFIX_DB_extension` (`extension_id`, `type`, `code`) VALUES ('15', 'total', 'reward');
INSERT INTO `PREFIX_DB_extension` (`extension_id`, `type`, `code`) VALUES ('16', 'total', 'voucher');
INSERT INTO `PREFIX_DB_extension` (`extension_id`, `type`, `code`) VALUES ('17', 'payment', 'free_checkout');
INSERT INTO `PREFIX_DB_extension` (`extension_id`, `type`, `code`) VALUES ('18', 'module', 'featured');
INSERT INTO `PREFIX_DB_extension` (`extension_id`, `type`, `code`) VALUES ('19', 'module', 'slideshow');
INSERT INTO `PREFIX_DB_extension` (`extension_id`, `type`, `code`) VALUES ('20', 'theme', 'theme_default');
INSERT INTO `PREFIX_DB_extension` (`extension_id`, `type`, `code`) VALUES ('21', 'dashboard', 'activity');
INSERT INTO `PREFIX_DB_extension` (`extension_id`, `type`, `code`) VALUES ('22', 'dashboard', 'sale');
INSERT INTO `PREFIX_DB_extension` (`extension_id`, `type`, `code`) VALUES ('23', 'dashboard', 'recent');
INSERT INTO `PREFIX_DB_extension` (`extension_id`, `type`, `code`) VALUES ('24', 'dashboard', 'order');
INSERT INTO `PREFIX_DB_extension` (`extension_id`, `type`, `code`) VALUES ('25', 'dashboard', 'online');
INSERT INTO `PREFIX_DB_extension` (`extension_id`, `type`, `code`) VALUES ('26', 'dashboard', 'map');
INSERT INTO `PREFIX_DB_extension` (`extension_id`, `type`, `code`) VALUES ('27', 'dashboard', 'customer');
INSERT INTO `PREFIX_DB_extension` (`extension_id`, `type`, `code`) VALUES ('28', 'dashboard', 'chart');
INSERT INTO `PREFIX_DB_extension` (`extension_id`, `type`, `code`) VALUES ('29', 'theme', 'modern');
INSERT INTO `PREFIX_DB_extension` (`extension_id`, `type`, `code`) VALUES ('30', 'module', 'aridius_catwall');
INSERT INTO `PREFIX_DB_extension` (`extension_id`, `type`, `code`) VALUES ('31', 'module', 'aridius_tab');
INSERT INTO `PREFIX_DB_extension` (`extension_id`, `type`, `code`) VALUES ('32', 'module', 'aridius_bestseller');
INSERT INTO `PREFIX_DB_extension` (`extension_id`, `type`, `code`) VALUES ('33', 'module', 'aridius_special');
INSERT INTO `PREFIX_DB_extension` (`extension_id`, `type`, `code`) VALUES ('34', 'module', 'aridius_latest');
INSERT INTO `PREFIX_DB_extension` (`extension_id`, `type`, `code`) VALUES ('35', 'module', 'aridius_featured');
INSERT INTO `PREFIX_DB_extension` (`extension_id`, `type`, `code`) VALUES ('36', 'module', 'aridius_pr_review');
INSERT INTO `PREFIX_DB_extension` (`extension_id`, `type`, `code`) VALUES ('54', 'module', 'aridius_letters');
INSERT INTO `PREFIX_DB_extension` (`extension_id`, `type`, `code`) VALUES ('38', 'module', 'aridius_news');
INSERT INTO `PREFIX_DB_extension` (`extension_id`, `type`, `code`) VALUES ('39', 'module', 'aridiuscallback');
INSERT INTO `PREFIX_DB_extension` (`extension_id`, `type`, `code`) VALUES ('40', 'module', 'aridius_livesearch');
INSERT INTO `PREFIX_DB_extension` (`extension_id`, `type`, `code`) VALUES ('41', 'module', 'aridius_faq');
INSERT INTO `PREFIX_DB_extension` (`extension_id`, `type`, `code`) VALUES ('42', 'module', 'aridius_qckview');
INSERT INTO `PREFIX_DB_extension` (`extension_id`, `type`, `code`) VALUES ('43', 'module', 'aridius_category_accordion');
INSERT INTO `PREFIX_DB_extension` (`extension_id`, `type`, `code`) VALUES ('44', 'module', 'aridiusfastorder');
INSERT INTO `PREFIX_DB_extension` (`extension_id`, `type`, `code`) VALUES ('45', 'module', 'aridiusundersell');
INSERT INTO `PREFIX_DB_extension` (`extension_id`, `type`, `code`) VALUES ('46', 'module', 'aridius_store_review');
INSERT INTO `PREFIX_DB_extension` (`extension_id`, `type`, `code`) VALUES ('47', 'module', 'aridiusinstock');
INSERT INTO `PREFIX_DB_extension` (`extension_id`, `type`, `code`) VALUES ('48', 'module', 'aridius_news_category');
INSERT INTO `PREFIX_DB_extension` (`extension_id`, `type`, `code`) VALUES ('49', 'module', 'aridius_popupsize');
INSERT INTO `PREFIX_DB_extension` (`extension_id`, `type`, `code`) VALUES ('50', 'module', 'latest');
INSERT INTO `PREFIX_DB_extension` (`extension_id`, `type`, `code`) VALUES ('51', 'module', 'bestseller');
INSERT INTO `PREFIX_DB_extension` (`extension_id`, `type`, `code`) VALUES ('52', 'module', 'special');
INSERT INTO `PREFIX_DB_extension` (`extension_id`, `type`, `code`) VALUES ('53', 'module', 'aridius_viewed');
INSERT INTO `PREFIX_DB_extension` (`extension_id`, `type`, `code`) VALUES ('55', 'module', 'aridius_popupmail');


TRUNCATE TABLE `PREFIX_DB_geo_zone`;

INSERT INTO `PREFIX_DB_geo_zone` (`geo_zone_id`, `name`, `description`, `date_modified`, `date_added`) VALUES ('3', 'НДС', 'Облагаемые НДС', '2010-02-26 22:33:24', '2009-01-06 23:26:25');


TRUNCATE TABLE `PREFIX_DB_information`;

INSERT INTO `PREFIX_DB_information` (`information_id`, `bottom`, `sort_order`, `status`) VALUES ('3', '1', '3', '1');
INSERT INTO `PREFIX_DB_information` (`information_id`, `bottom`, `sort_order`, `status`) VALUES ('4', '1', '1', '1');
INSERT INTO `PREFIX_DB_information` (`information_id`, `bottom`, `sort_order`, `status`) VALUES ('5', '1', '4', '1');
INSERT INTO `PREFIX_DB_information` (`information_id`, `bottom`, `sort_order`, `status`) VALUES ('6', '1', '2', '1');
INSERT INTO `PREFIX_DB_information` (`information_id`, `bottom`, `sort_order`, `status`) VALUES ('7', '0', '100', '1');

TRUNCATE TABLE `PREFIX_DB_information_description`;

INSERT INTO `PREFIX_DB_information_description` (`information_id`, `language_id`, `title`, `description`, `meta_title`, `meta_h1`, `meta_description`, `meta_keyword`) VALUES ('4', '1', 'О нас', '&lt;p&gt;\tО нас&lt;/p&gt;', '', '', '', '');
INSERT INTO `PREFIX_DB_information_description` (`information_id`, `language_id`, `title`, `description`, `meta_title`, `meta_h1`, `meta_description`, `meta_keyword`) VALUES ('5', '1', 'Условия соглашения', '&lt;p&gt;\tУсловия соглашения&lt;/p&gt;', '', '', '', '');
INSERT INTO `PREFIX_DB_information_description` (`information_id`, `language_id`, `title`, `description`, `meta_title`, `meta_h1`, `meta_description`, `meta_keyword`) VALUES ('3', '1', 'Политика безопасности', '&lt;p&gt;\tПолитика безопасности&lt;/p&gt;', '', '', '', '');
INSERT INTO `PREFIX_DB_information_description` (`information_id`, `language_id`, `title`, `description`, `meta_title`, `meta_h1`, `meta_description`, `meta_keyword`) VALUES ('6', '1', 'Информация о доставке', '&lt;p&gt;\tИнформация о доставке&lt;/p&gt;', '', '', '', '');
INSERT INTO `PREFIX_DB_information_description` (`information_id`, `language_id`, `title`, `description`, `meta_title`, `meta_h1`, `meta_description`, `meta_keyword`) VALUES ('4', '2', 'About Us', '&lt;p&gt;\tAbout Us&lt;/p&gt;', '', '', '', '');
INSERT INTO `PREFIX_DB_information_description` (`information_id`, `language_id`, `title`, `description`, `meta_title`, `meta_h1`, `meta_description`, `meta_keyword`) VALUES ('5', '2', 'Terms &amp; Conditions', '&lt;p&gt;\tTerms &amp;amp; Conditions&lt;/p&gt;', '', '', '', '');
INSERT INTO `PREFIX_DB_information_description` (`information_id`, `language_id`, `title`, `description`, `meta_title`, `meta_h1`, `meta_description`, `meta_keyword`) VALUES ('3', '2', 'Privacy Policy', '&lt;p&gt;\tPrivacy Policy&lt;/p&gt;', '', '', '', '');
INSERT INTO `PREFIX_DB_information_description` (`information_id`, `language_id`, `title`, `description`, `meta_title`, `meta_h1`, `meta_description`, `meta_keyword`) VALUES ('6', '2', 'Delivery Information', '&lt;p&gt;\tDelivery Information&lt;/p&gt;', '', '', '', '');
INSERT INTO `PREFIX_DB_information_description` (`information_id`, `language_id`, `title`, `description`, `meta_title`, `meta_h1`, `meta_description`, `meta_keyword`) VALUES ('7', '1', 'Согласие на обработку персональных данных', '&lt;p&gt;Предоставляя свои персональные данные при регистрации на сайте, \r\nПокупатель даёт Продавцу своё согласие на обработку и использование \r\nсвоих персональных данных согласно ФЗ № 152-ФЗ «О персональных данных» \r\nот 27.07.2006 г. различными способами в целях, указанных в настоящих \r\nПравилах.&lt;/p&gt;&lt;p&gt;&lt;br&gt;&lt;/p&gt;', 'Согласие на обработку персональных данных', 'Согласие на обработку персональных данных', 'Согласие на обработку персональных данных', 'Согласие на обработку персональных данных');
INSERT INTO `PREFIX_DB_information_description` (`information_id`, `language_id`, `title`, `description`, `meta_title`, `meta_h1`, `meta_description`, `meta_keyword`) VALUES ('7', '2', 'Согласие на обработку персональных данных', '&lt;p&gt;Предоставляя свои персональные данные при регистрации на сайте, \r\nПокупатель даёт Продавцу своё согласие на обработку и использование \r\nсвоих персональных данных согласно ФЗ № 152-ФЗ «О персональных данных» \r\nот 27.07.2006 г. различными способами в целях, указанных в настоящих \r\nПравилах.&lt;/p&gt;&lt;p&gt;&lt;br&gt;&lt;/p&gt;&lt;p&gt;&lt;br&gt;&lt;/p&gt;&lt;p&gt;&lt;br&gt;&lt;/p&gt;', 'Согласие на обработку персональных данных', 'Согласие на обработку персональных данных', 'Согласие на обработку персональных данных', 'Согласие на обработку персональных данных');

TRUNCATE TABLE `PREFIX_DB_information_to_store`;

INSERT INTO `PREFIX_DB_information_to_store` (`information_id`, `store_id`) VALUES ('3', '0');
INSERT INTO `PREFIX_DB_information_to_store` (`information_id`, `store_id`) VALUES ('4', '0');
INSERT INTO `PREFIX_DB_information_to_store` (`information_id`, `store_id`) VALUES ('5', '0');
INSERT INTO `PREFIX_DB_information_to_store` (`information_id`, `store_id`) VALUES ('6', '0');
INSERT INTO `PREFIX_DB_information_to_store` (`information_id`, `store_id`) VALUES ('7', '0');

TRUNCATE TABLE `PREFIX_DB_language`;

INSERT INTO `PREFIX_DB_language` (`language_id`, `name`, `code`, `locale`, `image`, `directory`, `sort_order`, `status`) VALUES ('1', 'Russian', 'ru-ru', 'ru_RU.UTF-8,ru_RU,russian', 'ru.png', 'russian', '1', '1');
INSERT INTO `PREFIX_DB_language` (`language_id`, `name`, `code`, `locale`, `image`, `directory`, `sort_order`, `status`) VALUES ('2', 'English', 'en-gb', 'en_US.UTF-8,en_US,en-gb,english', 'gb.png', 'english', '2', '1');


TRUNCATE TABLE `PREFIX_DB_layout`;

INSERT INTO `PREFIX_DB_layout` (`layout_id`, `name`) VALUES ('1', 'Главная');
INSERT INTO `PREFIX_DB_layout` (`layout_id`, `name`) VALUES ('2', 'Продукт');
INSERT INTO `PREFIX_DB_layout` (`layout_id`, `name`) VALUES ('3', 'Категория');
INSERT INTO `PREFIX_DB_layout` (`layout_id`, `name`) VALUES ('4', 'По умолчанию');
INSERT INTO `PREFIX_DB_layout` (`layout_id`, `name`) VALUES ('5', 'Производитель');
INSERT INTO `PREFIX_DB_layout` (`layout_id`, `name`) VALUES ('6', 'Аккаунт');
INSERT INTO `PREFIX_DB_layout` (`layout_id`, `name`) VALUES ('7', 'Оформление заказ');
INSERT INTO `PREFIX_DB_layout` (`layout_id`, `name`) VALUES ('8', 'Контакты');
INSERT INTO `PREFIX_DB_layout` (`layout_id`, `name`) VALUES ('9', 'Карта сайта');
INSERT INTO `PREFIX_DB_layout` (`layout_id`, `name`) VALUES ('10', 'Партнерская программа');
INSERT INTO `PREFIX_DB_layout` (`layout_id`, `name`) VALUES ('11', 'Информация');
INSERT INTO `PREFIX_DB_layout` (`layout_id`, `name`) VALUES ('12', 'Сравнение');
INSERT INTO `PREFIX_DB_layout` (`layout_id`, `name`) VALUES ('13', 'Поиск');
INSERT INTO `PREFIX_DB_layout` (`layout_id`, `name`) VALUES ('14', 'News');
INSERT INTO `PREFIX_DB_layout` (`layout_id`, `name`) VALUES ('15', 'Faq');
INSERT INTO `PREFIX_DB_layout` (`layout_id`, `name`) VALUES ('16', 'Review');


TRUNCATE TABLE `PREFIX_DB_layout_module`;

INSERT INTO `PREFIX_DB_layout_module` (`layout_module_id`, `layout_id`, `code`, `position`, `sort_order`) VALUES ('402', '5', 'aridius_viewed.47', 'column_left', '1');
INSERT INTO `PREFIX_DB_layout_module` (`layout_module_id`, `layout_id`, `code`, `position`, `sort_order`) VALUES ('338', '1', 'aridius_livesearch', 'content_bottom', '5');
INSERT INTO `PREFIX_DB_layout_module` (`layout_module_id`, `layout_id`, `code`, `position`, `sort_order`) VALUES ('337', '1', 'aridius_pr_review.41', 'content_bottom', '4');
INSERT INTO `PREFIX_DB_layout_module` (`layout_module_id`, `layout_id`, `code`, `position`, `sort_order`) VALUES ('336', '1', 'aridius_featured.40', 'content_bottom', '3');
INSERT INTO `PREFIX_DB_layout_module` (`layout_module_id`, `layout_id`, `code`, `position`, `sort_order`) VALUES ('335', '1', 'aridius_special.38', 'content_bottom', '2');
INSERT INTO `PREFIX_DB_layout_module` (`layout_module_id`, `layout_id`, `code`, `position`, `sort_order`) VALUES ('334', '1', 'aridius_latest.39', 'content_bottom', '1');
INSERT INTO `PREFIX_DB_layout_module` (`layout_module_id`, `layout_id`, `code`, `position`, `sort_order`) VALUES ('333', '1', 'aridius_bestseller.37', 'content_bottom', '0');
INSERT INTO `PREFIX_DB_layout_module` (`layout_module_id`, `layout_id`, `code`, `position`, `sort_order`) VALUES ('332', '1', 'carousel.29', 'content_mail', '2');
INSERT INTO `PREFIX_DB_layout_module` (`layout_module_id`, `layout_id`, `code`, `position`, `sort_order`) VALUES ('331', '1', 'aridius_news', 'content_mail', '1');
INSERT INTO `PREFIX_DB_layout_module` (`layout_module_id`, `layout_id`, `code`, `position`, `sort_order`) VALUES ('330', '1', 'aridius_letters', 'content_mail', '0');
INSERT INTO `PREFIX_DB_layout_module` (`layout_module_id`, `layout_id`, `code`, `position`, `sort_order`) VALUES ('329', '1', 'banner.34', 'content_bot3', '0');
INSERT INTO `PREFIX_DB_layout_module` (`layout_module_id`, `layout_id`, `code`, `position`, `sort_order`) VALUES ('328', '1', 'banner.33', 'content_bot2', '0');
INSERT INTO `PREFIX_DB_layout_module` (`layout_module_id`, `layout_id`, `code`, `position`, `sort_order`) VALUES ('327', '1', 'banner.32', 'content_bot1', '0');
INSERT INTO `PREFIX_DB_layout_module` (`layout_module_id`, `layout_id`, `code`, `position`, `sort_order`) VALUES ('326', '1', 'slideshow.27', 'content_fluid', '0');
INSERT INTO `PREFIX_DB_layout_module` (`layout_module_id`, `layout_id`, `code`, `position`, `sort_order`) VALUES ('375', '3', 'aridius_livesearch', 'content_bottom', '2');
INSERT INTO `PREFIX_DB_layout_module` (`layout_module_id`, `layout_id`, `code`, `position`, `sort_order`) VALUES ('325', '1', 'aridius_tab.36', 'content_top', '1');
INSERT INTO `PREFIX_DB_layout_module` (`layout_module_id`, `layout_id`, `code`, `position`, `sort_order`) VALUES ('320', '2', 'aridiusfastorder', 'content_bottom', '2');
INSERT INTO `PREFIX_DB_layout_module` (`layout_module_id`, `layout_id`, `code`, `position`, `sort_order`) VALUES ('319', '2', 'aridiusinstock', 'content_bottom', '1');
INSERT INTO `PREFIX_DB_layout_module` (`layout_module_id`, `layout_id`, `code`, `position`, `sort_order`) VALUES ('374', '3', 'aridiusinstock', 'content_bottom', '1');
INSERT INTO `PREFIX_DB_layout_module` (`layout_module_id`, `layout_id`, `code`, `position`, `sort_order`) VALUES ('373', '3', 'aridiuscallback', 'content_bottom', '0');
INSERT INTO `PREFIX_DB_layout_module` (`layout_module_id`, `layout_id`, `code`, `position`, `sort_order`) VALUES ('372', '3', 'aridius_letters', 'content_mail', '0');
INSERT INTO `PREFIX_DB_layout_module` (`layout_module_id`, `layout_id`, `code`, `position`, `sort_order`) VALUES ('371', '3', 'aridius_viewed.47', 'column_left', '7');
INSERT INTO `PREFIX_DB_layout_module` (`layout_module_id`, `layout_id`, `code`, `position`, `sort_order`) VALUES ('318', '2', 'aridiuscallback', 'content_bottom', '0');
INSERT INTO `PREFIX_DB_layout_module` (`layout_module_id`, `layout_id`, `code`, `position`, `sort_order`) VALUES ('317', '2', 'aridius_letters', 'content_mail', '0');
INSERT INTO `PREFIX_DB_layout_module` (`layout_module_id`, `layout_id`, `code`, `position`, `sort_order`) VALUES ('316', '2', 'aridius_faq', 'column_left', '2');
INSERT INTO `PREFIX_DB_layout_module` (`layout_module_id`, `layout_id`, `code`, `position`, `sort_order`) VALUES ('324', '1', 'aridius_catwall.35', 'content_top', '0');
INSERT INTO `PREFIX_DB_layout_module` (`layout_module_id`, `layout_id`, `code`, `position`, `sort_order`) VALUES ('342', '15', 'aridius_letters', 'content_mail', '0');
INSERT INTO `PREFIX_DB_layout_module` (`layout_module_id`, `layout_id`, `code`, `position`, `sort_order`) VALUES ('346', '14', 'aridius_letters', 'content_mail', '0');
INSERT INTO `PREFIX_DB_layout_module` (`layout_module_id`, `layout_id`, `code`, `position`, `sort_order`) VALUES ('350', '16', 'aridius_letters', 'content_mail', '0');
INSERT INTO `PREFIX_DB_layout_module` (`layout_module_id`, `layout_id`, `code`, `position`, `sort_order`) VALUES ('354', '6', 'aridius_letters', 'content_mail', '0');
INSERT INTO `PREFIX_DB_layout_module` (`layout_module_id`, `layout_id`, `code`, `position`, `sort_order`) VALUES ('359', '11', 'aridius_letters', 'content_mail', '0');
INSERT INTO `PREFIX_DB_layout_module` (`layout_module_id`, `layout_id`, `code`, `position`, `sort_order`) VALUES ('363', '9', 'aridius_letters', 'content_mail', '0');
INSERT INTO `PREFIX_DB_layout_module` (`layout_module_id`, `layout_id`, `code`, `position`, `sort_order`) VALUES ('370', '3', 'aridius_faq', 'column_left', '6');
INSERT INTO `PREFIX_DB_layout_module` (`layout_module_id`, `layout_id`, `code`, `position`, `sort_order`) VALUES ('369', '3', 'featured.43', 'column_left', '2');
INSERT INTO `PREFIX_DB_layout_module` (`layout_module_id`, `layout_id`, `code`, `position`, `sort_order`) VALUES ('368', '3', 'aridius_news_category.42', 'column_left', '1');
INSERT INTO `PREFIX_DB_layout_module` (`layout_module_id`, `layout_id`, `code`, `position`, `sort_order`) VALUES ('377', '8', 'aridius_letters', 'content_mail', '0');
INSERT INTO `PREFIX_DB_layout_module` (`layout_module_id`, `layout_id`, `code`, `position`, `sort_order`) VALUES ('381', '7', 'aridius_letters', 'content_mail', '0');
INSERT INTO `PREFIX_DB_layout_module` (`layout_module_id`, `layout_id`, `code`, `position`, `sort_order`) VALUES ('385', '10', 'aridius_letters', 'content_mail', '0');
INSERT INTO `PREFIX_DB_layout_module` (`layout_module_id`, `layout_id`, `code`, `position`, `sort_order`) VALUES ('390', '4', 'aridius_letters', 'content_mail', '0');
INSERT INTO `PREFIX_DB_layout_module` (`layout_module_id`, `layout_id`, `code`, `position`, `sort_order`) VALUES ('315', '2', 'aridius_viewed.47', 'column_left', '1');
INSERT INTO `PREFIX_DB_layout_module` (`layout_module_id`, `layout_id`, `code`, `position`, `sort_order`) VALUES ('314', '2', 'aridius_category_accordion', 'column_left', '0');
INSERT INTO `PREFIX_DB_layout_module` (`layout_module_id`, `layout_id`, `code`, `position`, `sort_order`) VALUES ('407', '12', 'aridius_letters', 'content_mail', '0');
INSERT INTO `PREFIX_DB_layout_module` (`layout_module_id`, `layout_id`, `code`, `position`, `sort_order`) VALUES ('396', '13', 'aridius_viewed.47', 'column_left', '1');
INSERT INTO `PREFIX_DB_layout_module` (`layout_module_id`, `layout_id`, `code`, `position`, `sort_order`) VALUES ('395', '13', 'aridius_category_accordion', 'column_left', '0');
INSERT INTO `PREFIX_DB_layout_module` (`layout_module_id`, `layout_id`, `code`, `position`, `sort_order`) VALUES ('401', '5', 'aridius_category_accordion', 'column_left', '0');
INSERT INTO `PREFIX_DB_layout_module` (`layout_module_id`, `layout_id`, `code`, `position`, `sort_order`) VALUES ('367', '3', 'aridius_category_accordion', 'column_left', '0');
INSERT INTO `PREFIX_DB_layout_module` (`layout_module_id`, `layout_id`, `code`, `position`, `sort_order`) VALUES ('321', '2', 'aridiusundersell', 'content_bottom', '3');
INSERT INTO `PREFIX_DB_layout_module` (`layout_module_id`, `layout_id`, `code`, `position`, `sort_order`) VALUES ('322', '2', 'aridius_viewed.48', 'content_bottom', '4');
INSERT INTO `PREFIX_DB_layout_module` (`layout_module_id`, `layout_id`, `code`, `position`, `sort_order`) VALUES ('323', '2', 'aridius_popupmail', 'content_bottom', '5');
INSERT INTO `PREFIX_DB_layout_module` (`layout_module_id`, `layout_id`, `code`, `position`, `sort_order`) VALUES ('339', '1', 'aridiuscallback', 'content_bottom', '6');
INSERT INTO `PREFIX_DB_layout_module` (`layout_module_id`, `layout_id`, `code`, `position`, `sort_order`) VALUES ('340', '1', 'aridiusinstock', 'content_bottom', '7');
INSERT INTO `PREFIX_DB_layout_module` (`layout_module_id`, `layout_id`, `code`, `position`, `sort_order`) VALUES ('341', '1', 'aridius_popupmail', 'content_bottom', '8');
INSERT INTO `PREFIX_DB_layout_module` (`layout_module_id`, `layout_id`, `code`, `position`, `sort_order`) VALUES ('343', '15', 'aridiusinstock', 'content_bottom', '0');
INSERT INTO `PREFIX_DB_layout_module` (`layout_module_id`, `layout_id`, `code`, `position`, `sort_order`) VALUES ('344', '15', 'aridiuscallback', 'content_bottom', '1');
INSERT INTO `PREFIX_DB_layout_module` (`layout_module_id`, `layout_id`, `code`, `position`, `sort_order`) VALUES ('345', '15', 'aridius_livesearch', 'content_bottom', '2');
INSERT INTO `PREFIX_DB_layout_module` (`layout_module_id`, `layout_id`, `code`, `position`, `sort_order`) VALUES ('347', '14', 'aridiuscallback', 'content_bottom', '0');
INSERT INTO `PREFIX_DB_layout_module` (`layout_module_id`, `layout_id`, `code`, `position`, `sort_order`) VALUES ('348', '14', 'aridiusinstock', 'content_bottom', '1');
INSERT INTO `PREFIX_DB_layout_module` (`layout_module_id`, `layout_id`, `code`, `position`, `sort_order`) VALUES ('349', '14', 'aridius_livesearch', 'content_bottom', '2');
INSERT INTO `PREFIX_DB_layout_module` (`layout_module_id`, `layout_id`, `code`, `position`, `sort_order`) VALUES ('351', '16', 'aridiuscallback', 'content_bottom', '0');
INSERT INTO `PREFIX_DB_layout_module` (`layout_module_id`, `layout_id`, `code`, `position`, `sort_order`) VALUES ('352', '16', 'aridiusinstock', 'content_bottom', '1');
INSERT INTO `PREFIX_DB_layout_module` (`layout_module_id`, `layout_id`, `code`, `position`, `sort_order`) VALUES ('353', '16', 'aridius_livesearch', 'content_bottom', '2');
INSERT INTO `PREFIX_DB_layout_module` (`layout_module_id`, `layout_id`, `code`, `position`, `sort_order`) VALUES ('355', '6', 'aridiuscallback', 'content_bottom', '0');
INSERT INTO `PREFIX_DB_layout_module` (`layout_module_id`, `layout_id`, `code`, `position`, `sort_order`) VALUES ('356', '6', 'aridiusinstock', 'content_bottom', '1');
INSERT INTO `PREFIX_DB_layout_module` (`layout_module_id`, `layout_id`, `code`, `position`, `sort_order`) VALUES ('357', '6', 'aridius_livesearch', 'content_bottom', '2');
INSERT INTO `PREFIX_DB_layout_module` (`layout_module_id`, `layout_id`, `code`, `position`, `sort_order`) VALUES ('358', '6', 'account', 'column_right', '1');
INSERT INTO `PREFIX_DB_layout_module` (`layout_module_id`, `layout_id`, `code`, `position`, `sort_order`) VALUES ('360', '11', 'aridiusinstock', 'content_bottom', '0');
INSERT INTO `PREFIX_DB_layout_module` (`layout_module_id`, `layout_id`, `code`, `position`, `sort_order`) VALUES ('361', '11', 'aridiuscallback', 'content_bottom', '1');
INSERT INTO `PREFIX_DB_layout_module` (`layout_module_id`, `layout_id`, `code`, `position`, `sort_order`) VALUES ('362', '11', 'aridius_livesearch', 'content_bottom', '2');
INSERT INTO `PREFIX_DB_layout_module` (`layout_module_id`, `layout_id`, `code`, `position`, `sort_order`) VALUES ('364', '9', 'aridiuscallback', 'content_bottom', '0');
INSERT INTO `PREFIX_DB_layout_module` (`layout_module_id`, `layout_id`, `code`, `position`, `sort_order`) VALUES ('365', '9', 'aridiusinstock', 'content_bottom', '1');
INSERT INTO `PREFIX_DB_layout_module` (`layout_module_id`, `layout_id`, `code`, `position`, `sort_order`) VALUES ('366', '9', 'aridius_livesearch', 'content_bottom', '2');
INSERT INTO `PREFIX_DB_layout_module` (`layout_module_id`, `layout_id`, `code`, `position`, `sort_order`) VALUES ('376', '3', 'aridius_popupmail', 'content_bottom', '3');
INSERT INTO `PREFIX_DB_layout_module` (`layout_module_id`, `layout_id`, `code`, `position`, `sort_order`) VALUES ('378', '8', 'aridiuscallback', 'content_bottom', '0');
INSERT INTO `PREFIX_DB_layout_module` (`layout_module_id`, `layout_id`, `code`, `position`, `sort_order`) VALUES ('379', '8', 'aridiusinstock', 'content_bottom', '1');
INSERT INTO `PREFIX_DB_layout_module` (`layout_module_id`, `layout_id`, `code`, `position`, `sort_order`) VALUES ('380', '8', 'aridius_livesearch', 'content_bottom', '2');
INSERT INTO `PREFIX_DB_layout_module` (`layout_module_id`, `layout_id`, `code`, `position`, `sort_order`) VALUES ('382', '7', 'aridiuscallback', 'content_bottom', '0');
INSERT INTO `PREFIX_DB_layout_module` (`layout_module_id`, `layout_id`, `code`, `position`, `sort_order`) VALUES ('383', '7', 'aridiusinstock', 'content_bottom', '1');
INSERT INTO `PREFIX_DB_layout_module` (`layout_module_id`, `layout_id`, `code`, `position`, `sort_order`) VALUES ('384', '7', 'aridius_livesearch', 'content_bottom', '2');
INSERT INTO `PREFIX_DB_layout_module` (`layout_module_id`, `layout_id`, `code`, `position`, `sort_order`) VALUES ('386', '10', 'aridiuscallback', 'content_bottom', '0');
INSERT INTO `PREFIX_DB_layout_module` (`layout_module_id`, `layout_id`, `code`, `position`, `sort_order`) VALUES ('387', '10', 'aridiusinstock', 'content_bottom', '1');
INSERT INTO `PREFIX_DB_layout_module` (`layout_module_id`, `layout_id`, `code`, `position`, `sort_order`) VALUES ('388', '10', 'aridius_livesearch', 'content_bottom', '2');
INSERT INTO `PREFIX_DB_layout_module` (`layout_module_id`, `layout_id`, `code`, `position`, `sort_order`) VALUES ('389', '10', 'account', 'column_right', '1');
INSERT INTO `PREFIX_DB_layout_module` (`layout_module_id`, `layout_id`, `code`, `position`, `sort_order`) VALUES ('391', '4', 'aridiusinstock', 'content_bottom', '0');
INSERT INTO `PREFIX_DB_layout_module` (`layout_module_id`, `layout_id`, `code`, `position`, `sort_order`) VALUES ('392', '4', 'aridiuscallback', 'content_bottom', '1');
INSERT INTO `PREFIX_DB_layout_module` (`layout_module_id`, `layout_id`, `code`, `position`, `sort_order`) VALUES ('393', '4', 'aridius_livesearch', 'content_bottom', '2');
INSERT INTO `PREFIX_DB_layout_module` (`layout_module_id`, `layout_id`, `code`, `position`, `sort_order`) VALUES ('394', '4', 'aridius_popupmail', 'content_bottom', '3');
INSERT INTO `PREFIX_DB_layout_module` (`layout_module_id`, `layout_id`, `code`, `position`, `sort_order`) VALUES ('397', '13', 'aridius_letters', 'content_mail', '0');
INSERT INTO `PREFIX_DB_layout_module` (`layout_module_id`, `layout_id`, `code`, `position`, `sort_order`) VALUES ('398', '13', 'aridiusinstock', 'content_bottom', '0');
INSERT INTO `PREFIX_DB_layout_module` (`layout_module_id`, `layout_id`, `code`, `position`, `sort_order`) VALUES ('399', '13', 'aridiuscallback', 'content_bottom', '1');
INSERT INTO `PREFIX_DB_layout_module` (`layout_module_id`, `layout_id`, `code`, `position`, `sort_order`) VALUES ('400', '13', 'aridius_livesearch', 'content_bottom', '2');
INSERT INTO `PREFIX_DB_layout_module` (`layout_module_id`, `layout_id`, `code`, `position`, `sort_order`) VALUES ('403', '5', 'aridius_letters', 'content_mail', '0');
INSERT INTO `PREFIX_DB_layout_module` (`layout_module_id`, `layout_id`, `code`, `position`, `sort_order`) VALUES ('404', '5', 'aridiuscallback', 'content_bottom', '0');
INSERT INTO `PREFIX_DB_layout_module` (`layout_module_id`, `layout_id`, `code`, `position`, `sort_order`) VALUES ('405', '5', 'aridiusinstock', 'content_bottom', '1');
INSERT INTO `PREFIX_DB_layout_module` (`layout_module_id`, `layout_id`, `code`, `position`, `sort_order`) VALUES ('406', '5', 'aridius_livesearch', 'content_bottom', '2');
INSERT INTO `PREFIX_DB_layout_module` (`layout_module_id`, `layout_id`, `code`, `position`, `sort_order`) VALUES ('408', '12', 'aridiusinstock', 'content_bottom', '0');
INSERT INTO `PREFIX_DB_layout_module` (`layout_module_id`, `layout_id`, `code`, `position`, `sort_order`) VALUES ('409', '12', 'aridiuscallback', 'content_bottom', '1');
INSERT INTO `PREFIX_DB_layout_module` (`layout_module_id`, `layout_id`, `code`, `position`, `sort_order`) VALUES ('410', '12', 'aridius_livesearch', 'content_bottom', '2');


TRUNCATE TABLE `PREFIX_DB_layout_route`;

INSERT INTO `PREFIX_DB_layout_route` (`layout_route_id`, `layout_id`, `store_id`, `route`) VALUES ('103', '6', '0', 'account/%');
INSERT INTO `PREFIX_DB_layout_route` (`layout_route_id`, `layout_id`, `store_id`, `route`) VALUES ('109', '10', '0', 'affiliate/%');
INSERT INTO `PREFIX_DB_layout_route` (`layout_route_id`, `layout_id`, `store_id`, `route`) VALUES ('106', '3', '0', 'product/category');
INSERT INTO `PREFIX_DB_layout_route` (`layout_route_id`, `layout_id`, `store_id`, `route`) VALUES ('99', '1', '0', 'common/home');
INSERT INTO `PREFIX_DB_layout_route` (`layout_route_id`, `layout_id`, `store_id`, `route`) VALUES ('98', '2', '0', 'product/product');
INSERT INTO `PREFIX_DB_layout_route` (`layout_route_id`, `layout_id`, `store_id`, `route`) VALUES ('104', '11', '0', 'information/information');
INSERT INTO `PREFIX_DB_layout_route` (`layout_route_id`, `layout_id`, `store_id`, `route`) VALUES ('108', '7', '0', 'checkout/%');
INSERT INTO `PREFIX_DB_layout_route` (`layout_route_id`, `layout_id`, `store_id`, `route`) VALUES ('107', '8', '0', 'information/contact');
INSERT INTO `PREFIX_DB_layout_route` (`layout_route_id`, `layout_id`, `store_id`, `route`) VALUES ('105', '9', '0', 'information/sitemap');
INSERT INTO `PREFIX_DB_layout_route` (`layout_route_id`, `layout_id`, `store_id`, `route`) VALUES ('110', '4', '0', '');
INSERT INTO `PREFIX_DB_layout_route` (`layout_route_id`, `layout_id`, `store_id`, `route`) VALUES ('112', '5', '0', 'product/manufacturer');
INSERT INTO `PREFIX_DB_layout_route` (`layout_route_id`, `layout_id`, `store_id`, `route`) VALUES ('113', '12', '0', 'product/compare');
INSERT INTO `PREFIX_DB_layout_route` (`layout_route_id`, `layout_id`, `store_id`, `route`) VALUES ('111', '13', '0', 'product/search');
INSERT INTO `PREFIX_DB_layout_route` (`layout_route_id`, `layout_id`, `store_id`, `route`) VALUES ('101', '14', '0', 'information/aridius_news');
INSERT INTO `PREFIX_DB_layout_route` (`layout_route_id`, `layout_id`, `store_id`, `route`) VALUES ('100', '15', '0', 'information/aridius_faq');
INSERT INTO `PREFIX_DB_layout_route` (`layout_route_id`, `layout_id`, `store_id`, `route`) VALUES ('102', '16', '0', 'extension/module/aridius_store_review');


TRUNCATE TABLE `PREFIX_DB_length_class`;

INSERT INTO `PREFIX_DB_length_class` (`length_class_id`, `value`) VALUES ('1', '1.00');
INSERT INTO `PREFIX_DB_length_class` (`length_class_id`, `value`) VALUES ('2', '10.00');
INSERT INTO `PREFIX_DB_length_class` (`length_class_id`, `value`) VALUES ('3', '0.39');


TRUNCATE TABLE `PREFIX_DB_length_class_description`;

INSERT INTO `PREFIX_DB_length_class_description` (`length_class_id`, `language_id`, `title`, `unit`) VALUES ('1', '1', 'Сантиметр', 'см');
INSERT INTO `PREFIX_DB_length_class_description` (`length_class_id`, `language_id`, `title`, `unit`) VALUES ('2', '1', 'Миллиметр', 'мм');
INSERT INTO `PREFIX_DB_length_class_description` (`length_class_id`, `language_id`, `title`, `unit`) VALUES ('1', '2', 'Centimeter', 'cm');
INSERT INTO `PREFIX_DB_length_class_description` (`length_class_id`, `language_id`, `title`, `unit`) VALUES ('2', '2', 'Millimeter', 'mm');


TRUNCATE TABLE `PREFIX_DB_license`;

INSERT INTO `PREFIX_DB_license` (`key`, `value`) VALUES ('key', '');


TRUNCATE TABLE `PREFIX_DB_manufacturer`;

INSERT INTO `PREFIX_DB_manufacturer` (`manufacturer_id`, `name`, `image`, `sort_order`) VALUES ('5', 'HTC', 'catalog/category/mon/htc2_logo.jpg', '0');
INSERT INTO `PREFIX_DB_manufacturer` (`manufacturer_id`, `name`, `image`, `sort_order`) VALUES ('8', 'Apple', 'catalog/demo/apple_logo.jpg', '0');
INSERT INTO `PREFIX_DB_manufacturer` (`manufacturer_id`, `name`, `image`, `sort_order`) VALUES ('10', 'Sony', 'catalog/demo/sony_logo.jpg', '0');
INSERT INTO `PREFIX_DB_manufacturer` (`manufacturer_id`, `name`, `image`, `sort_order`) VALUES ('11', 'LG', 'catalog/category/mon/lg.jpg', '0');
INSERT INTO `PREFIX_DB_manufacturer` (`manufacturer_id`, `name`, `image`, `sort_order`) VALUES ('12', 'Samsung', 'catalog/category/mon/342.jpg', '0');
INSERT INTO `PREFIX_DB_manufacturer` (`manufacturer_id`, `name`, `image`, `sort_order`) VALUES ('13', 'Dell', 'catalog/demo/manufacturer/dell.png', '0');
INSERT INTO `PREFIX_DB_manufacturer` (`manufacturer_id`, `name`, `image`, `sort_order`) VALUES ('14', 'HP', 'catalog/demo/manufacturer/nfl.png', '0');
INSERT INTO `PREFIX_DB_manufacturer` (`manufacturer_id`, `name`, `image`, `sort_order`) VALUES ('15', 'Asus', 'catalog/category/mon/asus128x128.jpg', '0');
INSERT INTO `PREFIX_DB_manufacturer` (`manufacturer_id`, `name`, `image`, `sort_order`) VALUES ('16', 'Acer', 'catalog/category/mon/acer-logo.jpg', '0');


TRUNCATE TABLE `PREFIX_DB_manufacturer_description`;

INSERT INTO `PREFIX_DB_manufacturer_description` (`manufacturer_id`, `language_id`, `name`, `description`, `meta_title`, `meta_h1`, `meta_description`, `meta_keyword`) VALUES ('5', '2', 'HTC', '', 'HTC', '', '', '');
INSERT INTO `PREFIX_DB_manufacturer_description` (`manufacturer_id`, `language_id`, `name`, `description`, `meta_title`, `meta_h1`, `meta_description`, `meta_keyword`) VALUES ('5', '1', 'HTC', '', 'HTC', '', '', '');
INSERT INTO `PREFIX_DB_manufacturer_description` (`manufacturer_id`, `language_id`, `name`, `description`, `meta_title`, `meta_h1`, `meta_description`, `meta_keyword`) VALUES ('13', '2', 'Dell', '', '', '', '', '');
INSERT INTO `PREFIX_DB_manufacturer_description` (`manufacturer_id`, `language_id`, `name`, `description`, `meta_title`, `meta_h1`, `meta_description`, `meta_keyword`) VALUES ('8', '1', 'Apple', '', 'Apple', '', '', '');
INSERT INTO `PREFIX_DB_manufacturer_description` (`manufacturer_id`, `language_id`, `name`, `description`, `meta_title`, `meta_h1`, `meta_description`, `meta_keyword`) VALUES ('8', '2', 'Apple', '', 'Apple', '', '', '');
INSERT INTO `PREFIX_DB_manufacturer_description` (`manufacturer_id`, `language_id`, `name`, `description`, `meta_title`, `meta_h1`, `meta_description`, `meta_keyword`) VALUES ('10', '1', 'Sony', '', 'Sony', '', '', '');
INSERT INTO `PREFIX_DB_manufacturer_description` (`manufacturer_id`, `language_id`, `name`, `description`, `meta_title`, `meta_h1`, `meta_description`, `meta_keyword`) VALUES ('10', '2', 'Sony', '', 'Sony', '', '', '');
INSERT INTO `PREFIX_DB_manufacturer_description` (`manufacturer_id`, `language_id`, `name`, `description`, `meta_title`, `meta_h1`, `meta_description`, `meta_keyword`) VALUES ('11', '2', 'LG', '', '', '', '', '');
INSERT INTO `PREFIX_DB_manufacturer_description` (`manufacturer_id`, `language_id`, `name`, `description`, `meta_title`, `meta_h1`, `meta_description`, `meta_keyword`) VALUES ('11', '1', 'LG', '', '', '', '', '');
INSERT INTO `PREFIX_DB_manufacturer_description` (`manufacturer_id`, `language_id`, `name`, `description`, `meta_title`, `meta_h1`, `meta_description`, `meta_keyword`) VALUES ('12', '2', 'Samsung', '', '', '', '', '');
INSERT INTO `PREFIX_DB_manufacturer_description` (`manufacturer_id`, `language_id`, `name`, `description`, `meta_title`, `meta_h1`, `meta_description`, `meta_keyword`) VALUES ('12', '1', 'Samsung', '', '', '', '', '');
INSERT INTO `PREFIX_DB_manufacturer_description` (`manufacturer_id`, `language_id`, `name`, `description`, `meta_title`, `meta_h1`, `meta_description`, `meta_keyword`) VALUES ('13', '1', 'Dell', '', '', '', '', '');
INSERT INTO `PREFIX_DB_manufacturer_description` (`manufacturer_id`, `language_id`, `name`, `description`, `meta_title`, `meta_h1`, `meta_description`, `meta_keyword`) VALUES ('14', '2', 'HP', '', '', '', '', '');
INSERT INTO `PREFIX_DB_manufacturer_description` (`manufacturer_id`, `language_id`, `name`, `description`, `meta_title`, `meta_h1`, `meta_description`, `meta_keyword`) VALUES ('14', '1', 'HP', '', '', '', '', '');
INSERT INTO `PREFIX_DB_manufacturer_description` (`manufacturer_id`, `language_id`, `name`, `description`, `meta_title`, `meta_h1`, `meta_description`, `meta_keyword`) VALUES ('15', '2', 'Asus', '', '', '', '', '');
INSERT INTO `PREFIX_DB_manufacturer_description` (`manufacturer_id`, `language_id`, `name`, `description`, `meta_title`, `meta_h1`, `meta_description`, `meta_keyword`) VALUES ('15', '1', 'Asus', '', '', '', '', '');
INSERT INTO `PREFIX_DB_manufacturer_description` (`manufacturer_id`, `language_id`, `name`, `description`, `meta_title`, `meta_h1`, `meta_description`, `meta_keyword`) VALUES ('16', '2', 'Acer', '', '', '', '', '');
INSERT INTO `PREFIX_DB_manufacturer_description` (`manufacturer_id`, `language_id`, `name`, `description`, `meta_title`, `meta_h1`, `meta_description`, `meta_keyword`) VALUES ('16', '1', 'Acer', '', '', '', '', '');


TRUNCATE TABLE `PREFIX_DB_manufacturer_to_store`;

INSERT INTO `PREFIX_DB_manufacturer_to_store` (`manufacturer_id`, `store_id`) VALUES ('5', '0');
INSERT INTO `PREFIX_DB_manufacturer_to_store` (`manufacturer_id`, `store_id`) VALUES ('8', '0');
INSERT INTO `PREFIX_DB_manufacturer_to_store` (`manufacturer_id`, `store_id`) VALUES ('10', '0');
INSERT INTO `PREFIX_DB_manufacturer_to_store` (`manufacturer_id`, `store_id`) VALUES ('11', '0');
INSERT INTO `PREFIX_DB_manufacturer_to_store` (`manufacturer_id`, `store_id`) VALUES ('12', '0');
INSERT INTO `PREFIX_DB_manufacturer_to_store` (`manufacturer_id`, `store_id`) VALUES ('13', '0');
INSERT INTO `PREFIX_DB_manufacturer_to_store` (`manufacturer_id`, `store_id`) VALUES ('14', '0');
INSERT INTO `PREFIX_DB_manufacturer_to_store` (`manufacturer_id`, `store_id`) VALUES ('15', '0');
INSERT INTO `PREFIX_DB_manufacturer_to_store` (`manufacturer_id`, `store_id`) VALUES ('16', '0');


TRUNCATE TABLE `PREFIX_DB_module`;

INSERT INTO `PREFIX_DB_module` (`module_id`, `name`, `code`, `setting`) VALUES ('32', 'баннер ср1', 'banner', '{"name":"\\u0431\\u0430\\u043d\\u043d\\u0435\\u0440 \\u0441\\u04401","banner_id":"10","width":"503","height":"163","status":"1"}');
INSERT INTO `PREFIX_DB_module` (`module_id`, `name`, `code`, `setting`) VALUES ('29', 'Производители (главная)', 'carousel', '{"name":"\\u041f\\u0440\\u043e\\u0438\\u0437\\u0432\\u043e\\u0434\\u0438\\u0442\\u0435\\u043b\\u0438 (\\u0433\\u043b\\u0430\\u0432\\u043d\\u0430\\u044f)","banner_id":"8","width":"100","height":"100","status":"1"}');
INSERT INTO `PREFIX_DB_module` (`module_id`, `name`, `code`, `setting`) VALUES ('44', 'Последние - категории лево', 'latest', '{"name":"\\u041f\\u043e\\u0441\\u043b\\u0435\\u0434\\u043d\\u0438\\u0435 - \\u043a\\u0430\\u0442\\u0435\\u0433\\u043e\\u0440\\u0438\\u0438 \\u043b\\u0435\\u0432\\u043e","limit":"3","width":"95","height":"95","status":"0"}');
INSERT INTO `PREFIX_DB_module` (`module_id`, `name`, `code`, `setting`) VALUES ('27', 'Слайд на всю ширину', 'slideshow', '{"transitionStyle":"0","name":"\\u0421\\u043b\\u0430\\u0439\\u0434 \\u043d\\u0430 \\u0432\\u0441\\u044e \\u0448\\u0438\\u0440\\u0438\\u043d\\u0443","banner_id":"9","width":"1920","height":"600","status":"1"}');
INSERT INTO `PREFIX_DB_module` (`module_id`, `name`, `code`, `setting`) VALUES ('33', 'баннер ср2', 'banner', '{"name":"\\u0431\\u0430\\u043d\\u043d\\u0435\\u0440 \\u0441\\u04402","banner_id":"11","width":"503","height":"163","status":"1"}');
INSERT INTO `PREFIX_DB_module` (`module_id`, `name`, `code`, `setting`) VALUES ('34', 'баннер ср3', 'banner', '{"name":"\\u0431\\u0430\\u043d\\u043d\\u0435\\u0440 \\u0441\\u04403","banner_id":"12","width":"503","height":"163","status":"1"}');
INSERT INTO `PREFIX_DB_module` (`module_id`, `name`, `code`, `setting`) VALUES ('35', 'Стена категорий - главная', 'aridius_catwall', '{"name":"\\u0421\\u0442\\u0435\\u043d\\u0430 \\u043a\\u0430\\u0442\\u0435\\u0433\\u043e\\u0440\\u0438\\u0439 - \\u0433\\u043b\\u0430\\u0432\\u043d\\u0430\\u044f","aridius_catwall_cat":["88","20","71"],"width":"250","height":"200","child_visible":"1","add_img":"1","limit_child":"3","status":"1"}');
INSERT INTO `PREFIX_DB_module` (`module_id`, `name`, `code`, `setting`) VALUES ('36', 'Табы 5 в 1 - главная', 'aridius_tab', '{"name":"\\u0422\\u0430\\u0431\\u044b 5 \\u0432 1 - \\u0433\\u043b\\u0430\\u0432\\u043d\\u0430\\u044f","animatetabsshow":"1","special_products":"1","latest_products":"1","bestseller_products":"1","mostviewed_products":"1","featured_products":"1","product":["52","67","56","65","63"],"limit":"15","width":"280","height":"200","autoplay":"400000","items":"4","pag_speed":"3000","rew_speed":"4000","stophover":"1","pagination":"0","navigation":"1","desc":"0","attribute":"1","rat":"1","wish":"1","comp":"1","quickview":"1","status":"1"}');
INSERT INTO `PREFIX_DB_module` (`module_id`, `name`, `code`, `setting`) VALUES ('37', 'Хиты продаж (карусель) - главная', 'aridius_bestseller', '{"name":"\\u0425\\u0438\\u0442\\u044b \\u043f\\u0440\\u043e\\u0434\\u0430\\u0436 (\\u043a\\u0430\\u0440\\u0443\\u0441\\u0435\\u043b\\u044c) - \\u0433\\u043b\\u0430\\u0432\\u043d\\u0430\\u044f","limit":"15","width":"270","height":"200","autoplay":"40000000","items":"5","pag_speed":"3000","rew_speed":"4000","stophover":"1","pagination":"0","navigation":"1","desc":"0","attribute":"0","rat":"1","wish":"1","comp":"1","quickview":"1","status":"0"}');
INSERT INTO `PREFIX_DB_module` (`module_id`, `name`, `code`, `setting`) VALUES ('38', 'Товары со скидкой (карусель) - главная', 'aridius_special', '{"name":"\\u0422\\u043e\\u0432\\u0430\\u0440\\u044b \\u0441\\u043e \\u0441\\u043a\\u0438\\u0434\\u043a\\u043e\\u0439 (\\u043a\\u0430\\u0440\\u0443\\u0441\\u0435\\u043b\\u044c) - \\u0433\\u043b\\u0430\\u0432\\u043d\\u0430\\u044f","limit":"15","width":"270","height":"200","autoplay":"40000000","items":"5","pag_speed":"3000","rew_speed":"4000","stophover":"1","pagination":"0","navigation":"1","desc":"0","attribute":"1","rat":"1","wish":"1","comp":"1","quickview":"1","status":"1"}');
INSERT INTO `PREFIX_DB_module` (`module_id`, `name`, `code`, `setting`) VALUES ('39', 'Последние (карусель) - главнял', 'aridius_latest', '{"name":"\\u041f\\u043e\\u0441\\u043b\\u0435\\u0434\\u043d\\u0438\\u0435 (\\u043a\\u0430\\u0440\\u0443\\u0441\\u0435\\u043b\\u044c) - \\u0433\\u043b\\u0430\\u0432\\u043d\\u044f\\u043b","limit":"15","width":"270","height":"200","autoplay":"40000000","items":"5","pag_speed":"3000","rew_speed":"4000","stophover":"1","pagination":"0","navigation":"1","desc":"0","attribute":"0","rat":"1","wish":"1","comp":"1","quickview":"1","status":"0"}');
INSERT INTO `PREFIX_DB_module` (`module_id`, `name`, `code`, `setting`) VALUES ('40', 'Рекомендуемые (карусель) - главная', 'aridius_featured', '{"name":"\\u0420\\u0435\\u043a\\u043e\\u043c\\u0435\\u043d\\u0434\\u0443\\u0435\\u043c\\u044b\\u0435 (\\u043a\\u0430\\u0440\\u0443\\u0441\\u0435\\u043b\\u044c) - \\u0433\\u043b\\u0430\\u0432\\u043d\\u0430\\u044f","product":["52","67","56","65","63"],"pagination":"0","navigation":"1","limit":"15","width":"270","height":"200","autoplay":"40000000","items":"5","pag_speed":"3000","rew_speed":"4000","stophover":"1","desc":"0","attribute":"0","rat":"1","wish":"1","comp":"1","quickview":"1","status":"0"}');
INSERT INTO `PREFIX_DB_module` (`module_id`, `name`, `code`, `setting`) VALUES ('41', 'Последние отзывы о товарах (карусель) - главная', 'aridius_pr_review', '{"name":"\\u041f\\u043e\\u0441\\u043b\\u0435\\u0434\\u043d\\u0438\\u0435 \\u043e\\u0442\\u0437\\u044b\\u0432\\u044b \\u043e \\u0442\\u043e\\u0432\\u0430\\u0440\\u0430\\u0445 (\\u043a\\u0430\\u0440\\u0443\\u0441\\u0435\\u043b\\u044c) - \\u0433\\u043b\\u0430\\u0432\\u043d\\u0430\\u044f","limit":"15","width":"160","height":"160","autoplay":"4000","items":"4","pag_speed":"3000","rew_speed":"4000","stophover":"1","pagination":"0","navigation":"1","desc":"1","rat":"1","status":"1"}');
INSERT INTO `PREFIX_DB_module` (`module_id`, `name`, `code`, `setting`) VALUES ('42', 'Список новостей - категория', 'aridius_news_category', '{"name":"\\u0421\\u043f\\u0438\\u0441\\u043e\\u043a \\u043d\\u043e\\u0432\\u043e\\u0441\\u0442\\u0435\\u0439 - \\u043a\\u0430\\u0442\\u0435\\u0433\\u043e\\u0440\\u0438\\u044f","aridius_news_category2":["2","3"],"width":"311","height":"170","status":"1"}');
INSERT INTO `PREFIX_DB_module` (`module_id`, `name`, `code`, `setting`) VALUES ('43', 'Рекомендуемые - категории лево', 'featured', '{"name":"\\u0420\\u0435\\u043a\\u043e\\u043c\\u0435\\u043d\\u0434\\u0443\\u0435\\u043c\\u044b\\u0435 - \\u043a\\u0430\\u0442\\u0435\\u0433\\u043e\\u0440\\u0438\\u0438 \\u043b\\u0435\\u0432\\u043e","product_name":"","product":["52","67","56"],"limit":"3","width":"95","height":"95","status":"1"}');
INSERT INTO `PREFIX_DB_module` (`module_id`, `name`, `code`, `setting`) VALUES ('45', 'Хиты продаж - категории лево', 'bestseller', '{"name":"\\u0425\\u0438\\u0442\\u044b \\u043f\\u0440\\u043e\\u0434\\u0430\\u0436 - \\u043a\\u0430\\u0442\\u0435\\u0433\\u043e\\u0440\\u0438\\u0438 \\u043b\\u0435\\u0432\\u043e","limit":"3","width":"95","height":"95","status":"0"}');
INSERT INTO `PREFIX_DB_module` (`module_id`, `name`, `code`, `setting`) VALUES ('46', '  Товары со скидкой - категории лево', 'special', '{"name":"  \\u0422\\u043e\\u0432\\u0430\\u0440\\u044b \\u0441\\u043e \\u0441\\u043a\\u0438\\u0434\\u043a\\u043e\\u0439 - \\u043a\\u0430\\u0442\\u0435\\u0433\\u043e\\u0440\\u0438\\u0438 \\u043b\\u0435\\u0432\\u043e","limit":"3","width":"95","height":"95","status":"0"}');
INSERT INTO `PREFIX_DB_module` (`module_id`, `name`, `code`, `setting`) VALUES ('47', 'Просмотренные товары - категории лево', 'aridius_viewed', '{"name":"\\u041f\\u0440\\u043e\\u0441\\u043c\\u043e\\u0442\\u0440\\u0435\\u043d\\u043d\\u044b\\u0435 \\u0442\\u043e\\u0432\\u0430\\u0440\\u044b - \\u043a\\u0430\\u0442\\u0435\\u0433\\u043e\\u0440\\u0438\\u0438 \\u043b\\u0435\\u0432\\u043e","limit":"3","width":"95","height":"95","autoplay":"4000","items":"3","pag_speed":"3000","rew_speed":"4000","stophover":"1","pagination":"0","navigation":"1","desc":"1","attribute":"0","rat":"1","wish":"1","comp":"1","quickview":"1","colleft":"1","status":"1"}');
INSERT INTO `PREFIX_DB_module` (`module_id`, `name`, `code`, `setting`) VALUES ('48', 'Просмотренные товары - продукт низ', 'aridius_viewed', '{"name":"\\u041f\\u0440\\u043e\\u0441\\u043c\\u043e\\u0442\\u0440\\u0435\\u043d\\u043d\\u044b\\u0435 \\u0442\\u043e\\u0432\\u0430\\u0440\\u044b - \\u043f\\u0440\\u043e\\u0434\\u0443\\u043a\\u0442 \\u043d\\u0438\\u0437","limit":"15","width":"265","height":"200","autoplay":"40000000","items":"4","pag_speed":"3000","rew_speed":"4000","stophover":"1","pagination":"0","navigation":"1","desc":"0","attribute":"0","rat":"1","wish":"1","comp":"1","quickview":"1","colleft":"0","status":"0"}');
INSERT INTO `PREFIX_DB_module` (`module_id`, `name`, `code`, `setting`) VALUES ('49', 'слайдер слева', 'slideshow', '{"transitionStyle":"0","name":"\\u0441\\u043b\\u0430\\u0439\\u0434\\u0435\\u0440 \\u0441\\u043b\\u0435\\u0432\\u0430","banner_id":"15","width":"750","height":"501","status":"1"}');
INSERT INTO `PREFIX_DB_module` (`module_id`, `name`, `code`, `setting`) VALUES ('50', 'Баннер справа 1', 'banner', '{"name":"\\u0411\\u0430\\u043d\\u043d\\u0435\\u0440 \\u0441\\u043f\\u0440\\u0430\\u0432\\u0430 1","banner_id":"13","width":"493","height":"332","status":"1"}');
INSERT INTO `PREFIX_DB_module` (`module_id`, `name`, `code`, `setting`) VALUES ('51', 'Баннер справа 2', 'banner', '{"name":"\\u0411\\u0430\\u043d\\u043d\\u0435\\u0440 \\u0441\\u043f\\u0440\\u0430\\u0432\\u0430 2","banner_id":"14","width":"493","height":"332","status":"1"}');

TRUNCATE TABLE `PREFIX_DB_option`;

INSERT INTO `PREFIX_DB_option` (`option_id`, `type`, `sort_order`) VALUES ('13', 'radio', '0');
INSERT INTO `PREFIX_DB_option` (`option_id`, `type`, `sort_order`) VALUES ('14', 'radio', '2');


TRUNCATE TABLE `PREFIX_DB_option_description`;

INSERT INTO `PREFIX_DB_option_description` (`option_id`, `language_id`, `name`) VALUES ('13', '2', 'Объем памяти');
INSERT INTO `PREFIX_DB_option_description` (`option_id`, `language_id`, `name`) VALUES ('14', '2', 'Цвет');
INSERT INTO `PREFIX_DB_option_description` (`option_id`, `language_id`, `name`) VALUES ('13', '1', 'Объем памяти');
INSERT INTO `PREFIX_DB_option_description` (`option_id`, `language_id`, `name`) VALUES ('14', '1', 'Цвет');


TRUNCATE TABLE `PREFIX_DB_option_value`;

INSERT INTO `PREFIX_DB_option_value` (`option_value_id`, `option_id`, `image`, `sort_order`) VALUES ('52', '14', '', '0');
INSERT INTO `PREFIX_DB_option_value` (`option_value_id`, `option_id`, `image`, `sort_order`) VALUES ('51', '13', '', '2');
INSERT INTO `PREFIX_DB_option_value` (`option_value_id`, `option_id`, `image`, `sort_order`) VALUES ('54', '14', '', '2');
INSERT INTO `PREFIX_DB_option_value` (`option_value_id`, `option_id`, `image`, `sort_order`) VALUES ('53', '14', '', '1');
INSERT INTO `PREFIX_DB_option_value` (`option_value_id`, `option_id`, `image`, `sort_order`) VALUES ('50', '13', '', '1');
INSERT INTO `PREFIX_DB_option_value` (`option_value_id`, `option_id`, `image`, `sort_order`) VALUES ('49', '13', '', '0');


TRUNCATE TABLE `PREFIX_DB_option_value_description`;

INSERT INTO `PREFIX_DB_option_value_description` (`option_value_id`, `language_id`, `option_id`, `name`) VALUES ('52', '2', '14', 'белый');
INSERT INTO `PREFIX_DB_option_value_description` (`option_value_id`, `language_id`, `option_id`, `name`) VALUES ('52', '1', '14', 'белый');
INSERT INTO `PREFIX_DB_option_value_description` (`option_value_id`, `language_id`, `option_id`, `name`) VALUES ('54', '2', '14', 'металлик ');
INSERT INTO `PREFIX_DB_option_value_description` (`option_value_id`, `language_id`, `option_id`, `name`) VALUES ('54', '1', '14', 'металлик ');
INSERT INTO `PREFIX_DB_option_value_description` (`option_value_id`, `language_id`, `option_id`, `name`) VALUES ('51', '2', '13', '128 ГБ');
INSERT INTO `PREFIX_DB_option_value_description` (`option_value_id`, `language_id`, `option_id`, `name`) VALUES ('51', '1', '13', '128 ГБ');
INSERT INTO `PREFIX_DB_option_value_description` (`option_value_id`, `language_id`, `option_id`, `name`) VALUES ('50', '2', '13', '64Г ГБ');
INSERT INTO `PREFIX_DB_option_value_description` (`option_value_id`, `language_id`, `option_id`, `name`) VALUES ('50', '1', '13', '64 ГБ');
INSERT INTO `PREFIX_DB_option_value_description` (`option_value_id`, `language_id`, `option_id`, `name`) VALUES ('53', '2', '14', 'черный');
INSERT INTO `PREFIX_DB_option_value_description` (`option_value_id`, `language_id`, `option_id`, `name`) VALUES ('53', '1', '14', 'черный');
INSERT INTO `PREFIX_DB_option_value_description` (`option_value_id`, `language_id`, `option_id`, `name`) VALUES ('49', '2', '13', '32 ГБ');
INSERT INTO `PREFIX_DB_option_value_description` (`option_value_id`, `language_id`, `option_id`, `name`) VALUES ('49', '1', '13', '32 ГБ');


TRUNCATE TABLE `PREFIX_DB_order`;

INSERT INTO `PREFIX_DB_order` (`order_id`, `invoice_no`, `invoice_prefix`, `store_id`, `store_name`, `store_url`, `customer_id`, `customer_group_id`, `firstname`, `lastname`, `email`, `telephone`, `fax`, `custom_field`, `payment_firstname`, `payment_lastname`, `payment_company`, `payment_address_1`, `payment_address_2`, `payment_city`, `payment_postcode`, `payment_country`, `payment_country_id`, `payment_zone`, `payment_zone_id`, `payment_address_format`, `payment_custom_field`, `payment_method`, `payment_code`, `shipping_firstname`, `shipping_lastname`, `shipping_company`, `shipping_address_1`, `shipping_address_2`, `shipping_city`, `shipping_postcode`, `shipping_country`, `shipping_country_id`, `shipping_zone`, `shipping_zone_id`, `shipping_address_format`, `shipping_custom_field`, `shipping_method`, `shipping_code`, `comment`, `total`, `order_status_id`, `affiliate_id`, `commission`, `marketing_id`, `tracking`, `language_id`, `currency_id`, `currency_code`, `currency_value`, `ip`, `forwarded_ip`, `user_agent`, `accept_language`, `date_added`, `date_modified`) VALUES ('2', '0', 'INV-2013-00', '0', 'Мой Магазин', 'http://modern1.aridius.ru/', '0', '1', 'test', 'test', 'test@mail.ru', '4444444444', '', '[]', 'test', 'test', '', '546546', '', '5654', '54654654', 'Российская Федерация', '176', 'Карачаево-Черкеcсия', '2733', '', '[]', 'Оплата при получении', 'cod', 'test', 'test', '', '546546', '', '5654', '54654654', 'Российская Федерация', '176', 'Карачаево-Черкеcсия', '2733', '', '[]', 'Фиксированная стоимость доставки', 'flat.flat', '', '301905.0000', '1', '0', '0.0000', '0', '', '1', '1', 'RUB', '1.00000000', '46.149.82.185', '', 'Mozilla/5.0 (Windows NT 10.0; Win64; x64; rv:52.0) Gecko/20100101 Firefox/52.0', 'ru-RU,ru;q=0.8,en-US;q=0.5,en;q=0.3', '2017-03-09 08:01:21', '2017-03-09 08:01:22');


TRUNCATE TABLE `PREFIX_DB_order_history`;

INSERT INTO `PREFIX_DB_order_history` (`order_history_id`, `order_id`, `order_status_id`, `notify`, `comment`, `date_added`) VALUES ('2', '2', '1', '0', '', '2017-03-09 08:01:22');


TRUNCATE TABLE `PREFIX_DB_order_product`;

INSERT INTO `PREFIX_DB_order_product` (`order_product_id`, `order_id`, `product_id`, `name`, `model`, `quantity`, `price`, `total`, `tax`, `reward`) VALUES ('7', '2', '71', 'Apple iPhone 7 Plus 256GB Jet Black', 'iPhone 7 Plus', '1', '70500.0000', '70500.0000', '0.0000', '0');
INSERT INTO `PREFIX_DB_order_product` (`order_product_id`, `order_id`, `product_id`, `name`, `model`, `quantity`, `price`, `total`, `tax`, `reward`) VALUES ('8', '2', '73', 'HTC 10 Lifestyle Camellia', 'HTC 10', '1', '30400.0000', '30400.0000', '0.0000', '0');
INSERT INTO `PREFIX_DB_order_product` (`order_product_id`, `order_id`, `product_id`, `name`, `model`, `quantity`, `price`, `total`, `tax`, `reward`) VALUES ('9', '2', '52', 'Samsung UE78KS9000UXUA', 'UE78KS9000UX', '1', '95500.0000', '95500.0000', '0.0000', '0');
INSERT INTO `PREFIX_DB_order_product` (`order_product_id`, `order_id`, `product_id`, `name`, `model`, `quantity`, `price`, `total`, `tax`, `reward`) VALUES ('10', '2', '80', 'Зарядное устройство Belkin Dual', 'Dual', '1', '2400.0000', '2400.0000', '0.0000', '0');
INSERT INTO `PREFIX_DB_order_product` (`order_product_id`, `order_id`, `product_id`, `name`, `model`, `quantity`, `price`, `total`, `tax`, `reward`) VALUES ('11', '2', '57', 'Монитор ASUS PG348Q ', 'PG348Q', '1', '83300.0000', '83300.0000', '0.0000', '0');
INSERT INTO `PREFIX_DB_order_product` (`order_product_id`, `order_id`, `product_id`, `name`, `model`, `quantity`, `price`, `total`, `tax`, `reward`) VALUES ('12', '2', '55', 'Монитор HP Z22n', 'Z22n', '1', '13600.0000', '13600.0000', '0.0000', '0');
INSERT INTO `PREFIX_DB_order_product` (`order_product_id`, `order_id`, `product_id`, `name`, `model`, `quantity`, `price`, `total`, `tax`, `reward`) VALUES ('13', '2', '78', 'Plantronics Voyager Legend', 'Legend', '1', '6200.0000', '6200.0000', '0.0000', '0');


TRUNCATE TABLE `PREFIX_DB_order_status`;

INSERT INTO `PREFIX_DB_order_status` (`order_status_id`, `language_id`, `name`) VALUES ('1', '1', 'Ожидание');
INSERT INTO `PREFIX_DB_order_status` (`order_status_id`, `language_id`, `name`) VALUES ('2', '1', 'В обработке');
INSERT INTO `PREFIX_DB_order_status` (`order_status_id`, `language_id`, `name`) VALUES ('3', '1', 'Доставлено');
INSERT INTO `PREFIX_DB_order_status` (`order_status_id`, `language_id`, `name`) VALUES ('7', '1', 'Отменено');
INSERT INTO `PREFIX_DB_order_status` (`order_status_id`, `language_id`, `name`) VALUES ('5', '1', 'Сделка завершена');
INSERT INTO `PREFIX_DB_order_status` (`order_status_id`, `language_id`, `name`) VALUES ('8', '1', 'Возврат');
INSERT INTO `PREFIX_DB_order_status` (`order_status_id`, `language_id`, `name`) VALUES ('9', '1', 'Отмена и аннулирование');
INSERT INTO `PREFIX_DB_order_status` (`order_status_id`, `language_id`, `name`) VALUES ('10', '1', 'Неудавшийся');
INSERT INTO `PREFIX_DB_order_status` (`order_status_id`, `language_id`, `name`) VALUES ('11', '1', 'Возмещенный');
INSERT INTO `PREFIX_DB_order_status` (`order_status_id`, `language_id`, `name`) VALUES ('12', '1', 'Полностью измененный');
INSERT INTO `PREFIX_DB_order_status` (`order_status_id`, `language_id`, `name`) VALUES ('13', '1', 'Полный возврат');
INSERT INTO `PREFIX_DB_order_status` (`order_status_id`, `language_id`, `name`) VALUES ('1', '2', 'Pending');
INSERT INTO `PREFIX_DB_order_status` (`order_status_id`, `language_id`, `name`) VALUES ('2', '2', 'Processing');
INSERT INTO `PREFIX_DB_order_status` (`order_status_id`, `language_id`, `name`) VALUES ('3', '2', 'Shipped');
INSERT INTO `PREFIX_DB_order_status` (`order_status_id`, `language_id`, `name`) VALUES ('7', '2', 'Canceled');
INSERT INTO `PREFIX_DB_order_status` (`order_status_id`, `language_id`, `name`) VALUES ('5', '2', 'Complete');
INSERT INTO `PREFIX_DB_order_status` (`order_status_id`, `language_id`, `name`) VALUES ('8', '2', 'Denied');
INSERT INTO `PREFIX_DB_order_status` (`order_status_id`, `language_id`, `name`) VALUES ('9', '2', 'Canceled Reversal');
INSERT INTO `PREFIX_DB_order_status` (`order_status_id`, `language_id`, `name`) VALUES ('10', '2', 'Failed');
INSERT INTO `PREFIX_DB_order_status` (`order_status_id`, `language_id`, `name`) VALUES ('11', '2', 'Refunded');
INSERT INTO `PREFIX_DB_order_status` (`order_status_id`, `language_id`, `name`) VALUES ('12', '2', 'Reversed');
INSERT INTO `PREFIX_DB_order_status` (`order_status_id`, `language_id`, `name`) VALUES ('13', '2', 'Chargeback');


TRUNCATE TABLE `PREFIX_DB_order_total`;

INSERT INTO `PREFIX_DB_order_total` (`order_total_id`, `order_id`, `code`, `title`, `value`, `sort_order`) VALUES ('6', '2', 'sub_total', 'Предварительная стоимость', '301900.0000', '1');
INSERT INTO `PREFIX_DB_order_total` (`order_total_id`, `order_id`, `code`, `title`, `value`, `sort_order`) VALUES ('7', '2', 'shipping', 'Фиксированная стоимость доставки', '5.0000', '3');
INSERT INTO `PREFIX_DB_order_total` (`order_total_id`, `order_id`, `code`, `title`, `value`, `sort_order`) VALUES ('8', '2', 'total', 'Итого', '301905.0000', '9');


TRUNCATE TABLE `PREFIX_DB_product`;

INSERT INTO `PREFIX_DB_product` (`product_id`, `model`, `sku`, `upc`, `ean`, `jan`, `isbn`, `mpn`, `location`, `quantity`, `stock_status_id`, `image`, `manufacturer_id`, `shipping`, `price`, `points`, `tax_class_id`, `date_available`, `weight`, `weight_class_id`, `length`, `width`, `height`, `length_class_id`, `subtract`, `minimum`, `sort_order`, `status`, `viewed`, `date_added`, `date_modified`) VALUES ('66', '7779', '', '', '', '', '', '', '', '10000', '7', 'catalog/category/laptops/Lightweight and thin/Tranformery/u0225667_10big.jpg', '13', '1', '77400.0000', '0', '0', '2017-03-06', '0.00', '1', '0.00', '0.00', '0.00', '1', '1', '1', '1', '1', '11', '2016-03-06 15:35:33', '2017-03-13 08:52:34');
INSERT INTO `PREFIX_DB_product` (`product_id`, `model`, `sku`, `upc`, `ean`, `jan`, `isbn`, `mpn`, `location`, `quantity`, `stock_status_id`, `image`, `manufacturer_id`, `shipping`, `price`, `points`, `tax_class_id`, `date_available`, `weight`, `weight_class_id`, `length`, `width`, `height`, `length_class_id`, `subtract`, `minimum`, `sort_order`, `status`, `viewed`, `date_added`, `date_modified`) VALUES ('67', 'GL702VM', '', '', '', '', '', '', '', '10000', '7', 'catalog/category/laptops/Lightweight and thin/16-17/u0223968_big.jpg', '15', '1', '99600.0000', '0', '0', '2017-03-06', '0.00', '1', '0.00', '0.00', '0.00', '1', '1', '1', '1', '1', '34', '2016-03-06 15:39:51', '2017-03-15 10:11:55');
INSERT INTO `PREFIX_DB_product` (`product_id`, `model`, `sku`, `upc`, `ean`, `jan`, `isbn`, `mpn`, `location`, `quantity`, `stock_status_id`, `image`, `manufacturer_id`, `shipping`, `price`, `points`, `tax_class_id`, `date_available`, `weight`, `weight_class_id`, `length`, `width`, `height`, `length_class_id`, `subtract`, `minimum`, `sort_order`, `status`, `viewed`, `date_added`, `date_modified`) VALUES ('60', 'AK86', '', '', '', '', '', '', '', '10000', '7', 'catalog/category/ Monitors, TVs/accessories/ Universal remote controls/3_2_.jpg', '0', '1', '1580.0000', '0', '0', '2017-03-06', '0.00', '1', '0.00', '0.00', '0.00', '1', '1', '1', '1', '1', '15', '2016-03-06 14:55:41', '2017-03-14 11:01:07');
INSERT INTO `PREFIX_DB_product` (`product_id`, `model`, `sku`, `upc`, `ean`, `jan`, `isbn`, `mpn`, `location`, `quantity`, `stock_status_id`, `image`, `manufacturer_id`, `shipping`, `price`, `points`, `tax_class_id`, `date_available`, `weight`, `weight_class_id`, `length`, `width`, `height`, `length_class_id`, `subtract`, `minimum`, `sort_order`, `status`, `viewed`, `date_added`, `date_modified`) VALUES ('61', 'E5-552G', '', '', '', '', '', '', '', '100000', '7', 'catalog/category/laptops/gaming notebook/processors AMD/u0171230_big.jpg', '16', '1', '22400.0000', '0', '0', '2017-03-06', '0.00', '1', '0.00', '0.00', '0.00', '1', '1', '1', '1', '1', '12', '2016-03-06 15:05:34', '2017-03-13 08:52:47');
INSERT INTO `PREFIX_DB_product` (`product_id`, `model`, `sku`, `upc`, `ean`, `jan`, `isbn`, `mpn`, `location`, `quantity`, `stock_status_id`, `image`, `manufacturer_id`, `shipping`, `price`, `points`, `tax_class_id`, `date_available`, `weight`, `weight_class_id`, `length`, `width`, `height`, `length_class_id`, `subtract`, `minimum`, `sort_order`, `status`, `viewed`, `date_added`, `date_modified`) VALUES ('62', 'G752VS', '', '', '', '', '', '', '', '10000', '7', 'catalog/category/laptops/gaming notebook/processors Intel/u0216690_8big.jpg', '15', '1', '98000.0000', '0', '0', '2017-03-06', '0.00', '1', '0.00', '0.00', '0.00', '1', '1', '1', '1', '1', '14', '2016-03-06 15:11:53', '2017-03-14 10:59:20');
INSERT INTO `PREFIX_DB_product` (`product_id`, `model`, `sku`, `upc`, `ean`, `jan`, `isbn`, `mpn`, `location`, `quantity`, `stock_status_id`, `image`, `manufacturer_id`, `shipping`, `price`, `points`, `tax_class_id`, `date_available`, `weight`, `weight_class_id`, `length`, `width`, `height`, `length_class_id`, `subtract`, `minimum`, `sort_order`, `status`, `viewed`, `date_added`, `date_modified`) VALUES ('63', 'Y900', '', '', '', '', '', '', '', '100000', '7', 'catalog/category/laptops/gaming notebook/Video nVidia/u0206969_3big.jpg', '0', '1', '98500.0000', '0', '0', '2017-03-06', '0.00', '1', '0.00', '0.00', '0.00', '1', '1', '1', '1', '1', '15', '2016-03-06 15:16:58', '2017-03-13 08:58:23');
INSERT INTO `PREFIX_DB_product` (`product_id`, `model`, `sku`, `upc`, `ean`, `jan`, `isbn`, `mpn`, `location`, `quantity`, `stock_status_id`, `image`, `manufacturer_id`, `shipping`, `price`, `points`, `tax_class_id`, `date_available`, `weight`, `weight_class_id`, `length`, `width`, `height`, `length_class_id`, `subtract`, `minimum`, `sort_order`, `status`, `viewed`, `date_added`, `date_modified`) VALUES ('64', 'E5570', '', '', '', '', '', '', '', '1000', '7', 'catalog/category/laptops/gaming notebook/Video Radeon/u0229278_2big.jpg', '13', '1', '83400.0000', '0', '0', '2017-03-06', '0.00', '1', '0.00', '0.00', '0.00', '1', '1', '1', '1', '1', '15', '2016-03-06 15:23:07', '2017-03-14 11:21:05');
INSERT INTO `PREFIX_DB_product` (`product_id`, `model`, `sku`, `upc`, `ean`, `jan`, `isbn`, `mpn`, `location`, `quantity`, `stock_status_id`, `image`, `manufacturer_id`, `shipping`, `price`, `points`, `tax_class_id`, `date_available`, `weight`, `weight_class_id`, `length`, `width`, `height`, `length_class_id`, `subtract`, `minimum`, `sort_order`, `status`, `viewed`, `date_added`, `date_modified`) VALUES ('65', 'XPS 15', '', '', '', '', '', '', '', '10000', '7', 'catalog/category/laptops/Lightweight and thin/15-15.6/u0212134_big.jpg', '13', '1', '84000.0000', '0', '0', '2017-03-06', '0.00', '1', '0.00', '0.00', '0.00', '1', '1', '1', '1', '1', '10', '2016-03-06 15:29:39', '2017-03-13 08:58:26');
INSERT INTO `PREFIX_DB_product` (`product_id`, `model`, `sku`, `upc`, `ean`, `jan`, `isbn`, `mpn`, `location`, `quantity`, `stock_status_id`, `image`, `manufacturer_id`, `shipping`, `price`, `points`, `tax_class_id`, `date_available`, `weight`, `weight_class_id`, `length`, `width`, `height`, `length_class_id`, `subtract`, `minimum`, `sort_order`, `status`, `viewed`, `date_added`, `date_modified`) VALUES ('57', 'PG348Q', '', '', '', '', '', '', '', '0', '7', 'catalog/category/ Monitors, TVs/monitors/more 29/u0183646_big.jpg', '15', '1', '83300.0000', '0', '0', '2017-03-06', '0.00', '1', '0.00', '0.00', '0.00', '1', '1', '1', '1', '1', '26', '2016-03-06 14:32:00', '2017-03-15 10:12:02');
INSERT INTO `PREFIX_DB_product` (`product_id`, `model`, `sku`, `upc`, `ean`, `jan`, `isbn`, `mpn`, `location`, `quantity`, `stock_status_id`, `image`, `manufacturer_id`, `shipping`, `price`, `points`, `tax_class_id`, `date_available`, `weight`, `weight_class_id`, `length`, `width`, `height`, `length_class_id`, `subtract`, `minimum`, `sort_order`, `status`, `viewed`, `date_added`, `date_modified`) VALUES ('58', 'W53070', '', '', '', '', '', '', '', '100000', '7', 'catalog/category/ Monitors, TVs/accessories/ TV Mounts/vogels_w52070_black_1.jpg', '0', '1', '61150.0000', '0', '0', '2017-03-06', '0.00', '1', '0.00', '0.00', '0.00', '1', '1', '1', '1', '1', '20', '2017-03-06 14:43:13', '2017-03-13 08:52:59');
INSERT INTO `PREFIX_DB_product` (`product_id`, `model`, `sku`, `upc`, `ean`, `jan`, `isbn`, `mpn`, `location`, `quantity`, `stock_status_id`, `image`, `manufacturer_id`, `shipping`, `price`, `points`, `tax_class_id`, `date_available`, `weight`, `weight_class_id`, `length`, `width`, `height`, `length_class_id`, `subtract`, `minimum`, `sort_order`, `status`, `viewed`, `date_added`, `date_modified`) VALUES ('59', '2012HD', '', '', '', '', '', '', '', '10000', '7', 'catalog/category/ Monitors, TVs/accessories/TV Receivers/8423155.jpg', '0', '1', '1490.0000', '0', '0', '2017-03-06', '0.00', '1', '0.00', '0.00', '0.00', '1', '1', '1', '1', '1', '10', '2016-03-06 14:43:13', '2017-03-14 11:01:48');
INSERT INTO `PREFIX_DB_product` (`product_id`, `model`, `sku`, `upc`, `ean`, `jan`, `isbn`, `mpn`, `location`, `quantity`, `stock_status_id`, `image`, `manufacturer_id`, `shipping`, `price`, `points`, `tax_class_id`, `date_available`, `weight`, `weight_class_id`, `length`, `width`, `height`, `length_class_id`, `subtract`, `minimum`, `sort_order`, `status`, `viewed`, `date_added`, `date_modified`) VALUES ('50', '55UF670V', '', '', '', '', '', '', '', '100000', '7', 'catalog/category/ Monitors, TVs/TV/4k ultra/gold_43-65_9.jpg', '11', '1', '65000.0000', '0', '0', '2017-03-06', '0.00', '1', '0.00', '0.00', '0.00', '1', '1', '1', '1', '1', '23', '2016-03-06 13:19:23', '2017-03-15 10:12:08');
INSERT INTO `PREFIX_DB_product` (`product_id`, `model`, `sku`, `upc`, `ean`, `jan`, `isbn`, `mpn`, `location`, `quantity`, `stock_status_id`, `image`, `manufacturer_id`, `shipping`, `price`, `points`, `tax_class_id`, `date_available`, `weight`, `weight_class_id`, `length`, `width`, `height`, `length_class_id`, `subtract`, `minimum`, `sort_order`, `status`, `viewed`, `date_added`, `date_modified`) VALUES ('51', '55LF630V', '', '', '', '', '', '', '', '100000', '7', 'catalog/category/ Monitors, TVs/TV/smart Tv/7650_1.jpeg', '11', '1', '66000.0000', '0', '0', '2017-03-06', '0.00', '1', '0.00', '0.00', '0.00', '1', '1', '1', '1', '1', '19', '2016-03-06 13:28:42', '2017-03-13 19:33:59');
INSERT INTO `PREFIX_DB_product` (`product_id`, `model`, `sku`, `upc`, `ean`, `jan`, `isbn`, `mpn`, `location`, `quantity`, `stock_status_id`, `image`, `manufacturer_id`, `shipping`, `price`, `points`, `tax_class_id`, `date_available`, `weight`, `weight_class_id`, `length`, `width`, `height`, `length_class_id`, `subtract`, `minimum`, `sort_order`, `status`, `viewed`, `date_added`, `date_modified`) VALUES ('52', 'UE78KS9000UX', '', '', '', '', '', '', '', '99999', '7', 'catalog/category/ Monitors, TVs/TV/curved/4868388.jpg', '12', '1', '95500.0000', '0', '0', '2017-03-06', '0.00', '1', '0.00', '0.00', '0.00', '1', '1', '1', '1', '1', '72', '2016-03-06 13:38:38', '2017-03-20 16:41:49');
INSERT INTO `PREFIX_DB_product` (`product_id`, `model`, `sku`, `upc`, `ean`, `jan`, `isbn`, `mpn`, `location`, `quantity`, `stock_status_id`, `image`, `manufacturer_id`, `shipping`, `price`, `points`, `tax_class_id`, `date_available`, `weight`, `weight_class_id`, `length`, `width`, `height`, `length_class_id`, `subtract`, `minimum`, `sort_order`, `status`, `viewed`, `date_added`, `date_modified`) VALUES ('53', 'KD75XD8505BR2', '', '', '', '', '', '', '', '100000', '7', 'catalog/category/ Monitors, TVs/TV/wi-fi/sony_kd75xd8505br2.jpg', '10', '1', '37800.0000', '0', '0', '2017-03-06', '0.00', '1', '0.00', '0.00', '0.00', '1', '1', '1', '1', '1', '13', '2016-03-06 13:44:24', '2017-03-13 08:58:12');
INSERT INTO `PREFIX_DB_product` (`product_id`, `model`, `sku`, `upc`, `ean`, `jan`, `isbn`, `mpn`, `location`, `quantity`, `stock_status_id`, `image`, `manufacturer_id`, `shipping`, `price`, `points`, `tax_class_id`, `date_available`, `weight`, `weight_class_id`, `length`, `width`, `height`, `length_class_id`, `subtract`, `minimum`, `sort_order`, `status`, `viewed`, `date_added`, `date_modified`) VALUES ('54', 'P2017H', '', '', '', '', '', '', '', '100000', '7', 'catalog/category/ Monitors, TVs/monitors/less 20/u0197186_big.jpg', '13', '1', '11200.0000', '0', '0', '2017-03-06', '0.00', '1', '0.00', '0.00', '0.00', '1', '1', '1', '1', '1', '15', '2017-03-06 13:53:49', '2017-03-14 10:57:31');
INSERT INTO `PREFIX_DB_product` (`product_id`, `model`, `sku`, `upc`, `ean`, `jan`, `isbn`, `mpn`, `location`, `quantity`, `stock_status_id`, `image`, `manufacturer_id`, `shipping`, `price`, `points`, `tax_class_id`, `date_available`, `weight`, `weight_class_id`, `length`, `width`, `height`, `length_class_id`, `subtract`, `minimum`, `sort_order`, `status`, `viewed`, `date_added`, `date_modified`) VALUES ('55', 'Z22n', '', '', '', '', '', '', '', '0', '7', 'catalog/category/ Monitors, TVs/monitors/21-23/u0162741_big.jpg', '14', '1', '13600.0000', '0', '0', '2017-03-06', '0.00', '1', '0.00', '0.00', '0.00', '1', '1', '1', '1', '1', '29', '2016-03-06 14:20:48', '2017-03-14 10:57:51');
INSERT INTO `PREFIX_DB_product` (`product_id`, `model`, `sku`, `upc`, `ean`, `jan`, `isbn`, `mpn`, `location`, `quantity`, `stock_status_id`, `image`, `manufacturer_id`, `shipping`, `price`, `points`, `tax_class_id`, `date_available`, `weight`, `weight_class_id`, `length`, `width`, `height`, `length_class_id`, `subtract`, `minimum`, `sort_order`, `status`, `viewed`, `date_added`, `date_modified`) VALUES ('56', '27UD88-W', '', '', '', '', '', '', '', '100000', '7', 'catalog/category/ Monitors, TVs/monitors/23.6-28/u0190707_big.jpg', '11', '1', '3200700.0000', '0', '0', '2017-03-06', '0.00', '1', '0.00', '0.00', '0.00', '1', '1', '1', '1', '1', '35', '2016-03-06 14:25:55', '2017-03-15 10:12:21');
INSERT INTO `PREFIX_DB_product` (`product_id`, `model`, `sku`, `upc`, `ean`, `jan`, `isbn`, `mpn`, `location`, `quantity`, `stock_status_id`, `image`, `manufacturer_id`, `shipping`, `price`, `points`, `tax_class_id`, `date_available`, `weight`, `weight_class_id`, `length`, `width`, `height`, `length_class_id`, `subtract`, `minimum`, `sort_order`, `status`, `viewed`, `date_added`, `date_modified`) VALUES ('68', 'T305CA', '', '', '', '', '', '', '', '10000', '7', 'catalog/category/laptops/netbook/For business/u0228966_2big.jpg', '15', '1', '77000.0000', '0', '0', '2017-03-06', '0.00', '1', '0.00', '0.00', '0.00', '1', '1', '1', '1', '1', '10', '2016-03-06 15:49:28', '2017-03-13 08:52:41');
INSERT INTO `PREFIX_DB_product` (`product_id`, `model`, `sku`, `upc`, `ean`, `jan`, `isbn`, `mpn`, `location`, `quantity`, `stock_status_id`, `image`, `manufacturer_id`, `shipping`, `price`, `points`, `tax_class_id`, `date_available`, `weight`, `weight_class_id`, `length`, `width`, `height`, `length_class_id`, `subtract`, `minimum`, `sort_order`, `status`, `viewed`, `date_added`, `date_modified`) VALUES ('69', 'T101HA', '', '', '', '', '', '', '', '0', '7', 'catalog/category/laptops/netbook/For simple tasks/u0229127_2big.jpg', '15', '1', '17000.0000', '0', '0', '2017-03-06', '0.00', '1', '0.00', '0.00', '0.00', '1', '1', '1', '1', '1', '12', '2017-03-06 15:53:08', '2017-03-14 11:00:00');
INSERT INTO `PREFIX_DB_product` (`product_id`, `model`, `sku`, `upc`, `ean`, `jan`, `isbn`, `mpn`, `location`, `quantity`, `stock_status_id`, `image`, `manufacturer_id`, `shipping`, `price`, `points`, `tax_class_id`, `date_available`, `weight`, `weight_class_id`, `length`, `width`, `height`, `length_class_id`, `subtract`, `minimum`, `sort_order`, `status`, `viewed`, `date_added`, `date_modified`) VALUES ('70', 'UX390UA', '', '', '', '', '', '', '', '100000', '7', 'catalog/category/laptops/netbook/For work or school/u0228064_big.jpg', '15', '1', '88200.0000', '0', '0', '2017-03-06', '0.00', '1', '0.00', '0.00', '0.00', '1', '1', '1', '1', '1', '14', '2016-03-06 15:55:54', '2017-03-14 11:19:35');
INSERT INTO `PREFIX_DB_product` (`product_id`, `model`, `sku`, `upc`, `ean`, `jan`, `isbn`, `mpn`, `location`, `quantity`, `stock_status_id`, `image`, `manufacturer_id`, `shipping`, `price`, `points`, `tax_class_id`, `date_available`, `weight`, `weight_class_id`, `length`, `width`, `height`, `length_class_id`, `subtract`, `minimum`, `sort_order`, `status`, `viewed`, `date_added`, `date_modified`) VALUES ('72', 'ZE551ML', '', '', '', '', '', '', '', '1000', '7', 'catalog/category/Telephones/Smartphones/Asus/u0163458_big.jpg', '15', '1', '15700.0000', '0', '0', '2017-03-06', '0.00', '1', '0.00', '0.00', '0.00', '1', '1', '1', '1', '1', '75', '2017-03-06 16:07:13', '2017-03-14 13:58:30');
INSERT INTO `PREFIX_DB_product` (`product_id`, `model`, `sku`, `upc`, `ean`, `jan`, `isbn`, `mpn`, `location`, `quantity`, `stock_status_id`, `image`, `manufacturer_id`, `shipping`, `price`, `points`, `tax_class_id`, `date_available`, `weight`, `weight_class_id`, `length`, `width`, `height`, `length_class_id`, `subtract`, `minimum`, `sort_order`, `status`, `viewed`, `date_added`, `date_modified`) VALUES ('73', 'HTC 10', '', '', '', '', '', '', '', '1111111', '7', 'catalog/category/Telephones/Smartphones/HTC/u0222674_big.jpg', '5', '1', '30400.0000', '0', '0', '2017-03-06', '0.00', '1', '0.00', '0.00', '0.00', '1', '1', '1', '1', '1', '41', '2016-03-06 16:11:17', '2017-03-14 10:56:28');
INSERT INTO `PREFIX_DB_product` (`product_id`, `model`, `sku`, `upc`, `ean`, `jan`, `isbn`, `mpn`, `location`, `quantity`, `stock_status_id`, `image`, `manufacturer_id`, `shipping`, `price`, `points`, `tax_class_id`, `date_available`, `weight`, `weight_class_id`, `length`, `width`, `height`, `length_class_id`, `subtract`, `minimum`, `sort_order`, `status`, `viewed`, `date_added`, `date_modified`) VALUES ('74', 'Pro 6', '', '', '', '', '', '', '', '0', '7', 'catalog/category/Telephones/Smartphones/Meizu/meizu-pro-6-2-600x600.jpg', '0', '1', '12000.0000', '0', '0', '2017-03-06', '0.00', '1', '0.00', '0.00', '0.00', '1', '1', '1', '1', '1', '32', '2016-03-06 16:18:05', '2017-03-13 18:54:38');
INSERT INTO `PREFIX_DB_product` (`product_id`, `model`, `sku`, `upc`, `ean`, `jan`, `isbn`, `mpn`, `location`, `quantity`, `stock_status_id`, `image`, `manufacturer_id`, `shipping`, `price`, `points`, `tax_class_id`, `date_available`, `weight`, `weight_class_id`, `length`, `width`, `height`, `length_class_id`, `subtract`, `minimum`, `sort_order`, `status`, `viewed`, `date_added`, `date_modified`) VALUES ('78', 'Legend', '', '', '', '', '', '', '', '999', '7', 'catalog/category/Telephones/accessories/Bluetooth/u0228341_big.jpg', '0', '1', '6200.0000', '0', '0', '2017-03-06', '0.00', '1', '0.00', '0.00', '0.00', '1', '1', '1', '100000', '1', '23', '2016-03-06 16:34:09', '2017-03-14 11:02:35');
INSERT INTO `PREFIX_DB_product` (`product_id`, `model`, `sku`, `upc`, `ean`, `jan`, `isbn`, `mpn`, `location`, `quantity`, `stock_status_id`, `image`, `manufacturer_id`, `shipping`, `price`, `points`, `tax_class_id`, `date_available`, `weight`, `weight_class_id`, `length`, `width`, `height`, `length_class_id`, `subtract`, `minimum`, `sort_order`, `status`, `viewed`, `date_added`, `date_modified`) VALUES ('79', '221974', '', '', '', '', '', '', '', '1000', '7', 'catalog/category/Telephones/accessories/Cases/u0228625_2big.jpg', '0', '1', '260.0000', '0', '0', '2017-03-06', '0.00', '1', '0.00', '0.00', '0.00', '1', '1', '1', '1', '1', '16', '2016-03-06 16:37:19', '2017-03-14 11:02:10');
INSERT INTO `PREFIX_DB_product` (`product_id`, `model`, `sku`, `upc`, `ean`, `jan`, `isbn`, `mpn`, `location`, `quantity`, `stock_status_id`, `image`, `manufacturer_id`, `shipping`, `price`, `points`, `tax_class_id`, `date_available`, `weight`, `weight_class_id`, `length`, `width`, `height`, `length_class_id`, `subtract`, `minimum`, `sort_order`, `status`, `viewed`, `date_added`, `date_modified`) VALUES ('80', 'Dual', '', '', '', '', '', '', '', '999', '7', 'catalog/category/Telephones/accessories/Charging device/u0067034_big.jpg', '0', '1', '2400.0000', '0', '0', '2017-03-06', '0.00', '1', '0.00', '0.00', '0.00', '1', '1', '1', '1', '1', '37', '2016-03-06 16:40:45', '2017-03-13 19:27:12');
INSERT INTO `PREFIX_DB_product` (`product_id`, `model`, `sku`, `upc`, `ean`, `jan`, `isbn`, `mpn`, `location`, `quantity`, `stock_status_id`, `image`, `manufacturer_id`, `shipping`, `price`, `points`, `tax_class_id`, `date_available`, `weight`, `weight_class_id`, `length`, `width`, `height`, `length_class_id`, `subtract`, `minimum`, `sort_order`, `status`, `viewed`, `date_added`, `date_modified`) VALUES ('81', 'Kropsson', '', '', '', '', '', '', '', '1000', '7', 'catalog/category/Telephones/accessories/Holders/u0180260_big.jpg', '0', '1', '1490.0000', '0', '0', '2017-03-06', '0.00', '1', '0.00', '0.00', '0.00', '1', '1', '1', '1', '1', '11', '2016-03-06 16:43:58', '2017-03-13 08:58:08');
INSERT INTO `PREFIX_DB_product` (`product_id`, `model`, `sku`, `upc`, `ean`, `jan`, `isbn`, `mpn`, `location`, `quantity`, `stock_status_id`, `image`, `manufacturer_id`, `shipping`, `price`, `points`, `tax_class_id`, `date_available`, `weight`, `weight_class_id`, `length`, `width`, `height`, `length_class_id`, `subtract`, `minimum`, `sort_order`, `status`, `viewed`, `date_added`, `date_modified`) VALUES ('82', 'SM-R760', '', '', '', '', '', '', '', '0', '7', 'catalog/category/Telephones/accessories/Smart Watches/u0203950_big.jpg', '12', '1', '21000.0000', '0', '0', '2017-03-06', '0.00', '1', '0.00', '0.00', '0.00', '1', '1', '1', '1', '1', '203', '2016-03-06 16:46:47', '2017-03-13 09:04:12');


TRUNCATE TABLE `PREFIX_DB_product_attribute`;

INSERT INTO `PREFIX_DB_product_attribute` (`product_id`, `attribute_id`, `language_id`, `text`) VALUES ('74', '17', '2', '4');
INSERT INTO `PREFIX_DB_product_attribute` (`product_id`, `attribute_id`, `language_id`, `text`) VALUES ('74', '17', '1', '4');
INSERT INTO `PREFIX_DB_product_attribute` (`product_id`, `attribute_id`, `language_id`, `text`) VALUES ('74', '16', '2', '256 ГБ ');
INSERT INTO `PREFIX_DB_product_attribute` (`product_id`, `attribute_id`, `language_id`, `text`) VALUES ('74', '16', '1', '256 ГБ ');
INSERT INTO `PREFIX_DB_product_attribute` (`product_id`, `attribute_id`, `language_id`, `text`) VALUES ('74', '15', '2', '1 ГБ');
INSERT INTO `PREFIX_DB_product_attribute` (`product_id`, `attribute_id`, `language_id`, `text`) VALUES ('74', '15', '1', '1 ГБ');
INSERT INTO `PREFIX_DB_product_attribute` (`product_id`, `attribute_id`, `language_id`, `text`) VALUES ('74', '14', '2', '2');
INSERT INTO `PREFIX_DB_product_attribute` (`product_id`, `attribute_id`, `language_id`, `text`) VALUES ('74', '14', '1', '2');
INSERT INTO `PREFIX_DB_product_attribute` (`product_id`, `attribute_id`, `language_id`, `text`) VALUES ('74', '13', '2', '2');
INSERT INTO `PREFIX_DB_product_attribute` (`product_id`, `attribute_id`, `language_id`, `text`) VALUES ('74', '13', '1', '2');
INSERT INTO `PREFIX_DB_product_attribute` (`product_id`, `attribute_id`, `language_id`, `text`) VALUES ('73', '13', '2', '1');
INSERT INTO `PREFIX_DB_product_attribute` (`product_id`, `attribute_id`, `language_id`, `text`) VALUES ('73', '14', '1', '2');
INSERT INTO `PREFIX_DB_product_attribute` (`product_id`, `attribute_id`, `language_id`, `text`) VALUES ('73', '14', '2', '2');
INSERT INTO `PREFIX_DB_product_attribute` (`product_id`, `attribute_id`, `language_id`, `text`) VALUES ('73', '15', '1', '3 ГБ');
INSERT INTO `PREFIX_DB_product_attribute` (`product_id`, `attribute_id`, `language_id`, `text`) VALUES ('73', '15', '2', '3 ГБ');
INSERT INTO `PREFIX_DB_product_attribute` (`product_id`, `attribute_id`, `language_id`, `text`) VALUES ('73', '16', '1', '128 ГБ ');
INSERT INTO `PREFIX_DB_product_attribute` (`product_id`, `attribute_id`, `language_id`, `text`) VALUES ('73', '16', '2', '128 ГБ ');
INSERT INTO `PREFIX_DB_product_attribute` (`product_id`, `attribute_id`, `language_id`, `text`) VALUES ('73', '17', '1', '5.5');
INSERT INTO `PREFIX_DB_product_attribute` (`product_id`, `attribute_id`, `language_id`, `text`) VALUES ('73', '17', '2', '5.5');
INSERT INTO `PREFIX_DB_product_attribute` (`product_id`, `attribute_id`, `language_id`, `text`) VALUES ('73', '18', '1', 'FullHD (1920x1080) ');
INSERT INTO `PREFIX_DB_product_attribute` (`product_id`, `attribute_id`, `language_id`, `text`) VALUES ('72', '15', '1', '2 ГБ');
INSERT INTO `PREFIX_DB_product_attribute` (`product_id`, `attribute_id`, `language_id`, `text`) VALUES ('72', '15', '2', '2 ГБ');
INSERT INTO `PREFIX_DB_product_attribute` (`product_id`, `attribute_id`, `language_id`, `text`) VALUES ('72', '16', '1', '256 ГБ ');
INSERT INTO `PREFIX_DB_product_attribute` (`product_id`, `attribute_id`, `language_id`, `text`) VALUES ('72', '16', '2', '256 ГБ ');
INSERT INTO `PREFIX_DB_product_attribute` (`product_id`, `attribute_id`, `language_id`, `text`) VALUES ('72', '17', '1', '5');
INSERT INTO `PREFIX_DB_product_attribute` (`product_id`, `attribute_id`, `language_id`, `text`) VALUES ('72', '17', '2', '5');
INSERT INTO `PREFIX_DB_product_attribute` (`product_id`, `attribute_id`, `language_id`, `text`) VALUES ('72', '18', '1', 'FullHD (1920x1080) ');
INSERT INTO `PREFIX_DB_product_attribute` (`product_id`, `attribute_id`, `language_id`, `text`) VALUES ('72', '18', '2', 'FullHD (1920x1080) ');
INSERT INTO `PREFIX_DB_product_attribute` (`product_id`, `attribute_id`, `language_id`, `text`) VALUES ('72', '19', '1', '255');
INSERT INTO `PREFIX_DB_product_attribute` (`product_id`, `attribute_id`, `language_id`, `text`) VALUES ('72', '19', '2', '255');
INSERT INTO `PREFIX_DB_product_attribute` (`product_id`, `attribute_id`, `language_id`, `text`) VALUES ('57', '26', '2', '300 Гц ');
INSERT INTO `PREFIX_DB_product_attribute` (`product_id`, `attribute_id`, `language_id`, `text`) VALUES ('57', '26', '1', '300 Гц ');
INSERT INTO `PREFIX_DB_product_attribute` (`product_id`, `attribute_id`, `language_id`, `text`) VALUES ('57', '25', '2', '1000:1');
INSERT INTO `PREFIX_DB_product_attribute` (`product_id`, `attribute_id`, `language_id`, `text`) VALUES ('57', '25', '1', '1000:1');
INSERT INTO `PREFIX_DB_product_attribute` (`product_id`, `attribute_id`, `language_id`, `text`) VALUES ('57', '24', '2', '300 кд/м²');
INSERT INTO `PREFIX_DB_product_attribute` (`product_id`, `attribute_id`, `language_id`, `text`) VALUES ('57', '24', '1', '300 кд/м²');
INSERT INTO `PREFIX_DB_product_attribute` (`product_id`, `attribute_id`, `language_id`, `text`) VALUES ('52', '17', '1', '78&quot; ');
INSERT INTO `PREFIX_DB_product_attribute` (`product_id`, `attribute_id`, `language_id`, `text`) VALUES ('52', '17', '2', '78&quot; ');
INSERT INTO `PREFIX_DB_product_attribute` (`product_id`, `attribute_id`, `language_id`, `text`) VALUES ('52', '34', '1', 'Есть');
INSERT INTO `PREFIX_DB_product_attribute` (`product_id`, `attribute_id`, `language_id`, `text`) VALUES ('57', '23', '1', 'Нет');
INSERT INTO `PREFIX_DB_product_attribute` (`product_id`, `attribute_id`, `language_id`, `text`) VALUES ('57', '22', '2', '2 мс');
INSERT INTO `PREFIX_DB_product_attribute` (`product_id`, `attribute_id`, `language_id`, `text`) VALUES ('57', '22', '1', '2 мс');
INSERT INTO `PREFIX_DB_product_attribute` (`product_id`, `attribute_id`, `language_id`, `text`) VALUES ('57', '21', '2', 'IPS');
INSERT INTO `PREFIX_DB_product_attribute` (`product_id`, `attribute_id`, `language_id`, `text`) VALUES ('57', '21', '1', 'IPS');
INSERT INTO `PREFIX_DB_product_attribute` (`product_id`, `attribute_id`, `language_id`, `text`) VALUES ('57', '20', '2', '34&quot;');
INSERT INTO `PREFIX_DB_product_attribute` (`product_id`, `attribute_id`, `language_id`, `text`) VALUES ('57', '20', '1', '34&quot;');
INSERT INTO `PREFIX_DB_product_attribute` (`product_id`, `attribute_id`, `language_id`, `text`) VALUES ('56', '20', '1', '27&quot;');
INSERT INTO `PREFIX_DB_product_attribute` (`product_id`, `attribute_id`, `language_id`, `text`) VALUES ('54', '21', '1', 'IPS');
INSERT INTO `PREFIX_DB_product_attribute` (`product_id`, `attribute_id`, `language_id`, `text`) VALUES ('54', '21', '2', 'IPS');
INSERT INTO `PREFIX_DB_product_attribute` (`product_id`, `attribute_id`, `language_id`, `text`) VALUES ('54', '22', '1', '5 мс');
INSERT INTO `PREFIX_DB_product_attribute` (`product_id`, `attribute_id`, `language_id`, `text`) VALUES ('54', '22', '2', '5 мс');
INSERT INTO `PREFIX_DB_product_attribute` (`product_id`, `attribute_id`, `language_id`, `text`) VALUES ('54', '23', '1', 'Есть');
INSERT INTO `PREFIX_DB_product_attribute` (`product_id`, `attribute_id`, `language_id`, `text`) VALUES ('54', '23', '2', 'Есть');
INSERT INTO `PREFIX_DB_product_attribute` (`product_id`, `attribute_id`, `language_id`, `text`) VALUES ('54', '24', '1', '500 кд/м²');
INSERT INTO `PREFIX_DB_product_attribute` (`product_id`, `attribute_id`, `language_id`, `text`) VALUES ('54', '24', '2', '500 кд/м²');
INSERT INTO `PREFIX_DB_product_attribute` (`product_id`, `attribute_id`, `language_id`, `text`) VALUES ('54', '25', '1', '2000:1');
INSERT INTO `PREFIX_DB_product_attribute` (`product_id`, `attribute_id`, `language_id`, `text`) VALUES ('56', '21', '1', 'IPS');
INSERT INTO `PREFIX_DB_product_attribute` (`product_id`, `attribute_id`, `language_id`, `text`) VALUES ('56', '21', '2', 'IPS');
INSERT INTO `PREFIX_DB_product_attribute` (`product_id`, `attribute_id`, `language_id`, `text`) VALUES ('56', '22', '1', '5 мс');
INSERT INTO `PREFIX_DB_product_attribute` (`product_id`, `attribute_id`, `language_id`, `text`) VALUES ('56', '22', '2', '5 мс');
INSERT INTO `PREFIX_DB_product_attribute` (`product_id`, `attribute_id`, `language_id`, `text`) VALUES ('56', '23', '1', 'Есть');
INSERT INTO `PREFIX_DB_product_attribute` (`product_id`, `attribute_id`, `language_id`, `text`) VALUES ('56', '23', '2', 'Есть');
INSERT INTO `PREFIX_DB_product_attribute` (`product_id`, `attribute_id`, `language_id`, `text`) VALUES ('56', '24', '1', '300 кд/м²');
INSERT INTO `PREFIX_DB_product_attribute` (`product_id`, `attribute_id`, `language_id`, `text`) VALUES ('56', '24', '2', '300 кд/м²');
INSERT INTO `PREFIX_DB_product_attribute` (`product_id`, `attribute_id`, `language_id`, `text`) VALUES ('56', '25', '1', '2000:1');
INSERT INTO `PREFIX_DB_product_attribute` (`product_id`, `attribute_id`, `language_id`, `text`) VALUES ('55', '25', '2', '1000:1');
INSERT INTO `PREFIX_DB_product_attribute` (`product_id`, `attribute_id`, `language_id`, `text`) VALUES ('55', '25', '1', '1000:1');
INSERT INTO `PREFIX_DB_product_attribute` (`product_id`, `attribute_id`, `language_id`, `text`) VALUES ('55', '24', '2', '400 кд/м²');
INSERT INTO `PREFIX_DB_product_attribute` (`product_id`, `attribute_id`, `language_id`, `text`) VALUES ('55', '24', '1', '400 кд/м²');
INSERT INTO `PREFIX_DB_product_attribute` (`product_id`, `attribute_id`, `language_id`, `text`) VALUES ('55', '23', '2', 'Нет');
INSERT INTO `PREFIX_DB_product_attribute` (`product_id`, `attribute_id`, `language_id`, `text`) VALUES ('55', '23', '1', 'Нет');
INSERT INTO `PREFIX_DB_product_attribute` (`product_id`, `attribute_id`, `language_id`, `text`) VALUES ('55', '22', '2', '3 мс');
INSERT INTO `PREFIX_DB_product_attribute` (`product_id`, `attribute_id`, `language_id`, `text`) VALUES ('55', '22', '1', '3 мс');
INSERT INTO `PREFIX_DB_product_attribute` (`product_id`, `attribute_id`, `language_id`, `text`) VALUES ('55', '21', '2', 'IPS');
INSERT INTO `PREFIX_DB_product_attribute` (`product_id`, `attribute_id`, `language_id`, `text`) VALUES ('61', '31', '1', '360 ГБ ');
INSERT INTO `PREFIX_DB_product_attribute` (`product_id`, `attribute_id`, `language_id`, `text`) VALUES ('61', '30', '2', 'Без ОС');
INSERT INTO `PREFIX_DB_product_attribute` (`product_id`, `attribute_id`, `language_id`, `text`) VALUES ('61', '31', '2', '360 ГБ ');
INSERT INTO `PREFIX_DB_product_attribute` (`product_id`, `attribute_id`, `language_id`, `text`) VALUES ('61', '30', '1', 'Без ОС');
INSERT INTO `PREFIX_DB_product_attribute` (`product_id`, `attribute_id`, `language_id`, `text`) VALUES ('61', '29', '2', '4 ГБ ');
INSERT INTO `PREFIX_DB_product_attribute` (`product_id`, `attribute_id`, `language_id`, `text`) VALUES ('61', '29', '1', '4 ГБ ');
INSERT INTO `PREFIX_DB_product_attribute` (`product_id`, `attribute_id`, `language_id`, `text`) VALUES ('61', '27', '2', 'AMD Quad-Core E2-7110');
INSERT INTO `PREFIX_DB_product_attribute` (`product_id`, `attribute_id`, `language_id`, `text`) VALUES ('61', '27', '1', 'AMD Quad-Core E2-7110');
INSERT INTO `PREFIX_DB_product_attribute` (`product_id`, `attribute_id`, `language_id`, `text`) VALUES ('61', '17', '2', '14&quot;');
INSERT INTO `PREFIX_DB_product_attribute` (`product_id`, `attribute_id`, `language_id`, `text`) VALUES ('61', '17', '1', '14&quot;');
INSERT INTO `PREFIX_DB_product_attribute` (`product_id`, `attribute_id`, `language_id`, `text`) VALUES ('62', '32', '1', 'Черный');
INSERT INTO `PREFIX_DB_product_attribute` (`product_id`, `attribute_id`, `language_id`, `text`) VALUES ('62', '32', '2', 'Черный');
INSERT INTO `PREFIX_DB_product_attribute` (`product_id`, `attribute_id`, `language_id`, `text`) VALUES ('62', '27', '2', 'Intel Celeron N3450');
INSERT INTO `PREFIX_DB_product_attribute` (`product_id`, `attribute_id`, `language_id`, `text`) VALUES ('62', '29', '1', '8 ГБ ');
INSERT INTO `PREFIX_DB_product_attribute` (`product_id`, `attribute_id`, `language_id`, `text`) VALUES ('62', '29', '2', '8 ГБ ');
INSERT INTO `PREFIX_DB_product_attribute` (`product_id`, `attribute_id`, `language_id`, `text`) VALUES ('62', '30', '1', 'windows 10');
INSERT INTO `PREFIX_DB_product_attribute` (`product_id`, `attribute_id`, `language_id`, `text`) VALUES ('62', '30', '2', 'windows 10');
INSERT INTO `PREFIX_DB_product_attribute` (`product_id`, `attribute_id`, `language_id`, `text`) VALUES ('62', '31', '1', '250 ГБ ');
INSERT INTO `PREFIX_DB_product_attribute` (`product_id`, `attribute_id`, `language_id`, `text`) VALUES ('62', '31', '2', '250 ГБ ');
INSERT INTO `PREFIX_DB_product_attribute` (`product_id`, `attribute_id`, `language_id`, `text`) VALUES ('67', '27', '2', 'AMD Quad-Core E2-7110');
INSERT INTO `PREFIX_DB_product_attribute` (`product_id`, `attribute_id`, `language_id`, `text`) VALUES ('67', '29', '1', '2 ГБ ');
INSERT INTO `PREFIX_DB_product_attribute` (`product_id`, `attribute_id`, `language_id`, `text`) VALUES ('67', '29', '2', '2 ГБ ');
INSERT INTO `PREFIX_DB_product_attribute` (`product_id`, `attribute_id`, `language_id`, `text`) VALUES ('67', '30', '1', 'Без ОС');
INSERT INTO `PREFIX_DB_product_attribute` (`product_id`, `attribute_id`, `language_id`, `text`) VALUES ('67', '30', '2', 'Без ОС');
INSERT INTO `PREFIX_DB_product_attribute` (`product_id`, `attribute_id`, `language_id`, `text`) VALUES ('67', '31', '1', '500 ГБ ');
INSERT INTO `PREFIX_DB_product_attribute` (`product_id`, `attribute_id`, `language_id`, `text`) VALUES ('67', '31', '2', '500 ГБ ');
INSERT INTO `PREFIX_DB_product_attribute` (`product_id`, `attribute_id`, `language_id`, `text`) VALUES ('67', '32', '1', 'Черный');
INSERT INTO `PREFIX_DB_product_attribute` (`product_id`, `attribute_id`, `language_id`, `text`) VALUES ('67', '32', '2', 'Черный');
INSERT INTO `PREFIX_DB_product_attribute` (`product_id`, `attribute_id`, `language_id`, `text`) VALUES ('67', '33', '1', '2.7кг ');
INSERT INTO `PREFIX_DB_product_attribute` (`product_id`, `attribute_id`, `language_id`, `text`) VALUES ('68', '31', '2', '2500 ГБ ');
INSERT INTO `PREFIX_DB_product_attribute` (`product_id`, `attribute_id`, `language_id`, `text`) VALUES ('68', '31', '1', '250 ГБ ');
INSERT INTO `PREFIX_DB_product_attribute` (`product_id`, `attribute_id`, `language_id`, `text`) VALUES ('68', '32', '1', 'Черный');
INSERT INTO `PREFIX_DB_product_attribute` (`product_id`, `attribute_id`, `language_id`, `text`) VALUES ('68', '30', '2', 'windows 10');
INSERT INTO `PREFIX_DB_product_attribute` (`product_id`, `attribute_id`, `language_id`, `text`) VALUES ('68', '30', '1', 'windows 10');
INSERT INTO `PREFIX_DB_product_attribute` (`product_id`, `attribute_id`, `language_id`, `text`) VALUES ('68', '29', '2', '8 ГБ ');
INSERT INTO `PREFIX_DB_product_attribute` (`product_id`, `attribute_id`, `language_id`, `text`) VALUES ('68', '29', '1', '8 ГБ ');
INSERT INTO `PREFIX_DB_product_attribute` (`product_id`, `attribute_id`, `language_id`, `text`) VALUES ('68', '27', '2', 'Intel Celeron 3855U');
INSERT INTO `PREFIX_DB_product_attribute` (`product_id`, `attribute_id`, `language_id`, `text`) VALUES ('68', '27', '1', 'Intel Celeron 3855U');
INSERT INTO `PREFIX_DB_product_attribute` (`product_id`, `attribute_id`, `language_id`, `text`) VALUES ('68', '17', '2', '14&quot;');
INSERT INTO `PREFIX_DB_product_attribute` (`product_id`, `attribute_id`, `language_id`, `text`) VALUES ('68', '17', '1', '14&quot;');
INSERT INTO `PREFIX_DB_product_attribute` (`product_id`, `attribute_id`, `language_id`, `text`) VALUES ('69', '32', '1', 'Черный');
INSERT INTO `PREFIX_DB_product_attribute` (`product_id`, `attribute_id`, `language_id`, `text`) VALUES ('69', '17', '2', '15.6&quot;');
INSERT INTO `PREFIX_DB_product_attribute` (`product_id`, `attribute_id`, `language_id`, `text`) VALUES ('69', '27', '1', 'AMD Quad-Core E2-7110');
INSERT INTO `PREFIX_DB_product_attribute` (`product_id`, `attribute_id`, `language_id`, `text`) VALUES ('69', '27', '2', 'AMD Quad-Core E2-7110');
INSERT INTO `PREFIX_DB_product_attribute` (`product_id`, `attribute_id`, `language_id`, `text`) VALUES ('69', '29', '1', '4 ГБ ');
INSERT INTO `PREFIX_DB_product_attribute` (`product_id`, `attribute_id`, `language_id`, `text`) VALUES ('69', '29', '2', '4 ГБ ');
INSERT INTO `PREFIX_DB_product_attribute` (`product_id`, `attribute_id`, `language_id`, `text`) VALUES ('69', '31', '1', '120 ГБ ');
INSERT INTO `PREFIX_DB_product_attribute` (`product_id`, `attribute_id`, `language_id`, `text`) VALUES ('69', '31', '2', '120 ГБ ');
INSERT INTO `PREFIX_DB_product_attribute` (`product_id`, `attribute_id`, `language_id`, `text`) VALUES ('70', '32', '1', 'Черный');
INSERT INTO `PREFIX_DB_product_attribute` (`product_id`, `attribute_id`, `language_id`, `text`) VALUES ('70', '32', '2', 'Черный');
INSERT INTO `PREFIX_DB_product_attribute` (`product_id`, `attribute_id`, `language_id`, `text`) VALUES ('70', '27', '2', 'Intel Celeron 3855U');
INSERT INTO `PREFIX_DB_product_attribute` (`product_id`, `attribute_id`, `language_id`, `text`) VALUES ('70', '29', '1', '16 ГБ ');
INSERT INTO `PREFIX_DB_product_attribute` (`product_id`, `attribute_id`, `language_id`, `text`) VALUES ('70', '29', '2', '16 ГБ ');
INSERT INTO `PREFIX_DB_product_attribute` (`product_id`, `attribute_id`, `language_id`, `text`) VALUES ('70', '30', '1', 'windows 10');
INSERT INTO `PREFIX_DB_product_attribute` (`product_id`, `attribute_id`, `language_id`, `text`) VALUES ('70', '30', '2', 'windows 10');
INSERT INTO `PREFIX_DB_product_attribute` (`product_id`, `attribute_id`, `language_id`, `text`) VALUES ('70', '31', '1', '380 ГБ ');
INSERT INTO `PREFIX_DB_product_attribute` (`product_id`, `attribute_id`, `language_id`, `text`) VALUES ('70', '31', '2', '380 ГБ ');
INSERT INTO `PREFIX_DB_product_attribute` (`product_id`, `attribute_id`, `language_id`, `text`) VALUES ('66', '31', '1', '500 ГБ ');
INSERT INTO `PREFIX_DB_product_attribute` (`product_id`, `attribute_id`, `language_id`, `text`) VALUES ('66', '30', '2', 'Без ОС');
INSERT INTO `PREFIX_DB_product_attribute` (`product_id`, `attribute_id`, `language_id`, `text`) VALUES ('66', '31', '2', '500 ГБ ');
INSERT INTO `PREFIX_DB_product_attribute` (`product_id`, `attribute_id`, `language_id`, `text`) VALUES ('66', '30', '1', 'Без ОС');
INSERT INTO `PREFIX_DB_product_attribute` (`product_id`, `attribute_id`, `language_id`, `text`) VALUES ('66', '29', '2', '4 ГБ ');
INSERT INTO `PREFIX_DB_product_attribute` (`product_id`, `attribute_id`, `language_id`, `text`) VALUES ('66', '29', '1', '4 ГБ ');
INSERT INTO `PREFIX_DB_product_attribute` (`product_id`, `attribute_id`, `language_id`, `text`) VALUES ('66', '27', '2', 'AMD Quad-Core E2-7110');
INSERT INTO `PREFIX_DB_product_attribute` (`product_id`, `attribute_id`, `language_id`, `text`) VALUES ('66', '27', '1', 'AMD Quad-Core E2-7110');
INSERT INTO `PREFIX_DB_product_attribute` (`product_id`, `attribute_id`, `language_id`, `text`) VALUES ('66', '17', '2', '15.6&quot;');
INSERT INTO `PREFIX_DB_product_attribute` (`product_id`, `attribute_id`, `language_id`, `text`) VALUES ('66', '17', '1', '15.6&quot;');
INSERT INTO `PREFIX_DB_product_attribute` (`product_id`, `attribute_id`, `language_id`, `text`) VALUES ('64', '30', '1', 'windows 10');
INSERT INTO `PREFIX_DB_product_attribute` (`product_id`, `attribute_id`, `language_id`, `text`) VALUES ('64', '30', '2', 'windows 10');
INSERT INTO `PREFIX_DB_product_attribute` (`product_id`, `attribute_id`, `language_id`, `text`) VALUES ('64', '27', '2', 'Intel Celeron 3855U');
INSERT INTO `PREFIX_DB_product_attribute` (`product_id`, `attribute_id`, `language_id`, `text`) VALUES ('64', '29', '1', '8 ГБ ');
INSERT INTO `PREFIX_DB_product_attribute` (`product_id`, `attribute_id`, `language_id`, `text`) VALUES ('64', '29', '2', '8 ГБ ');
INSERT INTO `PREFIX_DB_product_attribute` (`product_id`, `attribute_id`, `language_id`, `text`) VALUES ('65', '31', '1', '250 ГБ ');
INSERT INTO `PREFIX_DB_product_attribute` (`product_id`, `attribute_id`, `language_id`, `text`) VALUES ('65', '30', '2', 'Без ОС');
INSERT INTO `PREFIX_DB_product_attribute` (`product_id`, `attribute_id`, `language_id`, `text`) VALUES ('65', '31', '2', '250 ГБ ');
INSERT INTO `PREFIX_DB_product_attribute` (`product_id`, `attribute_id`, `language_id`, `text`) VALUES ('65', '30', '1', 'Без ОС');
INSERT INTO `PREFIX_DB_product_attribute` (`product_id`, `attribute_id`, `language_id`, `text`) VALUES ('65', '29', '2', '4 ГБ ');
INSERT INTO `PREFIX_DB_product_attribute` (`product_id`, `attribute_id`, `language_id`, `text`) VALUES ('65', '29', '1', '4 ГБ ');
INSERT INTO `PREFIX_DB_product_attribute` (`product_id`, `attribute_id`, `language_id`, `text`) VALUES ('65', '27', '2', 'AMD Quad-Core E2-7110');
INSERT INTO `PREFIX_DB_product_attribute` (`product_id`, `attribute_id`, `language_id`, `text`) VALUES ('65', '27', '1', 'AMD Quad-Core E2-7110');
INSERT INTO `PREFIX_DB_product_attribute` (`product_id`, `attribute_id`, `language_id`, `text`) VALUES ('65', '17', '2', '15.6&quot;');
INSERT INTO `PREFIX_DB_product_attribute` (`product_id`, `attribute_id`, `language_id`, `text`) VALUES ('65', '17', '1', '15.6&quot;');
INSERT INTO `PREFIX_DB_product_attribute` (`product_id`, `attribute_id`, `language_id`, `text`) VALUES ('63', '31', '2', '500 ГБ ');
INSERT INTO `PREFIX_DB_product_attribute` (`product_id`, `attribute_id`, `language_id`, `text`) VALUES ('63', '31', '1', '500 ГБ ');
INSERT INTO `PREFIX_DB_product_attribute` (`product_id`, `attribute_id`, `language_id`, `text`) VALUES ('63', '32', '1', 'Черный');
INSERT INTO `PREFIX_DB_product_attribute` (`product_id`, `attribute_id`, `language_id`, `text`) VALUES ('63', '30', '2', 'windows 10');
INSERT INTO `PREFIX_DB_product_attribute` (`product_id`, `attribute_id`, `language_id`, `text`) VALUES ('63', '30', '1', 'windows 10');
INSERT INTO `PREFIX_DB_product_attribute` (`product_id`, `attribute_id`, `language_id`, `text`) VALUES ('63', '29', '2', '2 ГБ ');
INSERT INTO `PREFIX_DB_product_attribute` (`product_id`, `attribute_id`, `language_id`, `text`) VALUES ('63', '29', '1', '2 ГБ ');
INSERT INTO `PREFIX_DB_product_attribute` (`product_id`, `attribute_id`, `language_id`, `text`) VALUES ('63', '27', '2', 'Intel Celeron 3855U');
INSERT INTO `PREFIX_DB_product_attribute` (`product_id`, `attribute_id`, `language_id`, `text`) VALUES ('63', '27', '1', 'Intel Celeron 3855U');
INSERT INTO `PREFIX_DB_product_attribute` (`product_id`, `attribute_id`, `language_id`, `text`) VALUES ('63', '17', '2', '17.3&quot;');
INSERT INTO `PREFIX_DB_product_attribute` (`product_id`, `attribute_id`, `language_id`, `text`) VALUES ('63', '17', '1', '17.3&quot;');
INSERT INTO `PREFIX_DB_product_attribute` (`product_id`, `attribute_id`, `language_id`, `text`) VALUES ('50', '35', '1', '1920x1080 ');
INSERT INTO `PREFIX_DB_product_attribute` (`product_id`, `attribute_id`, `language_id`, `text`) VALUES ('50', '35', '2', '1920x1080 ');
INSERT INTO `PREFIX_DB_product_attribute` (`product_id`, `attribute_id`, `language_id`, `text`) VALUES ('50', '36', '1', 'Нет');
INSERT INTO `PREFIX_DB_product_attribute` (`product_id`, `attribute_id`, `language_id`, `text`) VALUES ('50', '36', '2', 'Нет');
INSERT INTO `PREFIX_DB_product_attribute` (`product_id`, `attribute_id`, `language_id`, `text`) VALUES ('50', '37', '1', 'LED-подсветка ');
INSERT INTO `PREFIX_DB_product_attribute` (`product_id`, `attribute_id`, `language_id`, `text`) VALUES ('50', '37', '2', 'LED-подсветка ');
INSERT INTO `PREFIX_DB_product_attribute` (`product_id`, `attribute_id`, `language_id`, `text`) VALUES ('50', '38', '1', 'Нет');
INSERT INTO `PREFIX_DB_product_attribute` (`product_id`, `attribute_id`, `language_id`, `text`) VALUES ('50', '38', '2', 'Нет');
INSERT INTO `PREFIX_DB_product_attribute` (`product_id`, `attribute_id`, `language_id`, `text`) VALUES ('50', '39', '1', '160° / 160° ');
INSERT INTO `PREFIX_DB_product_attribute` (`product_id`, `attribute_id`, `language_id`, `text`) VALUES ('53', '38', '2', 'Есть');
INSERT INTO `PREFIX_DB_product_attribute` (`product_id`, `attribute_id`, `language_id`, `text`) VALUES ('53', '38', '1', 'Есть');
INSERT INTO `PREFIX_DB_product_attribute` (`product_id`, `attribute_id`, `language_id`, `text`) VALUES ('53', '37', '2', 'LED-подсветка ');
INSERT INTO `PREFIX_DB_product_attribute` (`product_id`, `attribute_id`, `language_id`, `text`) VALUES ('53', '37', '1', 'LED-подсветка ');
INSERT INTO `PREFIX_DB_product_attribute` (`product_id`, `attribute_id`, `language_id`, `text`) VALUES ('53', '36', '2', 'Есть');
INSERT INTO `PREFIX_DB_product_attribute` (`product_id`, `attribute_id`, `language_id`, `text`) VALUES ('53', '36', '1', 'Есть');
INSERT INTO `PREFIX_DB_product_attribute` (`product_id`, `attribute_id`, `language_id`, `text`) VALUES ('53', '35', '2', '1920x1080 ');
INSERT INTO `PREFIX_DB_product_attribute` (`product_id`, `attribute_id`, `language_id`, `text`) VALUES ('53', '35', '1', '1920x1080 ');
INSERT INTO `PREFIX_DB_product_attribute` (`product_id`, `attribute_id`, `language_id`, `text`) VALUES ('53', '34', '2', 'Есть');
INSERT INTO `PREFIX_DB_product_attribute` (`product_id`, `attribute_id`, `language_id`, `text`) VALUES ('53', '34', '1', 'Есть');
INSERT INTO `PREFIX_DB_product_attribute` (`product_id`, `attribute_id`, `language_id`, `text`) VALUES ('53', '17', '2', '70&quot; ');
INSERT INTO `PREFIX_DB_product_attribute` (`product_id`, `attribute_id`, `language_id`, `text`) VALUES ('53', '17', '1', '70&quot; ');
INSERT INTO `PREFIX_DB_product_attribute` (`product_id`, `attribute_id`, `language_id`, `text`) VALUES ('51', '34', '2', 'Нет');
INSERT INTO `PREFIX_DB_product_attribute` (`product_id`, `attribute_id`, `language_id`, `text`) VALUES ('51', '35', '1', '1920x1080 ');
INSERT INTO `PREFIX_DB_product_attribute` (`product_id`, `attribute_id`, `language_id`, `text`) VALUES ('51', '35', '2', '1920x1080 ');
INSERT INTO `PREFIX_DB_product_attribute` (`product_id`, `attribute_id`, `language_id`, `text`) VALUES ('51', '36', '1', 'Есть');
INSERT INTO `PREFIX_DB_product_attribute` (`product_id`, `attribute_id`, `language_id`, `text`) VALUES ('51', '36', '2', 'Есть');
INSERT INTO `PREFIX_DB_product_attribute` (`product_id`, `attribute_id`, `language_id`, `text`) VALUES ('51', '37', '1', 'LED-подсветка ');
INSERT INTO `PREFIX_DB_product_attribute` (`product_id`, `attribute_id`, `language_id`, `text`) VALUES ('51', '37', '2', 'LED-подсветка ');
INSERT INTO `PREFIX_DB_product_attribute` (`product_id`, `attribute_id`, `language_id`, `text`) VALUES ('51', '38', '1', 'Нет');
INSERT INTO `PREFIX_DB_product_attribute` (`product_id`, `attribute_id`, `language_id`, `text`) VALUES ('51', '38', '2', 'Нет');
INSERT INTO `PREFIX_DB_product_attribute` (`product_id`, `attribute_id`, `language_id`, `text`) VALUES ('52', '35', '1', '1920x1080 ');
INSERT INTO `PREFIX_DB_product_attribute` (`product_id`, `attribute_id`, `language_id`, `text`) VALUES ('52', '35', '2', '1920x1080 ');
INSERT INTO `PREFIX_DB_product_attribute` (`product_id`, `attribute_id`, `language_id`, `text`) VALUES ('52', '36', '1', 'Нет');
INSERT INTO `PREFIX_DB_product_attribute` (`product_id`, `attribute_id`, `language_id`, `text`) VALUES ('52', '36', '2', 'Нет');
INSERT INTO `PREFIX_DB_product_attribute` (`product_id`, `attribute_id`, `language_id`, `text`) VALUES ('52', '37', '1', 'LED-подсветка ');
INSERT INTO `PREFIX_DB_product_attribute` (`product_id`, `attribute_id`, `language_id`, `text`) VALUES ('52', '37', '2', 'LED-подсветка ');
INSERT INTO `PREFIX_DB_product_attribute` (`product_id`, `attribute_id`, `language_id`, `text`) VALUES ('82', '27', '1', 'Двухъядерный Exynos 7270 (1.0 ГГц)');
INSERT INTO `PREFIX_DB_product_attribute` (`product_id`, `attribute_id`, `language_id`, `text`) VALUES ('82', '27', '2', 'Двухъядерный Exynos 7270 (1.0 ГГц)');
INSERT INTO `PREFIX_DB_product_attribute` (`product_id`, `attribute_id`, `language_id`, `text`) VALUES ('82', '36', '1', 'Есть');
INSERT INTO `PREFIX_DB_product_attribute` (`product_id`, `attribute_id`, `language_id`, `text`) VALUES ('82', '36', '2', 'Есть');
INSERT INTO `PREFIX_DB_product_attribute` (`product_id`, `attribute_id`, `language_id`, `text`) VALUES ('82', '43', '1', '360х360 ');
INSERT INTO `PREFIX_DB_product_attribute` (`product_id`, `attribute_id`, `language_id`, `text`) VALUES ('82', '43', '2', '360х360 ');
INSERT INTO `PREFIX_DB_product_attribute` (`product_id`, `attribute_id`, `language_id`, `text`) VALUES ('82', '44', '1', '4.2 ');
INSERT INTO `PREFIX_DB_product_attribute` (`product_id`, `attribute_id`, `language_id`, `text`) VALUES ('72', '14', '2', '1');
INSERT INTO `PREFIX_DB_product_attribute` (`product_id`, `attribute_id`, `language_id`, `text`) VALUES ('72', '14', '1', '1');
INSERT INTO `PREFIX_DB_product_attribute` (`product_id`, `attribute_id`, `language_id`, `text`) VALUES ('72', '13', '2', '2+2 ');
INSERT INTO `PREFIX_DB_product_attribute` (`product_id`, `attribute_id`, `language_id`, `text`) VALUES ('72', '13', '1', '2+2 ');
INSERT INTO `PREFIX_DB_product_attribute` (`product_id`, `attribute_id`, `language_id`, `text`) VALUES ('72', '12', '2', 'Есть');
INSERT INTO `PREFIX_DB_product_attribute` (`product_id`, `attribute_id`, `language_id`, `text`) VALUES ('74', '18', '1', 'FullHD (1920x1080) ');
INSERT INTO `PREFIX_DB_product_attribute` (`product_id`, `attribute_id`, `language_id`, `text`) VALUES ('74', '18', '2', 'FullHD (1920x1080) ');
INSERT INTO `PREFIX_DB_product_attribute` (`product_id`, `attribute_id`, `language_id`, `text`) VALUES ('73', '13', '1', '1');
INSERT INTO `PREFIX_DB_product_attribute` (`product_id`, `attribute_id`, `language_id`, `text`) VALUES ('73', '12', '2', 'Есть');
INSERT INTO `PREFIX_DB_product_attribute` (`product_id`, `attribute_id`, `language_id`, `text`) VALUES ('64', '27', '1', 'Intel Celeron 3855U');
INSERT INTO `PREFIX_DB_product_attribute` (`product_id`, `attribute_id`, `language_id`, `text`) VALUES ('64', '17', '2', '14&quot;');
INSERT INTO `PREFIX_DB_product_attribute` (`product_id`, `attribute_id`, `language_id`, `text`) VALUES ('64', '17', '1', '14&quot;');
INSERT INTO `PREFIX_DB_product_attribute` (`product_id`, `attribute_id`, `language_id`, `text`) VALUES ('66', '32', '1', 'Черный');
INSERT INTO `PREFIX_DB_product_attribute` (`product_id`, `attribute_id`, `language_id`, `text`) VALUES ('66', '32', '2', 'Черный');
INSERT INTO `PREFIX_DB_product_attribute` (`product_id`, `attribute_id`, `language_id`, `text`) VALUES ('66', '33', '1', '2.4 кг ');
INSERT INTO `PREFIX_DB_product_attribute` (`product_id`, `attribute_id`, `language_id`, `text`) VALUES ('66', '33', '2', '2.4 кг ');
INSERT INTO `PREFIX_DB_product_attribute` (`product_id`, `attribute_id`, `language_id`, `text`) VALUES ('70', '27', '1', 'Intel Celeron 3855U');
INSERT INTO `PREFIX_DB_product_attribute` (`product_id`, `attribute_id`, `language_id`, `text`) VALUES ('70', '17', '2', '17.3&quot;');
INSERT INTO `PREFIX_DB_product_attribute` (`product_id`, `attribute_id`, `language_id`, `text`) VALUES ('70', '17', '1', '17.3&quot;');
INSERT INTO `PREFIX_DB_product_attribute` (`product_id`, `attribute_id`, `language_id`, `text`) VALUES ('69', '32', '2', 'Черный');
INSERT INTO `PREFIX_DB_product_attribute` (`product_id`, `attribute_id`, `language_id`, `text`) VALUES ('69', '33', '1', '2.1 кг ');
INSERT INTO `PREFIX_DB_product_attribute` (`product_id`, `attribute_id`, `language_id`, `text`) VALUES ('68', '32', '2', 'Черный');
INSERT INTO `PREFIX_DB_product_attribute` (`product_id`, `attribute_id`, `language_id`, `text`) VALUES ('68', '33', '1', '2.4 кг ');
INSERT INTO `PREFIX_DB_product_attribute` (`product_id`, `attribute_id`, `language_id`, `text`) VALUES ('68', '33', '2', '2.4 кг ');
INSERT INTO `PREFIX_DB_product_attribute` (`product_id`, `attribute_id`, `language_id`, `text`) VALUES ('67', '27', '1', 'AMD Quad-Core E2-7110');
INSERT INTO `PREFIX_DB_product_attribute` (`product_id`, `attribute_id`, `language_id`, `text`) VALUES ('67', '17', '2', '15.6&quot;');
INSERT INTO `PREFIX_DB_product_attribute` (`product_id`, `attribute_id`, `language_id`, `text`) VALUES ('67', '17', '1', '15.6&quot;');
INSERT INTO `PREFIX_DB_product_attribute` (`product_id`, `attribute_id`, `language_id`, `text`) VALUES ('62', '27', '1', 'Intel Celeron N3450');
INSERT INTO `PREFIX_DB_product_attribute` (`product_id`, `attribute_id`, `language_id`, `text`) VALUES ('62', '17', '2', '15.6&quot;');
INSERT INTO `PREFIX_DB_product_attribute` (`product_id`, `attribute_id`, `language_id`, `text`) VALUES ('62', '17', '1', '15.6&quot;');
INSERT INTO `PREFIX_DB_product_attribute` (`product_id`, `attribute_id`, `language_id`, `text`) VALUES ('61', '32', '1', 'Черный');
INSERT INTO `PREFIX_DB_product_attribute` (`product_id`, `attribute_id`, `language_id`, `text`) VALUES ('61', '32', '2', 'Черный');
INSERT INTO `PREFIX_DB_product_attribute` (`product_id`, `attribute_id`, `language_id`, `text`) VALUES ('61', '33', '1', '2.4 кг ');
INSERT INTO `PREFIX_DB_product_attribute` (`product_id`, `attribute_id`, `language_id`, `text`) VALUES ('61', '33', '2', '2.4 кг ');
INSERT INTO `PREFIX_DB_product_attribute` (`product_id`, `attribute_id`, `language_id`, `text`) VALUES ('56', '20', '2', '27&quot;');
INSERT INTO `PREFIX_DB_product_attribute` (`product_id`, `attribute_id`, `language_id`, `text`) VALUES ('55', '26', '1', '150 Гц ');
INSERT INTO `PREFIX_DB_product_attribute` (`product_id`, `attribute_id`, `language_id`, `text`) VALUES ('54', '20', '2', '20&quot;');
INSERT INTO `PREFIX_DB_product_attribute` (`product_id`, `attribute_id`, `language_id`, `text`) VALUES ('54', '20', '1', '20&quot;');
INSERT INTO `PREFIX_DB_product_attribute` (`product_id`, `attribute_id`, `language_id`, `text`) VALUES ('57', '23', '2', 'Нет');
INSERT INTO `PREFIX_DB_product_attribute` (`product_id`, `attribute_id`, `language_id`, `text`) VALUES ('52', '34', '2', 'Есть');
INSERT INTO `PREFIX_DB_product_attribute` (`product_id`, `attribute_id`, `language_id`, `text`) VALUES ('53', '39', '1', '178° / 178° ');
INSERT INTO `PREFIX_DB_product_attribute` (`product_id`, `attribute_id`, `language_id`, `text`) VALUES ('53', '39', '2', '178° / 178° ');
INSERT INTO `PREFIX_DB_product_attribute` (`product_id`, `attribute_id`, `language_id`, `text`) VALUES ('50', '34', '2', 'Нет');
INSERT INTO `PREFIX_DB_product_attribute` (`product_id`, `attribute_id`, `language_id`, `text`) VALUES ('50', '34', '1', 'Нет');
INSERT INTO `PREFIX_DB_product_attribute` (`product_id`, `attribute_id`, `language_id`, `text`) VALUES ('51', '34', '1', 'Нет');
INSERT INTO `PREFIX_DB_product_attribute` (`product_id`, `attribute_id`, `language_id`, `text`) VALUES ('51', '17', '2', '55&quot; ');
INSERT INTO `PREFIX_DB_product_attribute` (`product_id`, `attribute_id`, `language_id`, `text`) VALUES ('51', '17', '1', '55&quot; ');
INSERT INTO `PREFIX_DB_product_attribute` (`product_id`, `attribute_id`, `language_id`, `text`) VALUES ('82', '21', '2', 'Super AMOLED');
INSERT INTO `PREFIX_DB_product_attribute` (`product_id`, `attribute_id`, `language_id`, `text`) VALUES ('82', '21', '1', 'Super AMOLED');
INSERT INTO `PREFIX_DB_product_attribute` (`product_id`, `attribute_id`, `language_id`, `text`) VALUES ('63', '32', '2', 'Черный');
INSERT INTO `PREFIX_DB_product_attribute` (`product_id`, `attribute_id`, `language_id`, `text`) VALUES ('63', '33', '1', '2.4 кг ');
INSERT INTO `PREFIX_DB_product_attribute` (`product_id`, `attribute_id`, `language_id`, `text`) VALUES ('63', '33', '2', '2.4 кг ');
INSERT INTO `PREFIX_DB_product_attribute` (`product_id`, `attribute_id`, `language_id`, `text`) VALUES ('65', '32', '1', 'Черный');
INSERT INTO `PREFIX_DB_product_attribute` (`product_id`, `attribute_id`, `language_id`, `text`) VALUES ('65', '32', '2', 'Черный');
INSERT INTO `PREFIX_DB_product_attribute` (`product_id`, `attribute_id`, `language_id`, `text`) VALUES ('65', '33', '1', '2.2 кг ');
INSERT INTO `PREFIX_DB_product_attribute` (`product_id`, `attribute_id`, `language_id`, `text`) VALUES ('65', '33', '2', '2.2 кг ');
INSERT INTO `PREFIX_DB_product_attribute` (`product_id`, `attribute_id`, `language_id`, `text`) VALUES ('82', '44', '2', '4.2 ');
INSERT INTO `PREFIX_DB_product_attribute` (`product_id`, `attribute_id`, `language_id`, `text`) VALUES ('82', '45', '1', '1.3&quot;');
INSERT INTO `PREFIX_DB_product_attribute` (`product_id`, `attribute_id`, `language_id`, `text`) VALUES ('82', '45', '2', '1.3&quot;');
INSERT INTO `PREFIX_DB_product_attribute` (`product_id`, `attribute_id`, `language_id`, `text`) VALUES ('73', '18', '2', 'FullHD (1920x1080) ');
INSERT INTO `PREFIX_DB_product_attribute` (`product_id`, `attribute_id`, `language_id`, `text`) VALUES ('73', '19', '1', '190');
INSERT INTO `PREFIX_DB_product_attribute` (`product_id`, `attribute_id`, `language_id`, `text`) VALUES ('55', '21', '1', 'IPS');
INSERT INTO `PREFIX_DB_product_attribute` (`product_id`, `attribute_id`, `language_id`, `text`) VALUES ('55', '20', '2', '22&quot;');
INSERT INTO `PREFIX_DB_product_attribute` (`product_id`, `attribute_id`, `language_id`, `text`) VALUES ('55', '20', '1', '22&quot;');
INSERT INTO `PREFIX_DB_product_attribute` (`product_id`, `attribute_id`, `language_id`, `text`) VALUES ('69', '17', '1', '15.6&quot;');
INSERT INTO `PREFIX_DB_product_attribute` (`product_id`, `attribute_id`, `language_id`, `text`) VALUES ('50', '17', '1', '55&quot; ');
INSERT INTO `PREFIX_DB_product_attribute` (`product_id`, `attribute_id`, `language_id`, `text`) VALUES ('50', '17', '2', '55&quot; ');
INSERT INTO `PREFIX_DB_product_attribute` (`product_id`, `attribute_id`, `language_id`, `text`) VALUES ('73', '19', '2', '190');
INSERT INTO `PREFIX_DB_product_attribute` (`product_id`, `attribute_id`, `language_id`, `text`) VALUES ('74', '12', '2', 'Есть');
INSERT INTO `PREFIX_DB_product_attribute` (`product_id`, `attribute_id`, `language_id`, `text`) VALUES ('74', '12', '1', 'Есть');
INSERT INTO `PREFIX_DB_product_attribute` (`product_id`, `attribute_id`, `language_id`, `text`) VALUES ('73', '12', '1', 'Есть');
INSERT INTO `PREFIX_DB_product_attribute` (`product_id`, `attribute_id`, `language_id`, `text`) VALUES ('74', '19', '1', '201');
INSERT INTO `PREFIX_DB_product_attribute` (`product_id`, `attribute_id`, `language_id`, `text`) VALUES ('74', '19', '2', '201');
INSERT INTO `PREFIX_DB_product_attribute` (`product_id`, `attribute_id`, `language_id`, `text`) VALUES ('51', '39', '1', '178° / 178° ');
INSERT INTO `PREFIX_DB_product_attribute` (`product_id`, `attribute_id`, `language_id`, `text`) VALUES ('51', '39', '2', '178° / 178° ');
INSERT INTO `PREFIX_DB_product_attribute` (`product_id`, `attribute_id`, `language_id`, `text`) VALUES ('72', '12', '1', 'Есть');
INSERT INTO `PREFIX_DB_product_attribute` (`product_id`, `attribute_id`, `language_id`, `text`) VALUES ('54', '25', '2', '2000:1');
INSERT INTO `PREFIX_DB_product_attribute` (`product_id`, `attribute_id`, `language_id`, `text`) VALUES ('54', '26', '1', '200 Гц ');
INSERT INTO `PREFIX_DB_product_attribute` (`product_id`, `attribute_id`, `language_id`, `text`) VALUES ('54', '26', '2', '200 Гц ');
INSERT INTO `PREFIX_DB_product_attribute` (`product_id`, `attribute_id`, `language_id`, `text`) VALUES ('55', '26', '2', '150 Гц ');
INSERT INTO `PREFIX_DB_product_attribute` (`product_id`, `attribute_id`, `language_id`, `text`) VALUES ('56', '25', '2', '2000:1');
INSERT INTO `PREFIX_DB_product_attribute` (`product_id`, `attribute_id`, `language_id`, `text`) VALUES ('56', '26', '1', '100 Гц ');
INSERT INTO `PREFIX_DB_product_attribute` (`product_id`, `attribute_id`, `language_id`, `text`) VALUES ('62', '33', '1', '3.2 кг ');
INSERT INTO `PREFIX_DB_product_attribute` (`product_id`, `attribute_id`, `language_id`, `text`) VALUES ('62', '33', '2', '3.2 кг ');
INSERT INTO `PREFIX_DB_product_attribute` (`product_id`, `attribute_id`, `language_id`, `text`) VALUES ('67', '33', '2', '2.7 кг ');
INSERT INTO `PREFIX_DB_product_attribute` (`product_id`, `attribute_id`, `language_id`, `text`) VALUES ('69', '33', '2', '2.1 кг ');
INSERT INTO `PREFIX_DB_product_attribute` (`product_id`, `attribute_id`, `language_id`, `text`) VALUES ('50', '39', '2', '160° / 160° ');
INSERT INTO `PREFIX_DB_product_attribute` (`product_id`, `attribute_id`, `language_id`, `text`) VALUES ('56', '26', '2', '100 Гц ');
INSERT INTO `PREFIX_DB_product_attribute` (`product_id`, `attribute_id`, `language_id`, `text`) VALUES ('70', '33', '1', '2.5 кг ');
INSERT INTO `PREFIX_DB_product_attribute` (`product_id`, `attribute_id`, `language_id`, `text`) VALUES ('70', '33', '2', '2.5 кг ');
INSERT INTO `PREFIX_DB_product_attribute` (`product_id`, `attribute_id`, `language_id`, `text`) VALUES ('64', '33', '1', '2.7 кг ');
INSERT INTO `PREFIX_DB_product_attribute` (`product_id`, `attribute_id`, `language_id`, `text`) VALUES ('64', '33', '2', '2.7 кг ');
INSERT INTO `PREFIX_DB_product_attribute` (`product_id`, `attribute_id`, `language_id`, `text`) VALUES ('52', '38', '1', 'Есть');
INSERT INTO `PREFIX_DB_product_attribute` (`product_id`, `attribute_id`, `language_id`, `text`) VALUES ('52', '38', '2', 'Есть');
INSERT INTO `PREFIX_DB_product_attribute` (`product_id`, `attribute_id`, `language_id`, `text`) VALUES ('52', '39', '1', '160° / 160° ');
INSERT INTO `PREFIX_DB_product_attribute` (`product_id`, `attribute_id`, `language_id`, `text`) VALUES ('52', '39', '2', '160° / 160° ');


TRUNCATE TABLE `PREFIX_DB_product_description`;

INSERT INTO `PREFIX_DB_product_description` (`product_id`, `language_id`, `name`, `description`, `tag`, `meta_title`, `meta_h1`, `meta_description`, `meta_keyword`) VALUES ('57', '1', 'Монитор ASUS PG348Q ', '&lt;p&gt;&lt;strong&gt;Монитор ASUS PG348Q&lt;/strong&gt; — современный геймерский монитор с изогнутым экраном разрешением 3440 х 1440 пикселей!&amp;nbsp;Расширяя горизонты.&amp;nbsp;Swift PG348Q – это новая флагманская модель в линейке геймерских мониторов ROG, обладающая фантастическим изогнутым экраном с 34-дюймовой IPS-панелью разрешением 3440х1440 пикселей. Ориентированность этого монитора на компьютерные игры подчеркивает поддержка таких технологий, как NVIDIA G-Sync, повышенная частота обновления экрана (100 Гц), а также агрессивный дизайн в оригинальном стиле ROG.&amp;nbsp;&lt;strong&gt;Технология Nvidia G-SYNC.&amp;nbsp;&lt;/strong&gt;В мониторе ROG Swift PG348Q реализована технология Nvidia G-SYNC, синхронизирующая частоту обновления экрана с частотой вывода кадров графическим процессором. Благодаря G-SYNC устраняется неприятный эффект разрыва кадра и уменьшается задержка отображения, что обеспечивает как более высокое качество картинки, так и улучшенную реакцию игры на действия пользователя.&lt;br /&gt;&lt;br /&gt;&lt;strong&gt;Технология GamePlus.&amp;nbsp;&lt;/strong&gt;В мониторе реализованы несколько функций, предназначенных специально для любителей компьютерных игр. Они активируются нажатием специальной кнопки и известны под общим названием GamePlus.&amp;nbsp;FPS counter (Индикатор FPS).&amp;nbsp;Показывает частоту кадров, с которой обновляется изображение на экране дисплея. Эта информация полезна для оценки влияния различных графических настроек и параметров системы на скорость прорисовки графики и нахождения оптимального баланса между качеством изображения и комфортом в игре.&lt;br /&gt;Примечание: индикатор частоты кадров можно включить при активированной технологии G-SYNC.&lt;br /&gt;&lt;br /&gt;&lt;strong&gt;Технология GameVisual.&amp;nbsp;&lt;/strong&gt;Эксклюзивная технология ASUS GameVisual позволяет быстро настраивать монитор в соответствии с текущими задачами и условиями, чтобы получить максимально качественное изображение. Всего доступно шесть режимов настройки. Между ними можно легко переключаться с помощью 5-позиционного джойстика или в экранном меню.&amp;nbsp;Безрамочная конструкция.&amp;nbsp;Благодаря отсутствию рамки вокруг экрана модель ROG Swift PG348Q превосходно подходит для мультимониторных конфигураций, обеспечивающих еще большее погружение в виртуальный мир.&amp;nbsp;&lt;strong&gt;Современные интерфейсы.&amp;nbsp;&lt;/strong&gt;ROG Swift PG348Q подключается к источнику видеосигнала по интерфейсу DisplayPort 1.2 или HDMI. Кроме того, он обладает четырьмя портами USB 3.0 для подсоединения периферийных устройств, например клавиатуры и мыши, или подзарядки мобильных гаджетов.&amp;nbsp;Эргономичная подставка.&amp;nbsp;Подставка данного монитора позволяет с удобством настраивать положение экрана: изменять угол наклона и высоту, а также поворачивать его вокруг своей оси.&lt;/p&gt;', '', '', '', '', '');
INSERT INTO `PREFIX_DB_product_description` (`product_id`, `language_id`, `name`, `description`, `tag`, `meta_title`, `meta_h1`, `meta_description`, `meta_keyword`) VALUES ('58', '1', 'Крепление для телевизора Vogels W53070 Bl', '&lt;p&gt;&lt;strong&gt;Инновационный настенный кронштейн VOGELS W53070 &lt;/strong&gt;для ТВ удивительно отзывчиво реагирует на прикосновение, обеспечивая полный контроль над возможностями просмотра. Избегайте случайного и неэстетичного спутывания кабелей с помощью простого фиксатора, который надежно и незаметно прячет их, чтобы вы могли полноценно наслаждаться фильмом.&lt;br /&gt;&lt;br /&gt;Вы ненавидите трудоемкий процесс монтажа? VOGELS об этом позаботились, включив в комплект удобный регулировочный уровень, который гарантирует идеальное выравнивание вашего телевизора по горизонтали- кронштейн также обеспечивает надежное крепление экранов диагональю от 32 до 55 дюймов весом до 20 кг. Настенное крепление оснащено возможностью поворота на 180 градусов (по 90 градусов вправо и влево) и наклона до 20 градусов. Благодаря своему элегантному дизайну кронштейн будет выглядеть стильно в любой комнате вашего дома.&lt;/p&gt;', '', '', '', '', '');
INSERT INTO `PREFIX_DB_product_description` (`product_id`, `language_id`, `name`, `description`, `tag`, `meta_title`, `meta_h1`, `meta_description`, `meta_keyword`) VALUES ('58', '2', 'Vogels W53070 Bl', '', '', '', '', '', '');
INSERT INTO `PREFIX_DB_product_description` (`product_id`, `language_id`, `name`, `description`, `tag`, `meta_title`, `meta_h1`, `meta_description`, `meta_keyword`) VALUES ('59', '2', 'Trimax TR-2012HD PVR', '', '', '', '', '', '');
INSERT INTO `PREFIX_DB_product_description` (`product_id`, `language_id`, `name`, `description`, `tag`, `meta_title`, `meta_h1`, `meta_description`, `meta_keyword`) VALUES ('59', '1', 'Тюнер цифрового ТВ Trimax TR-2012HD PVR', '&lt;p&gt;Как известно, цифровое телерадиовещание в Украине ведется в двух стандартах – DVB-T и DVB-T2, и именно второй сейчас представляется более перспективным. Учитывая, что в 2015 году Украина собирается отказаться от аналогового вещания, пользователям, которые не желают связываться ни со спутниковым, ни с кабельным телевидением и предпочитают и дальше пользоваться эфирным, стоит задуматься об апгрейде своего телевизора уже сейчас. Как известно, сигнал DVB-T2 в Украине закодирован, и принимать его могут лишь несколько сертифицированных ресиверов или CAM-модулей. С одним из таких приемников мы и решили познакомиться поближе.&lt;/p&gt;', '', '', '', '', '');
INSERT INTO `PREFIX_DB_product_description` (`product_id`, `language_id`, `name`, `description`, `tag`, `meta_title`, `meta_h1`, `meta_description`, `meta_keyword`) VALUES ('60', '2', 'Kivi AK86 ', '', '', '', '', '', '');
INSERT INTO `PREFIX_DB_product_description` (`product_id`, `language_id`, `name`, `description`, `tag`, `meta_title`, `meta_h1`, `meta_description`, `meta_keyword`) VALUES ('60', '1', 'Пульт ДУ универсальный Kivi AK86 ', '&lt;p&gt;&lt;strong&gt;Kivi AK86&lt;/strong&gt; — идеальное решение для управления мультимедийным устройство! Пульт ДУ &lt;strong&gt;Kivi&lt;/strong&gt; – универсальный пульт-указка, который заметно облегчит вашу работу со Смарт ТВ. Управляйте курсором с помощью движений вашей руки. Встроенный датчик обеспечивает точное повторение ваших движений рукой и значительно ускоряет управление.&lt;/p&gt;&lt;p&gt;&lt;strong&gt;Портативный, элегантный и уникальный&lt;/strong&gt;&lt;br /&gt;Этот радио пульт идеально подходит для управления одной рукой. Управляйте своим Смарт устройством из любого места комнаты, без необходимости целиться им в телевизор. Не требует дополнительных настроек, портативен и удобен в использовании.&lt;br /&gt;Надежная современная модель беспроводного аэропульта благодаря встроенному гироскопу имеет удобное управление в пространстве, не требует дополнительных подставок, аксессуаров и настроек, курсор точно повторяет движения за пультом. С его помощью можно с легкостью отрегулировать звук, выбрать необходимую программу, использовать интернет браузер. Подключение многофункционального манипулятора к выбранному устройству происходит с помощью USB передатчика и занимает минимум свободного времени.&lt;/p&gt;&lt;p&gt;&lt;strong&gt;Функции&lt;/strong&gt;&lt;br /&gt;Переключайте каналы, управляйте громкостью, быстро и комфортно работайте в браузере и любых приложениях. Вам больше не нужно постоянно нажимать на кнопки навигации, чтобы попасть в определённое меню и выбрать нужный пункт. Вы также можете использовать пульт-указку Kivi для управления проектором, компьютером или мультимедийной приставкой. Пульт работает в радиусе 10 метров от устройства, имеет длительное время работы и функцию автоматического отключения.&lt;/p&gt;&lt;p&gt;&lt;strong&gt;Характеристики:&lt;/strong&gt;&lt;/p&gt;&lt;ul&gt;\t&lt;li&gt;Совместимость: телевизоры со смарт ТВ, андроид приставки, PC&lt;/li&gt;\t&lt;li&gt;Радиус действия: до 10 м&lt;/li&gt;\t&lt;li&gt;Беспроводное соединение 2.4 ГГц&lt;/li&gt;\t&lt;li&gt;Питание 2 батарейки AAA (в комплекте)&lt;/li&gt;\t&lt;li&gt;Операционные системы: Windows 98/2000/XP/7, Linux, Mac, Android&lt;/li&gt;&lt;/ul&gt;', '', '', '', '', '');
INSERT INTO `PREFIX_DB_product_description` (`product_id`, `language_id`, `name`, `description`, `tag`, `meta_title`, `meta_h1`, `meta_description`, `meta_keyword`) VALUES ('63', '2', 'Lenovo IdeaPad Y900', '', '', '', '', '', '');
INSERT INTO `PREFIX_DB_product_description` (`product_id`, `language_id`, `name`, `description`, `tag`, `meta_title`, `meta_h1`, `meta_description`, `meta_keyword`) VALUES ('61', '2', 'Acer Aspire E5-552G-T8QE', '', '', '', '', '', '');
INSERT INTO `PREFIX_DB_product_description` (`product_id`, `language_id`, `name`, `description`, `tag`, `meta_title`, `meta_h1`, `meta_description`, `meta_keyword`) VALUES ('57', '2', 'ASUS PG348Q ', '', '', '', '', '', '');
INSERT INTO `PREFIX_DB_product_description` (`product_id`, `language_id`, `name`, `description`, `tag`, `meta_title`, `meta_h1`, `meta_description`, `meta_keyword`) VALUES ('50', '1', 'Телевизор LG 55UF670V', '&lt;p&gt;&lt;strong&gt;Чёткость в каждой детали&lt;/strong&gt;&lt;/p&gt;&lt;p&gt;&amp;nbsp;&lt;/p&gt;&lt;p&gt;Телевизор Ultra HD от LG обеспечивает качество изображения, в 4 раза превосходящее Full HD. 8.3 миллиона пикселей обеспечивают идеальное изображение даже при просмотре видео с близкого расстояния. Уникальная матрица обеспечивает широкие углы обзора и насыщенные цвета без искажения палитры. Добавьте к этому мощный звук и получите самые реалистичные впечатления от просмотра телевизора. Погрузитесь в мир фантастически четких и невероятно живых деталей.&lt;/p&gt;&lt;p&gt;&lt;strong&gt;Реалистичные цвета и широкий угол обзора&lt;/strong&gt;&lt;br /&gt;Матрица Ultra HD телевизора LG позволяет передавать изображения без искажения оригинальных цветов и оттенков, в том числе и глубокого черного цвета. Используемые нами технологии позволяют повысить точность управления жидкими кристаллами и обеспечить возможность просмотра изображения на экране телевизора практически под любым углом без эффекта искажения цветовой гаммы. Живые, реалистичные, комфортные для ваших глаз цвета будут радовать вас каждый день.&lt;/p&gt;&lt;p&gt;&lt;strong&gt;Графический процессор True 4K&lt;/strong&gt;&lt;br /&gt;Процессор True 4K — это сердце 4K-телевизоров LG. Благодаря именно этому процессору, ваш новый 4К телевизор сможет показывать практически любое видео в качестве, приближенном к 4К. Каждый раз, когда вы включаете Full HD или HD-видео, наш процессор начинает работать над ним в режиме реального времени. Сначала производится масштабирование изображения до необходимого размера, затем в несколько шагов процессор «дорисовывает» недостающие пиксели, детализирует изображение и на финальном этапе доводит цветовую гамму до максимально реалистичного значения.&lt;/p&gt;&lt;p&gt;&lt;strong&gt;Simplink &lt;/strong&gt;&lt;br /&gt;Один общий пульт дистанционного управления для всех устройств. Simplink – это способ управлять всей аудио/видеосистемой. Функция Simplink , основанная на передаче сигналов управления через кабель HDMI, совместима со всеми устройствами LG.&lt;/p&gt;&lt;p&gt;&lt;strong&gt;USB&lt;/strong&gt;&lt;br /&gt;Просто подсоедините USB или внешний жесткий диск к USB порту и просматривайте его содержимое на экране телевизора.&lt;/p&gt;&lt;p&gt;&lt;strong&gt;Smart Enegry Saving&lt;/strong&gt;&lt;br /&gt;Функция умного сбережения энергии, поможет вам помочь природе, уменьшив энергопотребление. Эта функция включает в себя управление подсветкой для регулирования яркости, функцию выключения видео для воспроизведения только аудио и нулевой режим ожидания, функция, которая практически выключает телевизор, и он не потребляет энергии.&lt;/p&gt;', '', '', '', '', '');
INSERT INTO `PREFIX_DB_product_description` (`product_id`, `language_id`, `name`, `description`, `tag`, `meta_title`, `meta_h1`, `meta_description`, `meta_keyword`) VALUES ('78', '1', 'Plantronics Voyager Legend', '&lt;p&gt;&lt;strong&gt;Технология Smart Sensor &lt;/strong&gt;определяет момент, когда вы надеваете гарнитуру, что позволяет отвечать на звонок, не нажимая на клавишу. Если же гарнитура уже надета, Voyager Legend оповещает о входящем вызове и ожидает команды &quot;Answer&quot; (&quot;Ответить&quot;) или &quot;Ignore&quot; (&quot;Отклонить&quot;). Просто нажмите кнопку голосовых команд и попросите проверить уровень заряда аккумулятора, состояние подключения и т.д. Такой высокий уровень технологий позволяет назвать Voyager Legend действительно интеллектуальной гарнитурой Bluetooth.&lt;br /&gt;&lt;br /&gt;&lt;strong&gt;Гарнитура Voyager Legend &lt;/strong&gt;готова работать так же усердно, как и вы, и не боится дождя, пота или случайно пролитого кофе. Технология P2i защищает гарнитуры Voyager Legend от пота и влаги. В процессе производства на гарнитуру наносится невидимое нанопокрытие, обеспечивающее водоотталкивающие свойства, благодаря чему гарнитура работает еще более надежно в любых условиях.&lt;/p&gt;&lt;p&gt;&lt;strong&gt;Интеллектуальная функция&lt;/strong&gt; направляет звонки на телефон или гарнитуру, приостанавливает воспроизведение музыки во время входящих звонков, а также позволяет ответить на вызов, просто надев гарнитуру на ухо.&lt;br /&gt;&lt;br /&gt;&lt;strong&gt;Четкий звук.&lt;/strong&gt;&amp;nbsp;Мультимикрофоны оптимизируют звучание голоса и максимально сокращают шум, возникающий при ветре, передвижении или фоновых звуках.&lt;br /&gt;&lt;br /&gt;&lt;strong&gt;Оповещение о входящем вызове и голосовые команды&lt;/strong&gt;&lt;br /&gt;Сообщает имя вызывающего абонента и позволяет принять вызов при помощи голосовой команды \'\'answer\'\' (&quot;ответить&quot;) или отклонить его при помощи команды &quot;ignore&quot; (&quot;отклонить&quot;). Просто скажите &quot;answer&quot; (&quot;ответить&quot;), чтобы принять вызов. Нажмите кнопку голосовых команд, чтобы проверить уровень заряда аккумулятора и состояние подключения, или наберите службу Vocalyst, чтобы прослушать электронные сообщения, новости и многое другое.&lt;/p&gt;', '', '', '', '', '');
INSERT INTO `PREFIX_DB_product_description` (`product_id`, `language_id`, `name`, `description`, `tag`, `meta_title`, `meta_h1`, `meta_description`, `meta_keyword`) VALUES ('72', '1', 'ASUS ZE551ML Zenfone 2 32Gb', '&lt;p&gt;Компания ASUS представила ZenFone 2, флагманский смартфон нового поколения. Новинка является воплощением простоты, надежности, красоты линий и высокой производительности. ZenFone 2 представляет собой современный смартфон с 5.5-дюймовым Full HD IPS-экраном, 13-мегапиксельной основной и 5-мегапиксельной фронтальной камерами с технологией PixelMaster, 64-битным мощным процессором Intel Atom с внушительным объемом оперативной памяти и возможностью работы в сетях 4G/LTE.&lt;br /&gt;&lt;br /&gt;Смартфон ASUS ZenFone 2 получил совершенно новый потрясающий дизайн с элементами фирменного стиля компании ASUS, отражающего философию Zen. Внешний вид ZenFone 2 отличается узором из концентрических окружностей, невероятно тонким корпусом с боковыми гранями толщиной всего 3.9 мм и металлической отделкой. Закругленные грани смартфона обеспечивают надежный хват, при этом модель имеет удобное расположение органов управления.&lt;br /&gt;&lt;br /&gt;Четкий и яркий 5.5-дюймовый Full HD IPS-экран смартфона ZenFone 2 обладает пиксельной плотностью 403 пикселя на дюйм и широкими углами обзора (178 градусов), что обеспечивает реалистичное изображение. Технология ASUS TruVivid позволяет получить еще более яркие и насыщенные цвета. Дисплей ZenFone 2 занимает 72% площади передней панели, толщина боковых рамок составляет всего 3.3 мм. Защитное покрытие экрана Gorilla Glass 3 от компании Corning отличается повышенной устойчивостью к повреждениям. Олеофобное покрытие снижает трение при скольжении пальцев на 30%, повышая качество работы с сенсорным экраном.&lt;br /&gt;&lt;br /&gt;ASUS ZenFone 2 оснастили 13-мегапиксельной камерой с технологией PixelMaster, светосильным объективом (F/2.0) и функцией мгновенного срабатывания затвора, что позволяет получать яркие и четкие фотографии с высоким разрешением. В режиме низкой освещенности камера с технологией PixelMaster обеспечивает изменение размера пикселей датчика изображения для увеличения светочувствительности на 400%. Таким образом, она позволяет делать качественные снимки при недостаточном количестве света. Двухцветная вспышка Real Tone обеспечивает более естественный цвет кожи и точную цветопередачу.&lt;br /&gt;&lt;br /&gt;5-мегапиксельная фронтальная камера с широким углом обзора (85 градусов), установленная на ZenFone 2, прекрасно подойдет для съемки автопортретов, которые можно обрабатывать в режиме реального времени. Для тех, кто хочет сделать автопортрет группы друзей, пользовательский интерфейс ZenUI предлагает функцию панорамного автопортрета, которая расширяет угол обзора до 140 градусов.&lt;br /&gt;&lt;br /&gt;Емкость аккумулятора нового ZenFone 2 составляет 3 000 мАч, обеспечивая смартфон зарядом более чем на целый день работы. Технология быстрой зарядки позволяет зарядить батарею смартфона на 60% всего за 39 минут.&lt;br /&gt;&lt;br /&gt;Отличаясь современным дизайном и удобством представления информации, эксклюзивный пользовательский интерфейс ASUS ZenUI отражает концепцию свободы самовыражения и общения без границ. Последняя версия ASUS ZenUI, разработанная специально для ZenFone 2, стала еще удобнее и понятнее, а ее дизайн — лаконичнее.&lt;br /&gt;&lt;br /&gt;ZenFone 2 поддерживает работу в сетях 4G/LTE, обеспечивая скорость передачи данных до рекордных 150 Мбит/с, и стандарт 802.11ac Wi-Fi, гарантируя плавное и четкое воспроизведение потокового видео и музыки. Смартфон ZenFone 2 станет идеальным помощником в путешествиях и командировках благодаря двум работающим одновременно слотам для SIM-карты.&lt;/p&gt;', '', '', '', '', '');
INSERT INTO `PREFIX_DB_product_description` (`product_id`, `language_id`, `name`, `description`, `tag`, `meta_title`, `meta_h1`, `meta_description`, `meta_keyword`) VALUES ('51', '1', 'Телевизор LG 55LF630V', '&lt;p&gt;Дизайн&lt;/p&gt;&lt;p&gt;Телевизор от &lt;strong&gt;LG&lt;/strong&gt; имеет стильный современный дизайн. Верхняя и нижняя части фронтальной панели декорированы металлическими вставками. Изящная подставка выполнена из черного глянцевого пластика. Благодаря компактному размеру (124.2 x 77.4 x 22 см) устройство не займет много места в помещении. При необходимости телевизор можно разместить на стене с помощью кронштейна со стандартом VESA (300 х 300).&lt;/p&gt;&lt;p&gt;Изображение&lt;/p&gt;&lt;p&gt;Модель &lt;strong&gt;LG 55LF630V&lt;/strong&gt; получила LCD-дисплей с диагональю 55 дюйма и разрешением Full HD (1920 х 1080 пикселей). Частота обновления экрана составляет 900 PMI. В устройстве реализована технология Natural Color, которая делает цвета более насыщенными и естественными. Процессор Triple XD Engine отвечает за быструю реакцию и высокий уровень производительности. 8 режимов демонстрации изображения и соотношения сторон позволят выбрать наиболее подходящие условия просмотра любимых фильмов и телешоу. Чтобы глаза пользователя не переутомлялись, производитель предусмотрел сенсор освещенности Motion Eye Care.&lt;/p&gt;&lt;p&gt;Аудио&lt;/p&gt;&lt;p&gt;Система объемного звучания Virtual Surround Plus и декодер Dolby Digital дают непревзойденные ощущения от качества воспроизведения. Звук получается насыщенный и реалистичный, создается эффект присутствия. Аудиосистема телевизора состоит из 2 встроенных динамиков мощностью по 10 Вт. Технология Clear Voice II усиливает звук и делает его более четким. Компания LG внедрила в этой модели 6 режимов звучания: «Стандартный», «Новости», «Музыка», «Кино», «Спорт», «Игра».&lt;/p&gt;&lt;p&gt;Операционная система WebOS 2.0 и функция Smart TV&lt;/p&gt;&lt;p&gt;Модель &lt;strong&gt;LG 55LF630V&lt;/strong&gt; работает на базе операционной системы WebOS 2.0, поддерживает полноценный интернет-браузер (HTML5) и функцию распознавания голоса (русский и украинский языки). В комплекте с телевизором идет универсальный пульт дистанционного управления, с помощью которого можно управлять еще и спутниковым ресивером, DVD-проигрывателем или домашним кинотеатром. Поддержка функции Wi-Fi Direct позволяет осуществлять беспроводную синхронизацию с телефоном, планшетом и другими портативными устройствами, а также транслировать контент на большом экране.&lt;/p&gt;&lt;p&gt;Коммуникации&lt;/p&gt;&lt;p&gt;На боковой панели находятся разъемы CI Slot, HDMI х 3, USB 2.0 х 3. На задней части устройства размещены такие порты: RF вход, цифровой аудиовыход, LAN, выход для наушников и RS-232C. Также для беспроводного воспроизведения «тяжелого» мультимедийного контента телевизор оснащен сертифицированной технологией Miracast и WiDi.&lt;/p&gt;&lt;p&gt;Энергопотребление&lt;/p&gt;&lt;p&gt;С целью заботы об экономном потреблении электроэнергии в этой модели предусмотрена функция Smart Energy Saving, которая автоматически регулирует подсветку дисплея на основе анализа освещенности помещения.&lt;/p&gt;', '', '', '', '', '');
INSERT INTO `PREFIX_DB_product_description` (`product_id`, `language_id`, `name`, `description`, `tag`, `meta_title`, `meta_h1`, `meta_description`, `meta_keyword`) VALUES ('65', '2', 'Dell XPS 15', '', '', '', '', '', '');
INSERT INTO `PREFIX_DB_product_description` (`product_id`, `language_id`, `name`, `description`, `tag`, `meta_title`, `meta_h1`, `meta_description`, `meta_keyword`) VALUES ('79', '2', 'Nomi TPU-cover', '', '', '', '', '', '');
INSERT INTO `PREFIX_DB_product_description` (`product_id`, `language_id`, `name`, `description`, `tag`, `meta_title`, `meta_h1`, `meta_description`, `meta_keyword`) VALUES ('80', '1', 'Зарядное устройство Belkin Dual', '&lt;p&gt;Зарядное устройство Belkin Dual USB MicroCharger (12V+LIGHTNING сable, 2 USBx2.1A) (F8J071bt04-BLK) — зарядное устройство с Lightning USB-кабелем для зарядки двух USB-устройств одновременно. Belkin Dual USB подключается к порту питания в автомобиле, чтобы сохранить Ваши устройства включенными и готовыми к работе, когда вы находитесь в дороге.&lt;br /&gt;&lt;br /&gt;Особенности данной модели — это низкопрофильный дизайн, резиновые накладки, и синий индикатор, что позволит с одного взгляда определить состояние зарядки. В комплект входит кабель длинной 1.2 м с разъемом Lightning на другом конце, что делает его совместимым с IPad мини, iPhone 5, IPod Touch 7G и Ipad 4.&lt;/p&gt;', '', '', '', '', '');
INSERT INTO `PREFIX_DB_product_description` (`product_id`, `language_id`, `name`, `description`, `tag`, `meta_title`, `meta_h1`, `meta_description`, `meta_keyword`) VALUES ('52', '1', 'Samsung UE78KS9000UXUA', '&lt;p&gt;LED-телевизор SAMSUNG UE78KS9000UXUA&lt;/p&gt;&lt;p style=&quot;text-align:justify&quot;&gt;&lt;strong&gt;Samsung UE78KS9000U &lt;/strong&gt;- телевизор, созданный для наиболее требовательных к технике пользователей. В нем есть даже больше: начиная от невероятно привлекательного утонченного дизайна и заканчивая невероятным качеством картинки, умными функциями и интеллектуальной системой управления. С ним вы получите максимум удовольствия от просмотра фильмов, передач, общения и путешествия по страницам сети.&lt;/p&gt;&lt;p style=&quot;text-align:justify&quot;&gt;Дисплей &lt;strong&gt;Samsung UE78KS9000U&lt;/strong&gt; изогнут под специальным углом, что позволяет ему обеспечивать полноценный обзор с любой точки перед экраном и гарантирует максимальное погружение в реальность на экране. Эффект невероятной реалистичности дает разрешение SUHD. Оно наделяет картинку высоким уровнем детализации, причем она остается высокой не только для UHD-источников, но и для любых других - об этом заботится процессор UHD-масштабирования SUHD Remastering Engine.&lt;/p&gt;&lt;p style=&quot;text-align:justify&quot;&gt;В &lt;strong&gt;Samsung UE78KS9000U&lt;/strong&gt; собрано множество фирменных технологий для улучшения качества изображения. В частности, это система корректировки яркости и контрастности Supreme UHD Dimming, интеллектуальная подсветка Peak Illuminator Pro, а также технология увеличения глубины изображения Auto Depth Enhancer и многие другие. Благодаря этому вы можете наслаждаться действительно качественной и проработанной картинкой.&lt;/p&gt;&lt;p style=&quot;text-align:justify&quot;&gt;Еще один плюс этого невероятного телевизора - качественный звук. &lt;strong&gt;Samsung UE78KS9000U&lt;/strong&gt; выдает звучание мощностью 60 Вт. Полноценный набор современных кодеков и технологий улучшения звучания позволяет телевизору звучать не только громко, но и по-настоящему внушительно, качественно и реалистично.&lt;/p&gt;&lt;p style=&quot;text-align:justify&quot;&gt;Благодаря фирменному сервису Smart TV и системе Smart Hub вы можете не просто смотреть фильмы и передачи, но и работать с различными программами, проходить игры, общаться в сети и путешествовать по веб-страницам.&lt;/p&gt;&lt;p style=&quot;text-align:justify&quot;&gt;Управлять всеми функциями телевизора можно не только пультом, но и смартфоном или планшетом.&lt;/p&gt;&lt;p style=&quot;text-align:justify&quot;&gt;&lt;strong&gt;Samsung UE78KS9000U&lt;/strong&gt; оснащен сразу несколькими гнездами HDMI и USB, в нем есть порт для проводного сетевого и модуль для беспроводного соединения. Вы запросто можете передавать изображения со смартфона или на смартфон, причем делать это можно, даже если вы находитесь вне стен родного дома.&lt;/p&gt;', '', '', '', '', '');
INSERT INTO `PREFIX_DB_product_description` (`product_id`, `language_id`, `name`, `description`, `tag`, `meta_title`, `meta_h1`, `meta_description`, `meta_keyword`) VALUES ('81', '2', 'Kropsson', '', '', '', '', '', '');
INSERT INTO `PREFIX_DB_product_description` (`product_id`, `language_id`, `name`, `description`, `tag`, `meta_title`, `meta_h1`, `meta_description`, `meta_keyword`) VALUES ('53', '2', 'Sony KD75XD8505BR2', '', '', '', '', '', '');
INSERT INTO `PREFIX_DB_product_description` (`product_id`, `language_id`, `name`, `description`, `tag`, `meta_title`, `meta_h1`, `meta_description`, `meta_keyword`) VALUES ('54', '2', 'Dell P2017H Black', '', '', '', '', '', '');
INSERT INTO `PREFIX_DB_product_description` (`product_id`, `language_id`, `name`, `description`, `tag`, `meta_title`, `meta_h1`, `meta_description`, `meta_keyword`) VALUES ('54', '1', 'Монитор Dell P2017H Black', '&lt;p&gt;Монитор Dell P2017H Black (210-AJDH) повышает производительность на рабочем месте, обеспечивая дополнительное удобство для пользователя. Вы можете легко выбрать нужный угол, высоту и расположение монитора, чтобы наслаждаться великолепным изображением на нескольких мониторах без лишних усилий. Меньше препятствий в работе. Благодаря тонкой рамке работать на нескольких мониторах гораздо удобнее, а изображение выглядит почти единым. Универсальность, на которую можно положиться. Оцените возможность полноценной настройки углов поворота в горизонтальной и вертикальной плоскости, наклона, а также высоты согласно вашим предпочтениям. Расширенные возможности подключения. Различные порты на нижней и боковой панели монитора позволяют без труда подключать всевозможные устройства.&lt;br /&gt;&lt;br /&gt;Монитор Dell 20 | P2017H идеально подойдет профессионалам, подолгу работающим за компьютером, которым нужен монитор с великолепным качеством изображения, не перенапрягающий глаза. Абсолютная четкость. Вы получаете монитор с превосходным качеством изображения, точной цветопередачей, невероятно широким углом обзора и высокой динамической контрастностью (4 000 000:1). Удобство работы с меньшим напряжением. Технология Dell ComfortView снижает уровень синего свечения экрана, а благодаря питанию постоянным током обеспечивается отсутствие мерцания изображения. Режимы Auto Mode и PowerNap. Параметры цвета в приложениях теперь можно настраивать, в том числе с помощью готовых конфигураций. А благодаря режиму PowerNap можно не беспокоиться об излишнем энергопотреблении, когда вы не используете компьютер.&lt;/p&gt;', '', '', '', '', '');
INSERT INTO `PREFIX_DB_product_description` (`product_id`, `language_id`, `name`, `description`, `tag`, `meta_title`, `meta_h1`, `meta_description`, `meta_keyword`) VALUES ('56', '2', 'LG 27UD88-W', '', '', '', '', '', '');
INSERT INTO `PREFIX_DB_product_description` (`product_id`, `language_id`, `name`, `description`, `tag`, `meta_title`, `meta_h1`, `meta_description`, `meta_keyword`) VALUES ('55', '2', 'Монитор HP Z22n', '', '', '', '', '', '');
INSERT INTO `PREFIX_DB_product_description` (`product_id`, `language_id`, `name`, `description`, `tag`, `meta_title`, `meta_h1`, `meta_description`, `meta_keyword`) VALUES ('70', '1', 'Ноутбук ASUS Zenbook UX390UA', '&lt;p&gt;&lt;strong&gt;Ноутбук ASUS Zenbook UX390UA &lt;/strong&gt;- престижный ноутбук с беспрецедентной производительностью.&lt;br /&gt;&lt;br /&gt;Сказать, что&lt;strong&gt;&amp;nbsp;ZenBook 3 &lt;/strong&gt;— это новое поколение ZenBook, значит ничего не сказать: этот ZenBook знаменует собой новую эру мобильных вычислений. Каждая его деталь разработана «с чистого листа» и исполнена с особой точностью и элегантностью с целью сделать ZenBook 3 самым совершенным ZenBook в истории.&lt;br /&gt;&lt;br /&gt;&lt;strong&gt;Утонченный дизайн&lt;/strong&gt;&lt;br /&gt;Разработка ZenBook 3 поставила перед инженерами и технологами несколько очень серьезных вызовов. Сверхтонкий корпус толщиной 11,9 мм означал, что придется изобрести самые миниатюрные в мире шарниры для крепления крышки ноутбука — всего 3 миллиметра высотой — чтобы сохранить благородство его очертаний. Чтобы разместить полноразмерную клавиатуру, понадобилось разработать рабочую панель шириной всего 2,1 мм по краям, а мощная аудиосистема, состоящая из четырех громкоговорителей, разработана в партнерстве со специалистами по звуку компании Harman Kardon. ZenBook знаменит своим уникальным внешним видом и моментально узнается по фирменной концентрической шлифовке корпуса в стиле Дзен — отделке, требующей 32 кропотливых стадии в производстве. Но в ZenBook 3 добавлен дополнительный штрих — в результате специального двухфазного процесса анодирования края ноутбука обзавелись незабываемой золотой отделкой. В завершение нового образа утонченности добавлен золотой логотип ASUS и клавиатура снабжена золотистой — в тон — подсветкой.&lt;br /&gt;&lt;br /&gt;&lt;strong&gt;Самый холодный из холодных&lt;/strong&gt;&lt;br /&gt;Основная проблема быстрых, но тонких ноутбуков лежит в простейшей физике. Чтобы предотвратить чрезмерный нагрев корпуса, теплый воздух изнутри нужно отводить в окружающую среду как можно быстрее. При установке в ZenBook 3 мощного процессора Intel® Core™ i7 инженерам пришлось изобрести совершенно новую систему охлаждения, использующую самые современные достижения в разработке компонентов, таких, например, как крыльчатка вентилятора из жидкокристаллического полимера толщиной 0,3 мм, или тепловая трубка из медного сплава с толщиной стенки всего 0,1 мм. Эта инновационная система охлаждения толщиной едва 3 мм отводит теплый воздух через скрытые в шарнире воздуховоды наружу, оставаясь эффективной и безмятежно тихой даже под продолжительной полной нагрузкой.&lt;br /&gt;&lt;br /&gt;&lt;strong&gt;Впечатляющий дисплей&lt;/strong&gt;&lt;br /&gt;В ZenBook 3 впервые представлен дисплей ноутбука, покрытый от края до края стеклом Corning® Gorilla® Glass 4. Рамка дисплея выполнена шириной всего 7,6 мм, что дало ZenBook 3 лидирующее в его классе соотношение площади экрана к корпусу 82%. Еще важнее, что это дает пользователю беспрепятственный обзор 12,5-дюймового Full HD экрана под любым углом. При великолепной цветопередаче и четкой детализации его достаточно один раз увидеть, чтобы он запомнился навсегда.&lt;br /&gt;&lt;br /&gt;&lt;strong&gt;Невероятная мощность&lt;/strong&gt;&lt;br /&gt;Перед инженерами ASUS стояла почти невыполнимая задача при выборе компонентов для ZenBook 3. Разработка сверхтонкого ноутбука с беспрецедентной производительностью преподнесла немало сюрпризов и вызовов, но инженеры с честью справились с поставленной задачей. В результате получился невероятно мощный ноутбук на основе процессора Intel® Core™ последнего поколения, оснащенный до 16 ГБ оперативной памяти LPDDR3, работающей на частоте 2133 МГц, сверхбыстрым SSD с интерфейсом PCIe® Gen 3 объемом до 1 ТБ и новейшим портом USB Type-C, к которому можно подключать даже внешний дисплей. Поэтому, нет нужды беспокоиться, какие задачи будут по силам для ZenBook 3, а какие — нет: он может справиться практически с любой из них.&lt;/p&gt;', '', '', '', '', '');
INSERT INTO `PREFIX_DB_product_description` (`product_id`, `language_id`, `name`, `description`, `tag`, `meta_title`, `meta_h1`, `meta_description`, `meta_keyword`) VALUES ('56', '1', 'Монитор LG 27UD88-W', '&lt;p&gt;&lt;strong&gt;Монитор LG 27UD88-W&lt;/strong&gt;&lt;/p&gt;&lt;p&gt;&lt;strong&gt;&lt;strong&gt;Изысканный дизайн&lt;/strong&gt;&lt;/strong&gt;&lt;br /&gt;Сочетание плавных линий и надежной конструкции с изогнутым экраном. Красота ArcLine — изюминка этого монитора.&lt;br /&gt;&lt;br /&gt;&lt;strong&gt;Реалистичное изображение в играх&lt;/strong&gt;&lt;br /&gt;IPS монитор LG с разрешением Ultra HD 4K обеспечивает превосходное и точное изображение без каких-либо искажений. Благодаря этому игры становятся максимально реалистичными. Кроме того, это позволяет усилить эффект присутствия в играх.&lt;br /&gt;&lt;br /&gt;&lt;strong&gt;Четкое и реалистичное изображение в играх благодаря функции FreeSync&lt;/strong&gt;&lt;br /&gt;С помощью функции FreeSync вы можете играть в любые самые современные игры. При этом изображение будет плавным независимо от разницы между частотой кадров графической карты и частотой обновления изображения на мониторе.&lt;br /&gt;&lt;br /&gt;&lt;strong&gt;Передовые игровые функции&lt;/strong&gt;&lt;br /&gt;Функция стабилизации черного цвета (Black Stabilizer) распознает самые темные участки изображения и делает их светлее. Благодаря этому вы сможете находить врагов, скрывающихся в тенях. Функция динамической синхронизации действий (Dynamic Action Sync) позволяет быстрее атаковать врагов и уменьшить время задержки.&lt;br /&gt;&lt;br /&gt;&lt;strong&gt;Оптимизированные параметры для ваших любимых игр&lt;/strong&gt;&lt;br /&gt;Игровой режим, включающий пользовательский подрежим, а также подрежимы FPS и RTS, позволяет настраивать и оптимизировать параметры изображения для ваших игр.&lt;br /&gt;&lt;br /&gt;&lt;strong&gt;Идеальные условия для редактирования&lt;/strong&gt;&lt;br /&gt;IPS мониторы LG с разрешением Ultra HD гарантируют увеличенную площадь рабочего пространства и естественные оттенки. В частности, охват более 99% цветового пространства sRGB обеспечивает непрерывный диапазон цветов и точную цветопередачу.&lt;br /&gt;&lt;br /&gt;&lt;strong&gt;Разделение рабочего пространства&lt;/strong&gt;&lt;br /&gt;Функция разделения экрана позволяет разбить дисплей на несколько участков для разных задач, изменяя размеры окон на экране. Среди 14 вариантов — 4 типа режима картинка-в-картинке. Монитор обеспечивает наиболее эффективные условия для профессиональной работы.&lt;br /&gt;&lt;br /&gt;&lt;strong&gt;Удобные элементы управления на экране&lt;/strong&gt;&lt;br /&gt;Благодаря этим элементам управления вы можете легко настроить параметры монитора несколькими щелчками мышью.&lt;/p&gt;', '', '', '', '', '');
INSERT INTO `PREFIX_DB_product_description` (`product_id`, `language_id`, `name`, `description`, `tag`, `meta_title`, `meta_h1`, `meta_description`, `meta_keyword`) VALUES ('67', '2', 'ASUS GL702VM', '', '', '', '', '', '');
INSERT INTO `PREFIX_DB_product_description` (`product_id`, `language_id`, `name`, `description`, `tag`, `meta_title`, `meta_h1`, `meta_description`, `meta_keyword`) VALUES ('72', '2', 'ASUS ZE551ML Zenfone 2 32Gb', '', '', '', '', '', '');
INSERT INTO `PREFIX_DB_product_description` (`product_id`, `language_id`, `name`, `description`, `tag`, `meta_title`, `meta_h1`, `meta_description`, `meta_keyword`) VALUES ('73', '2', 'HTC 10 Lifestyle Camellia', '', '', '', '', '', '');
INSERT INTO `PREFIX_DB_product_description` (`product_id`, `language_id`, `name`, `description`, `tag`, `meta_title`, `meta_h1`, `meta_description`, `meta_keyword`) VALUES ('74', '2', 'Meizu Pro 6 32Gb', '', '', '', '', '', '');
INSERT INTO `PREFIX_DB_product_description` (`product_id`, `language_id`, `name`, `description`, `tag`, `meta_title`, `meta_h1`, `meta_description`, `meta_keyword`) VALUES ('73', '1', 'HTC 10 Lifestyle Camellia', '&lt;p&gt;Встречайте &lt;strong&gt;HTC 10.&lt;/strong&gt; Смартфон, при создании которого компания HTC скрупулезно выверяла и оттачивала каждую деталь. В ваших руках полный контроль над персонализацией устройства и производительность, устанавливающая новые стандарты. Вы получите доступ к таким инновационным решениям, как система оптической стабилизации изображения (OIS), реализованная в обеих камерах смартфона, и полноценный 24-битный Hi-Res Audio звук. HTC знают, каким должен быть настоящий флагман.&lt;br /&gt;&lt;br /&gt;&lt;strong&gt;Вдохновение, воплощенное в металле&lt;/strong&gt;&lt;br /&gt;Красота света, нашедшая отражение в цельнометаллическом корпусе. Мы с огромным вниманием отнеслись к дизайну каждой детали HTC 10. И не остановились на этом — каждый элемент доведен до совершенства. От выразительной зеркальной окантовки мастерски сконструированного двухцветного корпуса до отточенного дизайна кнопки включения.&lt;br /&gt;&lt;br /&gt;&lt;strong&gt;Камера нового поколения&lt;/strong&gt;&lt;br /&gt;HTC 10 оснащен, пожалуй, лучшей камерой среди представленных сегодня на рынке смартфонов. Ты оценишь такие инновации как первая в мире система оптической стабилизации, реализованная как в основной, так и во фронтальной камерах, 12 миллионов чувствительных элементов UltraPixel, быстрая лазерная фокусировка и многое другое. Об этом свидетельствует и одна из самых высоких оценок камер, полученная HTC 10 (88 баллов DxOMark).&lt;br /&gt;&lt;br /&gt;&lt;strong&gt;Роскошный Hi-Res Audio звук&lt;/strong&gt;&lt;br /&gt;HTC 10 задает новый золотой стандарт качества воспроизведения звука. Новая акустическая система HTC BoomSound Hi-Fi edition, система личных звуковых профилей и наушники, сертифицированные Hi-Res Audio. Все это идеально работает в HTC 10, устройстве с сертифицированной поддержкой Hi-Res Audio. Трудно поверить, что смартфон способен обеспечить такой звук.&lt;br /&gt;&lt;br /&gt;&lt;strong&gt;Безупречная производительность&lt;/strong&gt;&lt;br /&gt;В HTC 10 приложения запускаются быстрее и работают более плавно, экран отзывается на каждое твое прикосновение, а программы работают безукоризненно. Это именно то, что ты ожидаешь от действительно лучших в своем классе аппаратной части и программного обеспечения, настройка которых доведена до совершенства.&lt;br /&gt;&lt;br /&gt;&lt;strong&gt;Создан, чтобы работать долгие часы без подзарядки&lt;/strong&gt;&lt;br /&gt;Каждая деталь HTC 10 создавалась так, что бы устройство работало быстрее, используя при этом меньше ресурсов и экономя заряд батареи. Поэтому о розетке ты можешь забыть на 2 дня. При этом при зарядке смартфон не нагревается, а батарея заряжается быстрее, чем когда-либо — скорость заряда от нуля до 50% составит всего 30 минут.&lt;br /&gt;&lt;br /&gt;&lt;strong&gt;Недостаток света — не помеха&lt;/strong&gt;&lt;br /&gt;Можно ждать идеального освещения для отличных фотографий. А можно довериться основной камере HTC 10, которая захватывает до 136% больше света на каждом снимке. Никакой магии — лишь технология UltraPixel нового поколения, дополненная оптической стабилизацией и светосильным объективом ƒ/1.8. Кстати, в любых условиях освещения твои фотографии похвастают высоким разрешением — ведь мы разместили 12 миллионов чувствительных элементов UltraPixel (каждый — размером 1.55μm) на сенсоре основной камеры.&lt;br /&gt;&lt;br /&gt;&lt;strong&gt;Селфи как искусство&lt;/strong&gt;&lt;br /&gt;Фронтальная камера HTC 10 производит не меньшее впечатление, чем основная. Размер ее светочувствительных элементов увеличен, объектив обладает диафрагмой ƒ/1.8, а экран прекрасно исполняет роль вспышки. Яркими будут не только фотографии, но и воспоминания — ведь широкоугольный объектив позволит запечатлеть не только твой портрет, но и компанию друзей на фоне веселой вечеринки. Мы уже говорили, что впервые в мире сделали фронтальную камеру со оптической стабилизацией? Пора вступать в эпоху безупречных селфи.&lt;br /&gt;&lt;br /&gt;&lt;strong&gt;Вспоминать? Нет, проживать заново&lt;/strong&gt;&lt;br /&gt;Живое видео достойно живого звука. В HTC 10 съемка видео в формате 4К впервые дополнена записью Hi-Res стереозвука 24 бит. Аудиодорожка, записанная в этом формате, содержит в 256 раз больше деталей и воспроизводит в два раза больший диапазон частот. Представь себе запись рок-концерта с таким качеством видео и звука. А теперь нажми Play, чтобы прожить этот момент заново.&lt;br /&gt;&lt;br /&gt;&lt;strong&gt;Фокус в одно мгновение... И даже чуть быстрее&lt;/strong&gt;&lt;br /&gt;Момент неповторим. Камера HTC 10 стартует за 0.6 секунды — то есть почти мгновенно. Но наш лазерный автофокус второго поколения работает еще быстрее. На самом деле, настолько быстро, что он шутя справляется с режимом серийной съемки.&lt;br /&gt;&lt;br /&gt;&lt;strong&gt;Просто фотографируй&lt;/strong&gt;&lt;br /&gt;Мы переработали камеру HTC 10 для еще более интуитивного управления. Одно нажатие — и ты получаешь отличные снимки. Но это не значит, что мы спрятали все настройки — они доступны прямо во время съемки. Ну а если твои задачи требуют еще более серьезного подхода — режим Профи дает расширенные возможности, включая поддержку формата RAW.&lt;/p&gt;', '', '', '', '', '');
INSERT INTO `PREFIX_DB_product_description` (`product_id`, `language_id`, `name`, `description`, `tag`, `meta_title`, `meta_h1`, `meta_description`, `meta_keyword`) VALUES ('64', '1', 'Ноутбук Dell Latitude E5570', '&lt;p&gt;&lt;strong&gt;Корпорация Dell &lt;/strong&gt;предлагает отличные, стильные, функциональные и производительные ноутбуки. Бизнес-ноутбуки и настольные компьютеры Dell для предприятий обладают лучшей в своем классе производительностью, надежностью и дизайном, а также обеспечивают удобные для ИТ-специалистов средства управления.&lt;br /&gt;&lt;br /&gt;Ноутбуки &lt;strong&gt;Dell Latitude&lt;/strong&gt;&amp;nbsp;более богаты набором функций по сравнению со стандартным ноутбуком благодаря расширенным возможностям управления, долговечности и безопасности. С самого первого дня использования ваш ноутбук Dell Latitude, оснащенный всеми необходимыми средствами для производительной работы, позволит добиваться более высоких результатов. Даже в поездке, находясь на большом расстоянии, вы всегда будете оставаться на связи. Ноутбуки Dell Latitude обладают возможностями подключения и отличаются безопасностью и производительностью, которые превосходят все ваши ожидания.&lt;br /&gt;&lt;br /&gt;Ноутбуки Dell Latitude отличаются долговечностью и способностью работать в самых суровых условиях, что так необходимо мобильным сотрудникам, и обеспечивают высокую производительность во время поездок, даже если вам приходится преодолевать бездорожье.&lt;br /&gt;&lt;br /&gt;&lt;strong&gt;Ноутбук Dell Latitude E5570&lt;/strong&gt;&amp;nbsp;- мощная высокопроизводительная система в изящном многофункциональном корпусе с лучшими в своем классе функциями защиты и управления.&lt;br /&gt;&lt;br /&gt;&lt;strong&gt;Тонкий, легкий и полнофункциональный&lt;/strong&gt;&lt;br /&gt;Этот ноутбук поставляется с аккумулятором на 47 Вт·ч или опционально на 62 Вт·ч. Он оснащен мощным процессором Intel® Core™, опциональной клавиатурой с подсветкой и поддерживает множество портов, накопителей и возможностей подключения. Кроме того, вам доступен широкий выбор мобильных аксессуаров для эффективной работы в любых условиях.&lt;br /&gt;&lt;br /&gt;Усовершенствованные компоненты, например лучшие в отрасли твердотельные накопители M.2 SATA и M.2 PCIe/NVME, обеспечивают в 4 раза более быструю передачу информации по сравнению с традиционными жесткими дисками.&lt;br /&gt;&lt;br /&gt;Новые модули памяти DDR4 помогают ускорить обработку данных и сократить энергопотребление, а три порта USB 3.0 и разъемы RJ-45, HDMI и VGA позволяют подключить все ваши устройства и аксессуары.&lt;br /&gt;&lt;br /&gt;&lt;strong&gt;Сделан на совесть&lt;/strong&gt;&lt;br /&gt;Наш самый защищенный стандартный ноутбук теперь обладает еще более изящным корпусом из высококачественных материалов.&lt;br /&gt;&lt;br /&gt;&lt;strong&gt;Защита от царапин&lt;/strong&gt;&lt;br /&gt;Доступен сенсорный экран Full HD с опциональным покрытием Corning® Gorilla® NBT™.&lt;br /&gt;&lt;br /&gt;&lt;strong&gt;Усовершенствованная конструкция&lt;/strong&gt;&lt;br /&gt;Ноутбук имеет упрочненную крышку из полимеров с углеволокном, а его клавиатура теперь защищена от попадания жидкости. Кроме того, доступна модель с сенсорным дисплеем.&lt;br /&gt;&lt;br /&gt;&lt;strong&gt;Адаптация к любым задачам&lt;/strong&gt;&lt;br /&gt;Анодированная петля позволяет разворачивать ноутбук на 180 градусов и располагать монитор и клавиатуру горизонтально на любой плоской поверхности.&lt;br /&gt;&lt;br /&gt;&lt;strong&gt;Безопасность&lt;/strong&gt;&lt;br /&gt;Только устройства Dell оснащаются как лучшими в отрасли системами шифрования и аутентификации, в том числе опциональным сенсорным считывателем отпечатков пальцев, так и передовыми функциями защиты от вредоносного ПО, готовыми к работе без дополнительной настройки. Кроме того, программное обеспечение Dell Data Protection | Protected Workspace обеспечивает защиту ваших данных во всех оконечных системах, в том числе на внешних носителях, дисках с самошифрованием и в общедоступных облачных хранилищах.&lt;br /&gt;&lt;br /&gt;&lt;strong&gt;Удобство&lt;/strong&gt;&lt;br /&gt;Самый удобный ноутбук в мире с бесплатным набором инструментов Dell Client Command Suite для автоматизированной многофункциональной настройки системы и BIOS.&lt;/p&gt;', '', '', '', '', '');
INSERT INTO `PREFIX_DB_product_description` (`product_id`, `language_id`, `name`, `description`, `tag`, `meta_title`, `meta_h1`, `meta_description`, `meta_keyword`) VALUES ('79', '1', 'Чехол для моб. телефона Nomi TPU-cover', '&lt;p&gt;Приобретая смартфон, не лишним будет сразу позаботиться о его сохранности. &lt;strong&gt;Чехол Nomi TPU-cover &lt;/strong&gt;поможет уберечь ваш гаджет от таких неприятностей, как потертости, царапины и сколы. Чехол поможет предотвратить возможные повреждения смартфона при падениях и ударах. Кроме этого, чехол Nomi TPU-cover - стильный аксессуар, который подчеркнет ваш вкус и индивидуальность.&lt;br /&gt;&lt;br /&gt;Удобный чехол Nomi TPU-cover идеально подходит для смартфона Nomi, поскольку разрабатывался специальной для этой модели. Дизайн чехла выполнен с учетом особенности модели телефона и включает в себя все необходимые отверстия под камеру и разъемы, следовательно, вам не придется снимать чехол, чтобы полноценно использовать все функции телефона. Материал, из которого изготовлен чехол, несмотря на свою прочность, имеет минимально возможную толщину, поэтому чехол практически не влияет на размеры смартфона. Чехол продлит жизнь вашего смартфона, а вас избавит от стрессов и повышенного внимания к своему девайсу.&lt;/p&gt;', '', '', '', '', '');
INSERT INTO `PREFIX_DB_product_description` (`product_id`, `language_id`, `name`, `description`, `tag`, `meta_title`, `meta_h1`, `meta_description`, `meta_keyword`) VALUES ('80', '2', 'Belkin Dual', '', '', '', '', '', '');
INSERT INTO `PREFIX_DB_product_description` (`product_id`, `language_id`, `name`, `description`, `tag`, `meta_title`, `meta_h1`, `meta_description`, `meta_keyword`) VALUES ('81', '1', 'Универсальный автодержатель Kropsson', '&lt;p&gt;&lt;strong&gt;Универсальный автодержатель Kropsson NFC (CRK4108) &amp;nbsp;&lt;/strong&gt;для смартфонов и мобильных устройств. Оригинальный дизайн позволяет Вам установить смартфон на торпедо или в другом удобном месте поблизости руля, так чтобы Ваш смартфон во время пути был у Вас перед глазами. Смартфон легко закрепляется в держателе при помощи автоматического захвата, достаточно приложить корпус Вашего смартфона к центральной кнопке на держателе. &amp;nbsp;&lt;/p&gt;&lt;p&gt;Вы можете установить &lt;strong&gt;держатель Kropsson NFC&lt;/strong&gt; на любой, даже не ровной поверхности благодаря креплению на липкую полимерную основу с дополнительной вакуумной фиксацией. Присоска выполнена из полимерного материала высокой «цепкости», адгезия которого к сухим предметам производится абсолютно без клея. Мягкая полимерная поверхность присоски, образует сильное молекулярное притяжение с предметами, а дополнительный ваккумный фиксатор еще больше усиливает сцепление с поверхностью.&lt;/p&gt;', '', '', '', '', '');
INSERT INTO `PREFIX_DB_product_description` (`product_id`, `language_id`, `name`, `description`, `tag`, `meta_title`, `meta_h1`, `meta_description`, `meta_keyword`) VALUES ('82', '1', 'Смарт-часы Samsung SM-R760', '&lt;p&gt;Компани&lt;strong&gt;я Samsung Electronics &lt;/strong&gt;представила свои новые умные часы Gear S3, сочетающие в себе классический дизайн и новейшие мобильные технологии, включая защиту от воды и пыли по стандарту IP68, встроенный GPS, а также функцию «Всегда активный экран».&lt;br /&gt;&lt;br /&gt;&lt;strong&gt;Смарт-часы Samsung SM-R760 (Gear S3 Frontier) -&lt;/strong&gt; новое устройство серии Gear, которое непременно станем прекрасным спутником вашей жизни.&lt;br /&gt;&lt;br /&gt;&lt;strong&gt;Дизайн&lt;/strong&gt;&lt;br /&gt;Дизайн часов Samsung Gear S3 Frontier, созданы для активных пользователей. В них инновационные функции сочетаются с эффектным внешним видом. Дизайн этого устройства создан с учетом самых разных вариантов использования – от бизнеса до занятий спортом. Во время презентации представители корейской компании заявили, что для разработки Gear S3 были задействованы ведущие мировые дизайнеры. Как результат – новые смарт часы Samsung практически невозможно отличить от обычных наручных часов.&lt;br /&gt;&lt;br /&gt;&lt;strong&gt;Защита и безопасность&lt;/strong&gt;&lt;br /&gt;Помимо эффектного внешнего вида, Gear S3 предлагают пользователям защиту от воды и пыли по стандарту IP68, а также емкий аккумулятор, который позволит пользоваться часами на протяжении всего дня и в любых условиях. Это первое устройство в серии Gear S, оснащенное закаленным стеклом Corning Gorilla Glass SR+, которое сделает экран нового носимого устройства более прочным и устойчивым к трещинам и царапинам.&lt;br /&gt;&lt;br /&gt;&lt;strong&gt;Больше возможностей&lt;/strong&gt;&lt;/p&gt;&lt;ul&gt;\t&lt;li&gt;Фирменный крутящийся безель Gear S3 дополнен новыми функциями. Теперь можно принять или отклонить звонок, установить напоминание или будильник, не касаясь экрана. Кроме того, устройство позволяет набирать сообщения и создавать короткие уведомления и списки дел, а также составлять свое расписание в специальном приложении Reminders (напоминания).&amp;nbsp;&lt;/li&gt;\t&lt;li&gt;Samsung Gear S3 позволяют оставить смартфон дома, когда в нем нет необходимости. Встроенная функция GPS помогает наблюдать за монитором активности во время спортивных тренировок, в то время как барометр, альтиметр и спидометр отслеживают такие параметры, как высота, атмосферное давление, погодные изменения, пройденное расстояние и скорость.&amp;nbsp;&lt;/li&gt;\t&lt;li&gt;Благодаря встроенному динамику, пользователи могут создавать голосовые сообщения и слушать свою любимую музыку, а встроенный аккумулятор обеспечивает устройству до четырех дней без подзарядки.&amp;nbsp;&lt;/li&gt;&lt;/ul&gt;&lt;p&gt;&lt;br /&gt;&lt;strong&gt;Будьте начеку &lt;/strong&gt;&lt;br /&gt;В экстренных ситуациях на часах можно активировать режим SOS и функции геолокации, которые позволят предупредить семью, друзей и службы экстренной помощи о критической ситуации, даже если под рукой нет их номеров телефона.&lt;br /&gt;&lt;br /&gt;&lt;strong&gt;Автономность&lt;/strong&gt;&lt;br /&gt;Благодаря увеличенному размеру корпуса (по сравнению с предыдущей моделью), смарт-часы получили аккумулятор с большей емкостью. Теперь часы могут проработать 4-5 дней без подзарядки!&lt;/p&gt;', '', '', '', '', '');
INSERT INTO `PREFIX_DB_product_description` (`product_id`, `language_id`, `name`, `description`, `tag`, `meta_title`, `meta_h1`, `meta_description`, `meta_keyword`) VALUES ('74', '1', 'Meizu Pro 6 32Gb', '&lt;p&gt;Новый способ управления&lt;/p&gt;&lt;p style=&quot;text-align:left&quot;&gt;3D Press – это абсолютно новая технология управления смартфоном. В отличие от традиционных нажатий и перелистываний, в Meizu PRO 6 реализована функция, позволяющая различать силу касания экрана в режиме реального времени и запускать соответствующие функции и приложения. Эта технология не только улучшила эффективность системы, но и сделала возможной более тесную связь человека и устройства. Кроме того, технология 3D Press включает в себя вибрацию устройства в дополнение к визуальным изменениям при касаниях определенной силы.&lt;/p&gt;&lt;p&gt;Невероятный 10-ти ядерный процессор, адаптированный Meizu&lt;/p&gt;&lt;p&gt;В абсолютно новом процессоре Helio X25 используется революционная 10-ти ядерная 3-х кластерная архитектура. Ядра Cortex™-A72 и графический процессор Mali™-T880 в тандеме обеспечивают прекрасную работу и выдают более 100000 очков в Antutu. C флэш-памятью формата eMMC 5.1 и 4 ГБ оперативной памяти, Meizu PRO 6 хватит производительности для любой задачи. В устройстве также есть энергосберегающий алгоритм на уровне ядра. Интеллектуальная система может переключаться между тремя кластерами для поддержания баланса между энергосбережением и эффективностью работы.&lt;/p&gt;', '', '', '', '', '');
INSERT INTO `PREFIX_DB_product_description` (`product_id`, `language_id`, `name`, `description`, `tag`, `meta_title`, `meta_h1`, `meta_description`, `meta_keyword`) VALUES ('55', '1', 'Монитор HP Z22n', '&lt;p&gt;&lt;strong&gt;Монитор HP Z22n (M2J71A4)&lt;/strong&gt; с ультратонкими рамками и технологией IPS обеспечивает реалистичное изображение, практически лишенное искажений. Монитор обладает ультратонкими рамками сверху и по бокам корпуса, а также гибкими возможностями подключения. Он прошел заводскую калибровку, что гарантирует однородность цветопередачи при выполнении любых проектов и выводе изображения на несколько экранов. Неизменно высокое качество изображения. Ультратонкие рамки сверху и по бокам монитора, угол обзора 178 градусов и технология IPS обеспечивают четкое изображение и удобство просмотра практически из любой точки помещения. Идеальная цветопередача — сразу и навсегда. Заводская калибровка 95 % цветов гаммы sRGB гарантирует однородность цветопередачи при выводе изображения на несколько мониторов.&lt;/p&gt;&lt;p&gt;Благодаря встроенным интерфейсам HDMI, VGA и DisplayPort, а также двум разъемам USB к монитору легко подключить компьютер и периферийные устройства. Возможность регулировки наклона, высоты и угла поворота позволяет выбрать оптимальное положение монитора. С помощью шарнирной подставки можно менять портретную ориентацию на альбомную, что повышает удобство работы с несколькими мониторами.&lt;/p&gt;&lt;p&gt;Благодаря встроенному быстросъемному креплению &lt;strong&gt;&amp;nbsp;монитор&lt;/strong&gt; &lt;strong&gt;HP Z22n (M2J71A4)&lt;/strong&gt; можно закрепить на стене. На заднюю панель монитора можно установить устройства HP Desktop Mini, HP Chromebox и некоторые модели тонких клиентов HP. Встроенный блок питания и средства крепления кабелей помогут оптимизировать рабочее пространство. Настройте монитор для максимально комфортной работы с помощью программного обеспечения HP Display Assistant, которое позволяет регулировать яркость на нескольких экранах одновременно, менять и устанавливать настройки с помощью исполняемого файла и защищать устройство от краж.&lt;/p&gt;', '', '', '', '', '');
INSERT INTO `PREFIX_DB_product_description` (`product_id`, `language_id`, `name`, `description`, `tag`, `meta_title`, `meta_h1`, `meta_description`, `meta_keyword`) VALUES ('61', '1', 'Ноутбук Acer Aspire E5-552G-T8QE', '&lt;p&gt;&lt;strong&gt;Ноутбук Acer Aspire E5-552G-T8QE (NX.MWVEU.001) &lt;/strong&gt;– классический ноутбук с продвинутыми характеристиками. Данная модель выполнена на основе четырёхъядерного процессора AMD Quad-Core A10-8700P (1.8 - 3.2 ГГц), который справится с запуском тяжелых программных пакетов, загрузкой ОС и одновременным выполнением нескольких задач, а благодаря современному техпроцессу, системам динамического управления работой процессора ноутбук будет иметь минимальный нагрев и энергопотребление.&lt;br /&gt;&lt;br /&gt;Ноутбук серии Aspire E5 предоставляет мощные и полезные функции. Высокая производительность, широкие мультимедийные возможности и удобное подключение превращают ежедневную работу на компьютере в непрерывное удовольствие. Этот ноутбук с практичным, но стильным дизайном поставляется с экраном 15.6&quot;.&lt;br /&gt;&lt;br /&gt;&lt;strong&gt;Превосходная функциональность&lt;/strong&gt;&lt;br /&gt;Быстро и безопасно открывайте веб-страницы, общайтесь и смотрите видео на ходу на ноутбуке Aspire с процессором AMD и вместительной памятью. Наслаждайтесь комфортной работой на экране 15.6&quot; с высоким разрешением. Большой жесткий диск предоставляет больше места для ваших мультимедийных файлов.&lt;br /&gt;&lt;br /&gt;&lt;strong&gt;Поразительные развлечения&lt;/strong&gt;&lt;br /&gt;Фильмы и видео великолепно смотрятся на дисплее с высоким разрешением, просмотр превращается в настоящее кинематографическое событие. Вы можете еще больше усилить это впечатление, используя порт HDMI для подключения телевизора высокой четкости.&lt;br /&gt;&lt;br /&gt;&lt;strong&gt;Надежное хранение&lt;/strong&gt;&lt;br /&gt;Ноутбук Aspire E5 оснащен оптическим приводом, который обеспечивает бережное хранение важных данных. Студенты, родители и любые пользователи у которых есть важные данные по достоинству оценят то, что их личные сведения и ценные воспоминания находятся в абсолютной безопасности.&lt;br /&gt;&lt;br /&gt;Ноутбук Acer Aspire E5-552G-T8QE – удобное и функциональное решение со сбалансированными характеристиками. Производительная и надежная начинка, качественные периферийные устройства, невысокие размеры и вес для своего класса, а также хорошая автономность сделают работу ноутбука эффективной и приятной для вас.&lt;/p&gt;', '', '', '', '', '');
INSERT INTO `PREFIX_DB_product_description` (`product_id`, `language_id`, `name`, `description`, `tag`, `meta_title`, `meta_h1`, `meta_description`, `meta_keyword`) VALUES ('62', '2', 'ASUS G752VS', '', '', '', '', '', '');
INSERT INTO `PREFIX_DB_product_description` (`product_id`, `language_id`, `name`, `description`, `tag`, `meta_title`, `meta_h1`, `meta_description`, `meta_keyword`) VALUES ('68', '1', 'Ноутбук ASUS T305CA', '&lt;p&gt;&lt;strong&gt;Asus Transformer 3 T305CA &lt;/strong&gt;выполненный из самых качественных материалов и разработанный с задачей добиться минимально возможных толщины и массы. Asus Transformer 3 обеспечивает беспрецедентную мобильность, абсолютное удобство и замечательные возможности для расширения — давая тем самым неограниченные возможности&lt;br /&gt;&lt;br /&gt;&lt;strong&gt;Самые качественные материалы, тщательная проработка деталей&lt;/strong&gt;&lt;br /&gt;Asus Transformer 3 — наглядный результат инженерного искусства. Корпус планшета выточен из сплошной алюминиевой заготовки в ходе процесса, состоящего из более 100 технологических операций высокоточного, управляемого компьютерной системой, фрезерования. Современный материал настолько прочен и легок, что позволил создать устройство толщиной всего 6.9 миллиметров и массой 695 граммов.&lt;br /&gt;&lt;br /&gt;&lt;strong&gt;4 динамика, звук экстра-класса&lt;/strong&gt;&lt;br /&gt;Когда речь заходит о звуке, Asus Transformer 3 сильно отличается от других ноутбуков и планшетов. В нем установлено четыре мощных динамика — каждый с крупнейшими звуковыми катушками в своем классе, — которые в сочетании с мощными усилителями, создают по-настоящему впечатляющий звук. И это еще не все — специальные алгоритмы позволяют Asus Transformer 3 автоматически подстраивать направление звука, так что, независимо от положения планшета, пользователь всегда получает оптимальный по качеству звук.&lt;br /&gt;&lt;br /&gt;&lt;strong&gt;Энергия для творчества&lt;/strong&gt;&lt;br /&gt;Творчество на Asus Transformer 3 дается практически без усилий — процессор Intel Core нового поколения и 8 ГБ быстрой оперативной памяти LPDDR3 позволят с легкостью выполнять самые сложные работы. Интерфейс Thunderbolt 3 обеспечивает невероятно быстрый (40 гигабит в секунду) обмен данными через порт USB Type-C — это в 80 раз быстрее, чем USB 2.0 — а также поддерживает подключение двух внешних дисплеев с разрешением 4K UHD. И это еще не все: универсальный разъем USB Type-C, кабель к которому можно подключать сразу, без нескольких переворачиваний, как часто бывает при подключении кабеля к обычному USB-разъему, поддерживает обмен данными с устройствами стандарта USB 3.1 Gen 2 на скорости до 10 гигабит в секунду, то есть в 20 раз быстрее, чем USB 2.0! Потрясающая производительность может оказаться не такой уж и потрясающей, если батарея «сядет» в неподходящий момент. Поэтому ASUS Transformer 3 обладает отменной энергоэффективностью, чтобы обеспечивать работоспособность на протяжении целого дня. И даже когда придет время подзарядить его — особо ждать все равно не придется: технология скоростной зарядки способна пополнить заряд батареи до уровня 60% всего за 50 минут!&lt;br /&gt;&lt;br /&gt;&lt;strong&gt;Безопасность&lt;/strong&gt;&lt;br /&gt;Буквально в одно касание встроенного в Asus Transformer 3 сканера отпечатка пальца планшет разблокируется без необходимости набирать пароль! Это безопасный, быстрый и очень удобный способ доступа к своим персональным данным.&lt;br /&gt;&lt;br /&gt;&lt;strong&gt;Цифровое перо&lt;/strong&gt;&lt;br /&gt;Интуитивность, естественность и отсутствие усилий: так задумывалась главная идея взаимодействия пользователя с Asus Transformer 3, и, с цифровым пером высокого разрешения Asus Pen эта идея оказалась полностью реализованной. Записать свои заметки и идеи, подписать фотографии или просто дать волю своему изобразительному таланту — все это теперь так же просто, как с помощью карандаша и бумаги. Asus Transformer 3 окажется хорошим помощником в любом деле.&lt;br /&gt;&lt;br /&gt;&lt;strong&gt;Универсальная док-станция&lt;/strong&gt;&lt;br /&gt;С помощью универсальной док-станции к Asus Transformer 3 можно подключить многочисленные устройства в доме или в офисе. На ней размещены все порты, которые только могут понадобиться, включая кард-ридер для SD-карт, LAN, VGA, HDMI, USB 3.0 и USB Type-C.&lt;/p&gt;', '', '', '', '', '');
INSERT INTO `PREFIX_DB_product_description` (`product_id`, `language_id`, `name`, `description`, `tag`, `meta_title`, `meta_h1`, `meta_description`, `meta_keyword`) VALUES ('69', '1', 'Ноутбук ASUS Transformer Book T101HA', '&lt;p&gt;&lt;strong&gt;Ноутбук ASUS Transformer Book T101HA &lt;/strong&gt;- ультрапортативный ноутбук с Windows, который благодаря отсоединяемой клавиатуре может использоваться и как планшетный Windows-компьютер. Это устройство «2-в-1», сочетающее в себе ноутбук и планшет. Действительно простое и элегантное решение. Нужно поработать? У вас в распоряжении мощный ноутбук. Хотите отдохнуть? Отсоедините клавиатуру и получите удобный планшет. Быстро и без суеты!&lt;br /&gt;&lt;br /&gt;&lt;strong&gt;Стильный корпус с «алмазной огранкой»&lt;/strong&gt;&lt;br /&gt;Элегантный и надежный корпус Transformer Book выполнен целиком из алюминия. Подобная монолитная конструкция делает его исключительно тонким и легким без ущерба для прочности. T101HA с легкостью преодолевает трудности, связанные с ежедневной эксплуатацией.&lt;br /&gt;&lt;br /&gt;&lt;strong&gt;Блестяще разработанный для веселья и свободы!&lt;/strong&gt;&lt;br /&gt;Когда мы проектировали планшет T101HA, мы использовали алюминий, чтобы сделать его жестким, легким и тонким. Он также защищен от повседневных ударов и потертостей. Уникальная структура под &quot;соты&quot; на клавиатуре добавляет настоящую индивидуальность, ведь для T101HA важны даже мельчайшие детали!&lt;br /&gt;&lt;br /&gt;&lt;strong&gt;Ваш тонкий и ультра-легкий мобильный компаньон&lt;/strong&gt;&lt;br /&gt;Для легкой мобильности и производительности, T101HA составляет всего 9 мм в толщину и весит всего 580 г. А с клавиатурой T101HA имеет 19мм толщину и вес около 1кг. С этим компактным и легким устройством вы никогда не захотите оставлять его дома. Берите его с собой, храните его в любом месте!&lt;br /&gt;&lt;br /&gt;&lt;strong&gt;Четкий и яркий дисплей с технологией ASUS TruVivid&lt;/strong&gt;&lt;br /&gt;Яркий 10-дюймовый IPS-экран с широкими углами обзора и технологией ASUS TruVivid прекрасно подходит для работы в помещении и на улице.&lt;br /&gt;&lt;br /&gt;&lt;strong&gt;Мощное и чистое стереозвучание&lt;/strong&gt;&lt;br /&gt;Благодаря эксклюзивной технологии SonicMaster встроенная аудиосистема мобильных компьютеров серии Chi отличается безупречным качеством звучания.&lt;br /&gt;&lt;br /&gt;&lt;strong&gt;Для любых задач&lt;/strong&gt;&lt;br /&gt;Процессор, которым оснащается Transformer Book T101HA, отличается высокой производительностью и великолепной энергоэффективностью, обеспечивая автономную работу в течение всего рабочего дня без каких-либо компромиссов в скорости. Благодаря чрезвычайно низкому тепловыделению и высокоэффективной пассивной системе охлаждения новинка работает совершенно бесшумно. Transformer Book T101HA сочетает в себе высокую скорость, компактные размеры и отличную эргономику. Мощный процессор и быстрый накопитель на базе флеш-памяти обеспечивают производительность, достаточную для решения любых повседневных задач.&lt;br /&gt;&lt;br /&gt;&lt;strong&gt;Работает весь день без подзарядки&lt;/strong&gt;&lt;br /&gt;Когда у вас напряженный и подвижный образ жизни, большое время автономной работы имеет важное значение. До 11 часов без подзарядки T101HA будет работать так, как вам это нужно. С T101HA, путешествия и командировки становятся удовольствием, а не рутиной!&lt;/p&gt;', '', '', '', '', '');
INSERT INTO `PREFIX_DB_product_description` (`product_id`, `language_id`, `name`, `description`, `tag`, `meta_title`, `meta_h1`, `meta_description`, `meta_keyword`) VALUES ('70', '2', 'ASUS Zenbook UX390UA', '', '', '', '', '', '');
INSERT INTO `PREFIX_DB_product_description` (`product_id`, `language_id`, `name`, `description`, `tag`, `meta_title`, `meta_h1`, `meta_description`, `meta_keyword`) VALUES ('66', '1', 'Ноутбук Dell Inspiron 7779', '&lt;p&gt;&lt;strong&gt;Увеличенная производительность&lt;/strong&gt;&lt;/p&gt;&lt;p&gt;Процессор Intel® Core® обеспечивает высокую производительность при любых нагрузках. При использовании выделенного графического адаптера NVIDIA® GeForce® вы сможете легко заниматься видеомонтажом и наслаждаться великолепным изображением в играх без снижения производительности.&lt;br /&gt;&lt;br /&gt;&lt;strong&gt;Больше, чем настольный компьютер&lt;/strong&gt;&lt;br /&gt;Невероятная универсальность ноутбука &quot;два в одном&quot; позволяет Inspiron 17 выполнять абсолютно те же функции, что и настольный компьютер, даже в дороге. Это исключительно мощная система с функциональным экраном с диагональю 17 дюймов, которую удобно брать с собой.&lt;br /&gt;&lt;br /&gt;&lt;strong&gt;Превосходное изображение&lt;/strong&gt;&lt;br /&gt;Дисплей с разрешением Full HD обеспечивает потрясающее качество и реалистичную четкость изображения.&lt;br /&gt;&lt;br /&gt;&lt;strong&gt;Большая емкость и компактный размер&lt;/strong&gt;&lt;br /&gt;Расширьте возможности этой высокопроизводительной системы с помощью опционального твердотельного накопителя. Он превосходит традиционные жесткие диски по показателям энергопотребления, времени отклика, уровня шума при работе и устойчивости к ударам.&lt;br /&gt;&lt;br /&gt;&lt;strong&gt;Темнота — не помеха&lt;/strong&gt;&lt;br /&gt;Благодаря удобной клавиатуре с подсветкой слабое освещение теперь не проблема, поэтому вы сможете работать в любое время и в любом месте.&lt;br /&gt;&lt;br /&gt;&lt;strong&gt;Улыбнитесь&lt;/strong&gt;&lt;br /&gt;Встроенная инфракрасная камера в сочетании с ПО Windows Hello распознает ваше лицо, позволяя мгновенно входить в систему без ввода пароля.&lt;br /&gt;&lt;br /&gt;&lt;strong&gt;Высокая производительность, компактный размер&lt;/strong&gt;&lt;br /&gt;Порт USB Type-C поддерживает удобную стыковку при помощи одного кабеля, разъем DisplayPort позволяет подключать внешние дисплеи с высочайшим разрешением, а благодаря входному разъему питания постоянного тока вы можете заряжать свой ноутбук &quot;два в одном&quot; так же, как и планшет.&lt;br /&gt;&lt;br /&gt;&lt;strong&gt;Эффективная работа в любых условиях&lt;/strong&gt;&lt;br /&gt;Этот стильный ноутбук может работать в четырех режимах, поэтому им удобно пользоваться в любой ситуации. Ноутбук для офиса, планшет в дороге, режим презентации для просмотра на узких поверхностях и режим консоли для фильмов — этот компьютер станет вашим верным спутником и добавит красок в вашу активную жизнь.&lt;br /&gt;&lt;br /&gt;&lt;strong&gt;Большой экран — большие возможности&lt;/strong&gt;&lt;br /&gt;Первый в мире ноутбук &quot;два в одном&quot; с диагональю 17 дюймов позволяет вам полностью просматривать рабочее пространство на большом экране, а это значит меньше прокручивания и более удобное представление при редактировании. Когда работа завершена, можно расслабиться за просмотром любимых передач на великолепном большом экране ноутбука Inspiron.&lt;br /&gt;&lt;br /&gt;&lt;strong&gt;Мощный и изящный&lt;/strong&gt;&lt;br /&gt;Корпус из шлифованного алюминия выглядит стильно и профессионально в любом окружении.&lt;br /&gt;&lt;br /&gt;&lt;strong&gt;Высококачественный и компактный&lt;/strong&gt;&lt;br /&gt;Этот тонкий, прочный и функциональный ноутбук &quot;два в одном&quot; отлично подходит для использования на работе, дома и в дороге.&lt;br /&gt;&lt;br /&gt;&lt;strong&gt;Подключение? Проще простого.&lt;/strong&gt;&lt;br /&gt;Быстрое и надежное беспроводное соединение с помощью встроенного модуля Wi-Fi 802.11ac или Bluetooth 4.0.&lt;/p&gt;', '', '', '', '', '');
INSERT INTO `PREFIX_DB_product_description` (`product_id`, `language_id`, `name`, `description`, `tag`, `meta_title`, `meta_h1`, `meta_description`, `meta_keyword`) VALUES ('64', '2', 'Dell Latitude E5570', '', '', '', '', '', '');
INSERT INTO `PREFIX_DB_product_description` (`product_id`, `language_id`, `name`, `description`, `tag`, `meta_title`, `meta_h1`, `meta_description`, `meta_keyword`) VALUES ('65', '1', 'Ноутбук Dell XPS 15', '&lt;p&gt;&lt;strong&gt;Корпорация Dell &lt;/strong&gt;предлагает отличные, стильные, функциональные и производительные ноутбуки. Бизнес-ноутбуки и настольные компьютеры Dell для предприятий обладают лучшей в своем классе производительностью, надежностью и дизайном, а также обеспечивают удобные для ИТ-специалистов средства управления.&lt;/p&gt;&lt;p&gt;&lt;strong&gt;Ноутбук Dell XPS 15&amp;nbsp;&lt;/strong&gt;оснащен функциями повышения производительности, которые помогут вам эффективно работать и развлекаться на всю катушку, где бы вы ни были.&lt;br /&gt;&lt;br /&gt;&lt;strong&gt;Фантастическая четкость деталей&lt;/strong&gt;&lt;br /&gt;Большой 15.6-дюймовый сенсорный дисплей ноутбука XPS 15 отличает невероятное разрешение в сочетании с реалистичной цветопередачей. Кристально-четкие детали и насыщенные цвета идеально подходят для редактирования фотографий и графического дизайна. Это яркая модель с широким углом обзора, которая привлекает внимание и позволяет легко работать вместе.&lt;br /&gt;&lt;br /&gt;&lt;strong&gt;Потрясающая прочность&lt;/strong&gt;&lt;br /&gt;Конструкцию из механически обработанного алюминия идеально точно вырезают из монолитного куска алюминия, чтобы корпус был прочным и долговечным. Основание из углеволокна является прочным и тонким как алюминий. Поэтому оно часто используется в мощных автомобилях. Кроме того, это легкий и прохладный на ощупь материал.&lt;br /&gt;&lt;br /&gt;&lt;strong&gt;Больше возможностей &lt;/strong&gt;&lt;br /&gt;Процессор Intel Core 6-го поколения отличает мощность и эффективное энергопотребление. Он дает вам возможность эффективней работать и реже подключаться к электросети.&lt;br /&gt;&lt;br /&gt;&lt;strong&gt;Великолепный звук&lt;/strong&gt;&lt;br /&gt;Музыка, фильмы и игры оживают благодаря ПО MaxxAudio Pro от Waves, основанному на тех же отмеченных наградами технологиях, которыми пользуются продюсеры, инженеры и музыканты с мировым именем.&lt;/p&gt;', '', '', '', '', '');
INSERT INTO `PREFIX_DB_product_description` (`product_id`, `language_id`, `name`, `description`, `tag`, `meta_title`, `meta_h1`, `meta_description`, `meta_keyword`) VALUES ('63', '1', 'Ноутбук Lenovo IdeaPad Y900', '&lt;p&gt;Lenovo IdeaPad Y900&lt;br /&gt;&lt;br /&gt;Высочайшая производительность&lt;br /&gt;Процессор 6-го поколения Intel Core серии i устанавливает новый стандарт производительности. Высокопроизводительный, многофункциональный процессор со встроенной системой безопасности открывает качественно новые возможности для работы, творчества и игр. Настоящие игроманы оценят функцию разгона процессора 6-го поколения Intel Core. Она позволяет повысить производительность IdeaPad Y900, необходимую для требовательных к ресурсам компьютера игр.&lt;br /&gt;&lt;br /&gt;Мощная дискретная видеокарта&lt;br /&gt;В погоне за врагом ты не можешь позволить себе уступить. Дискретная видеокарта NVIDIA GeForce и технология G-Sync обеспечивают высокую четкость изображения и плавность работы устройства.&lt;br /&gt;&lt;br /&gt;Чувствительная клавиатура и сенсорная панель&lt;br /&gt;Механическая клавиатура IdeaPad Y900 с выделенными красным клавишами WASD с возможностью замены и регулируемой многоцветной подсветкой обеспечивает высокую точность в игре даже в темное время суток.&lt;br /&gt;&lt;br /&gt;Технология повышения производительности One-Key Turbo&lt;br /&gt;Даже при максимальных настройках тебе нужна дополнительная мощь. С режимом One-Key Turbo ты можешь мгновенно повысить производительность процессора. Это даст тебе возможность побеждать в любой ситуации.&lt;br /&gt;&lt;br /&gt;Больше возможностей с Windows 10 Home&lt;br /&gt;Наряду с уже знакомыми функциями, Windows 10 Home оснащена множеством улучшений, которые ты точно оценишь. Она обеспечивает быструю и слаженную работу всех программ — теперь ты можешь работать и развлекаться еще дольше. Меню «Пуск» вернулось и стало лучше, чем прежде. Его можно расширять и настраивать под свои задачи.&lt;br /&gt;&lt;br /&gt;17.3-дюймовый дисплей с отличным качеством изображения&lt;br /&gt;Lenovo IdeaPad Y900 отлично подходит для игр, просмотра фильмов и изображений. 17.3-дюймовый дисплей Full HD с антибликовым покрытием и поддержкой технологии In-Plane Switching (IPS) обеспечивает яркие цвета и почти 180-градусный угол обзора.&lt;br /&gt;&lt;br /&gt;Технология Dolby Home Theater&lt;br /&gt;Наслаждайся с технологией Dolby Home Theater объемным звуком везде, куда жизнь может тебя занести. Встроенные стереофонические динамики JBL и сабвуфер обеспечивают превосходное качество звука в играх, при прослушивании музыки и просмотре видео.&lt;br /&gt;&lt;br /&gt;Сверхбыстрое подключение&lt;br /&gt;Высокая точность и скорость отклика благодаря высокопроизводительным технологиям Killer WLAN и Bluetooth 4.0 позволят окунуться в мир онлайн-игр.&lt;br /&gt;&lt;br /&gt;Усовершенствованная система охлаждения&lt;br /&gt;Неважно, насколько жаркие сражения ты ведешь на экране — корпус IdeaPad Y900 всегда остается холодным. Система охлаждения обеспечивает регулировку скорости вращения вентиляторов и поддержку оптимальной температуры для повышения производительности.&lt;/p&gt;', '', '', '', '', '');
INSERT INTO `PREFIX_DB_product_description` (`product_id`, `language_id`, `name`, `description`, `tag`, `meta_title`, `meta_h1`, `meta_description`, `meta_keyword`) VALUES ('78', '2', 'Plantronics Voyager Legend', '', '', '', '', '', '');
INSERT INTO `PREFIX_DB_product_description` (`product_id`, `language_id`, `name`, `description`, `tag`, `meta_title`, `meta_h1`, `meta_description`, `meta_keyword`) VALUES ('50', '2', 'TV LG 55UF670V', '', '', '', '', '', '');
INSERT INTO `PREFIX_DB_product_description` (`product_id`, `language_id`, `name`, `description`, `tag`, `meta_title`, `meta_h1`, `meta_description`, `meta_keyword`) VALUES ('53', '1', 'Телевизор Sony KD75XD8505BR2', '&lt;p&gt;&lt;strong&gt;Телевизор SONY KD75XD8505BR2 &lt;/strong&gt;&lt;br /&gt;&lt;br /&gt;Встречайте новую эру реалистичных изображений. Изображения в формате 4K содержат более 8 миллионов пикселей и в четыре раза больше деталей по сравнению с разрешением Full HD. Испытайте полное погружение в бесконечный мир развлечений 4K. Новый телевизор 4K серии BRAVIA также совместим с будущими стандартами 4K, поэтому вы всегда будете готовы к любым нововведениям.&lt;br /&gt;&lt;br /&gt;&lt;strong&gt;Погрузитесь в волшебный мир невидимых деталей с 4K HDR&lt;/strong&gt;&lt;br /&gt;Секрет безупречного качества изображения этого телевизора — в сочетании непревзойденной четкости 4K и яркости, богатства оттенков и цветов в расширенном динамическом диапазоне (HDR). То, что ранее было скрыто от глаз, становится явным, придавая выразительность и реалистичность каждой сцене.&lt;br /&gt;&lt;br /&gt;&lt;strong&gt;4K-процессор X1™: одна микросхема имеет решающее значение &lt;/strong&gt;&lt;br /&gt;Мощный процессор 4K-процессор X1 обеспечивает потрясающее качество изображения независимо от того, что вы смотрите. Видеосигнал с любого источника — телевещание, диски Blu-ray, DVD и даже&lt;/p&gt;', '', '', '', '', '');
INSERT INTO `PREFIX_DB_product_description` (`product_id`, `language_id`, `name`, `description`, `tag`, `meta_title`, `meta_h1`, `meta_description`, `meta_keyword`) VALUES ('51', '2', 'TV LG 55LF630V', '', '', '', '', '', '');
INSERT INTO `PREFIX_DB_product_description` (`product_id`, `language_id`, `name`, `description`, `tag`, `meta_title`, `meta_h1`, `meta_description`, `meta_keyword`) VALUES ('82', '2', 'Samsung SM-R760', '', '', '', '', '', '');
INSERT INTO `PREFIX_DB_product_description` (`product_id`, `language_id`, `name`, `description`, `tag`, `meta_title`, `meta_h1`, `meta_description`, `meta_keyword`) VALUES ('66', '2', 'Dell Inspiron 7779', '', '', '', '', '', '');
INSERT INTO `PREFIX_DB_product_description` (`product_id`, `language_id`, `name`, `description`, `tag`, `meta_title`, `meta_h1`, `meta_description`, `meta_keyword`) VALUES ('69', '2', 'ASUS Transformer Book T101HA', '', '', '', '', '', '');
INSERT INTO `PREFIX_DB_product_description` (`product_id`, `language_id`, `name`, `description`, `tag`, `meta_title`, `meta_h1`, `meta_description`, `meta_keyword`) VALUES ('68', '2', 'ASUS T305CA', '', '', '', '', '', '');
INSERT INTO `PREFIX_DB_product_description` (`product_id`, `language_id`, `name`, `description`, `tag`, `meta_title`, `meta_h1`, `meta_description`, `meta_keyword`) VALUES ('67', '1', 'Ноутбук ASUS GL702VM', '&lt;p&gt;&lt;strong&gt;Ноутбук ROG GL702VM&lt;/strong&gt; – это новейший процессор Intel и геймерская видеокарта NVIDIA GeForce GTX в компактном и легком корпусе. С этим мобильным компьютером вы сможете играть в любимые игры где угодно.&lt;br /&gt;&lt;br /&gt;&lt;strong&gt;Комфортная частота кадров в любимых играх&lt;/strong&gt;&lt;br /&gt;В аппаратную конфигурацию ноутбука ROG GL702VM входит процессор Intel Core i7 шестого поколения и дискретная видеокарта NVIDIA GeForce GTX 1060 с поддержкой Microsoft DirectX 12. Мощные компоненты обеспечивают высокую скорость в современных играх и «тяжелых» приложениях, например при редактировании видео.&lt;br /&gt;&lt;br /&gt;&lt;strong&gt;Для систем виртуальной реальности&lt;/strong&gt;&lt;br /&gt;Видеокарта NVIDIA GeForce GTX 1060 предлагает полную совместимость с современными системами виртуальной реальности и высокую производительность, необходимую для их надлежащей работы.&lt;br /&gt;&lt;br /&gt;&lt;strong&gt;Мобильная платформа для игр&lt;/strong&gt;&lt;br /&gt;Ноутбук ROG GL702VM – это тонкое (24,7 мм) и довольно легкое (2,7 кг) устройство, учитывая тот факт, что он представляет собой полноценную геймерскую платформу. Он без труда поместится в сумку или рюкзак и позволит своему владельцу окунуться в современные компьютерные игры в любом месте и в любое время.&lt;br /&gt;&lt;br /&gt;&lt;strong&gt;ЖК-панель с широкими углами обзора&lt;/strong&gt;&lt;br /&gt;ROG GL702VM оснащается 17-дюймовым дисплеем с широкими (178°) углами обзора, разрешение которого составляет 1920x1080 (Full-HD) пикселей.&lt;br /&gt;&lt;br /&gt;&lt;strong&gt;Тонкая экранная рамка&lt;/strong&gt;&lt;br /&gt;Дисплей данного ноутбука отличается суженной экранной рамкой. Ее толщина составляет всего 17 мм сверху и 13 мм по краям.&lt;br /&gt;&lt;br /&gt;&lt;strong&gt;Плавное отображение динамичных сцен&lt;/strong&gt;&lt;br /&gt;В ноутбуке ROG GL702VM реализована технология NVIDIA G-SYNC, синхронизирующая частоту обновления экрана с частотой вывода кадров графическим процессором. Благодаря G-SYNC устраняется неприятный эффект разрыва кадра и уменьшается задержка отображения, что обеспечивает как более высокое качество картинки, так и улучшенную реакцию игры на действия пользователя.&lt;br /&gt;&lt;br /&gt;&lt;strong&gt;Стабильная работа при любой нагрузке&lt;/strong&gt;&lt;br /&gt;В новых ноутбуках серии ROG GL702 реализована высокоэффективная система охлаждения с тепловыми трубками и тремя вентиляторами, независимо друг от друга обслуживающими центральный и графический процессоры. Продуманное охлаждение – залог стабильной работы мобильного компьютера даже во время самых жарких виртуальных сражений!&lt;br /&gt;&lt;br /&gt;&lt;strong&gt;Клавиатура, оптимизированная под игры&lt;/strong&gt;&lt;br /&gt;Клавиатура данного ноутбука разрабатывалась специально для игр, поэтому в ней реализована эксклюзивная технология Overstroke, ее клавиши обладают глубоким ходом (1,6 мм), а знаменитая комбинация WASD выделена среди остальных. Прочная (до 10 млн нажатий!) и эргономичная, эта клавиатура оснащается подсветкой красного цвета, которая позволит с комфортом играть даже ночью.&lt;br /&gt;&lt;br /&gt;&lt;strong&gt;Интерфейсы Intel Thunderbolt 3 и USB 3.1&lt;/strong&gt;&lt;br /&gt;В число интерфейсов, реализованных в ROG GL702VM, входят Intel Thunderbolt, способный передавать данные на скорости до 40 Гбит/с, и USB 3.1, представленный обратимым разъемом Type-C.&amp;nbsp;&lt;br /&gt;&lt;br /&gt;&lt;strong&gt;Большой объем оперативной памяти&lt;/strong&gt;&lt;br /&gt;В ноутбуке ROG GL702VM применяется оперативная память новейшего типа DDR4, которая обеспечивает повышенную скорость передачи данных и уменьшенное энергопотребление по сравнению с предыдущими типами. Ее общий объем составляет до 32 гигабайт.&lt;br /&gt;&lt;br /&gt;&lt;strong&gt;Высокоскоростной твердотельный накопитель&lt;/strong&gt;&lt;br /&gt;ROG GL702VM оснащается твердотельным накопителем, чья высокая скорость передачи данных позволит операционной системе, приложениям и игровым данным загружаться быстрее, а для хранения больших объемов можно воспользоваться традиционным жестким диском емкостью до 2 терабайт.&lt;/p&gt;', '', '', '', '', '');
INSERT INTO `PREFIX_DB_product_description` (`product_id`, `language_id`, `name`, `description`, `tag`, `meta_title`, `meta_h1`, `meta_description`, `meta_keyword`) VALUES ('62', '1', 'Ноутбук ASUS G752VS', '&lt;p&gt;&lt;strong&gt;Ноутбуки ASUS серии G&lt;/strong&gt;&amp;nbsp;– это мобильные геймерские станции, оснащенные по последнему слову техники.&lt;br /&gt;&lt;br /&gt;&lt;strong&gt;Ноутбук ASUS G752VS &lt;/strong&gt;- новая модель в линейке геймерских ноутбуков ROG, представляющая собой вершину ее эволюции. В корпусе этого ноутбука, выполненном в темно-серебристом цветовом оформлении с медно-оранжевыми акцентами, скрываются мощные компоненты: современная видеокарта NVIDIA GeForce GTX серии 10, процессор Intel Core i7 шестого поколения с разблокированным множителем частоты и до 64 гигабайт системной памяти DDR4..&lt;br /&gt;&lt;br /&gt;&lt;strong&gt;Для требовательных геймеров&lt;/strong&gt;&lt;br /&gt;Выполненная в традициях серии G, данная модель обладает легко узнаваемой внешностью. Ее дизайн строг и агрессивен, как и положено мощному геймерскому ноутбуку.&lt;br /&gt;&lt;br /&gt;&lt;strong&gt;IPS-дисплей&lt;/strong&gt;&lt;br /&gt;Данный ноутбук оснащается IPS-дисплеем с матовым покрытием, которое минимизирует блики от источников света. Благодаря широким (178°) углам обзора изображение не претерпевает сильных цветовых искажений при изменении угла, под которым пользователь смотрит на экран. ЖК-панель формата Full HD обеспечивает широкие углы обзора, минимизируя цветовые искажения при взгляде на экран сбоку, а благодаря технологии Trinity Display к ноутбуку можно подключить до трех внешних дисплеев.&lt;br /&gt;&lt;br /&gt;&lt;strong&gt;Высокая производительность в играх&lt;/strong&gt;&lt;br /&gt;В аппаратную конфигурацию ноутбука входит высокопроизводительный процессор и новейшая дискретная видеокарта NVIDIA. Процессоры, устанавливаемые в ноутбуки серии G, наделяют их высочайшей производительностью как в геймерских, так и в любых других приложениях. Кроме того, эти процессоры могут по хвастать улучшенной энергоэффективностью, которая положительно сказывается на времени автономной работы мобильного компьютера. За стабильную работу компонентов отвечает продуманная система охлаждения.&lt;br /&gt;&lt;br /&gt;&lt;strong&gt;Скорость, нужная для игр&lt;/strong&gt;&lt;br /&gt;Данный ноутбук оснащается дискретной видеокартой NVIDIA® GeForce® GTX геймерского класса с большим объемом видеопамяти и поддержкой Microsoft DirectX 12.&lt;br /&gt;&lt;br /&gt;&lt;strong&gt;Интерфейсы Intel Thuunerbolt 3 И USB 3.1&lt;/strong&gt;&lt;br /&gt;В число интерфейсов, реализованных в ROG G752, входят Intel Thunderbolt, способный передавать данные на скорости до 40 Гбит/с, и USB 3.1, представленный обратимым разъемом Type-C. Два быстрых периферийных интерфейса обеспечивают широкую совместимость с различными внешними устройствами.&lt;/p&gt;&lt;p&gt;&amp;nbsp;&lt;/p&gt;&lt;p&gt;&lt;strong&gt;Утилита SONIC STUDIO и функция SONIC RADAR&lt;/strong&gt;&lt;br /&gt;Специально для настройки параметров звучания встроенной аудиосистемы к ноутбуку прилагается программное обеспечение Sonic Studio, а разработанная специалистами подразделения звуковых устройств ASUS функция Sonic Radar дает возможность визуализации источников звука в компьютерной игре, даже если те не находятся в пределах прямой видимости.&lt;/p&gt;&lt;p&gt;&amp;nbsp;&lt;/p&gt;&lt;p&gt;&lt;strong&gt;Игровой центр ROG&lt;/strong&gt;&lt;br /&gt;Новый игровой центр ROG расширяет ваши игровые возможности. Этот интегрированный центр управления с помощью единого интерфейса предоставляет доступ ко всем параметрам и функций, которые могут быть полезными в игре. Вы можете узнать информацию о системе, запрограммировать макрос для быстрого выполнения команд, настроить звук или активировать запись процесса игры.&lt;/p&gt;&lt;p&gt;&amp;nbsp;&lt;/p&gt;&lt;p&gt;&lt;strong&gt;Продуманная система охлаждения&lt;/strong&gt;&lt;br /&gt;Как и другие модели серии ROG, G752 обладает высокоэффективной системой охлаждения. В ее состав входят два кулера для центрального и графического процессоров, выдувающие горячий воздух сквозь вентиляционные решетки в задней части корпуса, поэтому верхняя панель ноутбука остается комфортно прохладной при любых условиях работы. В системе охлаждения ROG G752 имеется специальный пылеотвод.&lt;/p&gt;&lt;p&gt;&amp;nbsp;&lt;/p&gt;', '', '', '', '', '');
INSERT INTO `PREFIX_DB_product_description` (`product_id`, `language_id`, `name`, `description`, `tag`, `meta_title`, `meta_h1`, `meta_description`, `meta_keyword`) VALUES ('52', '2', 'Samsung UE78KS9000UXUA', '', '', '', '', '', '');


TRUNCATE TABLE `PREFIX_DB_product_image`;

INSERT INTO `PREFIX_DB_product_image` (`product_image_id`, `product_id`, `image`, `sort_order`) VALUES ('2939', '61', 'catalog/category/laptops/gaming notebook/processors AMD/u0171230_9big.jpg', '5');
INSERT INTO `PREFIX_DB_product_image` (`product_image_id`, `product_id`, `image`, `sort_order`) VALUES ('2937', '61', 'catalog/category/laptops/gaming notebook/processors AMD/u0171230_7big.jpg', '3');
INSERT INTO `PREFIX_DB_product_image` (`product_image_id`, `product_id`, `image`, `sort_order`) VALUES ('2938', '61', 'catalog/category/laptops/gaming notebook/processors AMD/u0171230_8big.jpg', '4');
INSERT INTO `PREFIX_DB_product_image` (`product_image_id`, `product_id`, `image`, `sort_order`) VALUES ('2936', '61', 'catalog/category/laptops/gaming notebook/processors AMD/u0171230_3big.jpg', '2');
INSERT INTO `PREFIX_DB_product_image` (`product_image_id`, `product_id`, `image`, `sort_order`) VALUES ('2935', '61', 'catalog/category/laptops/gaming notebook/processors AMD/u0171230_2big.jpg', '1');
INSERT INTO `PREFIX_DB_product_image` (`product_image_id`, `product_id`, `image`, `sort_order`) VALUES ('2934', '61', 'catalog/category/laptops/gaming notebook/processors AMD/u0171230_5big.jpg', '0');
INSERT INTO `PREFIX_DB_product_image` (`product_image_id`, `product_id`, `image`, `sort_order`) VALUES ('3065', '60', 'catalog/category/ Monitors, TVs/accessories/ Universal remote controls/file_70_4.jpg', '2');
INSERT INTO `PREFIX_DB_product_image` (`product_image_id`, `product_id`, `image`, `sort_order`) VALUES ('3069', '59', 'catalog/category/ Monitors, TVs/accessories/TV Receivers/trimax_tr-2012hd_pvr_2_1.jpg', '1');
INSERT INTO `PREFIX_DB_product_image` (`product_image_id`, `product_id`, `image`, `sort_order`) VALUES ('3123', '57', 'catalog/category/ Monitors, TVs/monitors/more 29/u0183646_5big.jpg', '4');
INSERT INTO `PREFIX_DB_product_image` (`product_image_id`, `product_id`, `image`, `sort_order`) VALUES ('3122', '57', 'catalog/category/ Monitors, TVs/monitors/more 29/u0183646_6big.jpg', '3');
INSERT INTO `PREFIX_DB_product_image` (`product_image_id`, `product_id`, `image`, `sort_order`) VALUES ('3121', '57', 'catalog/category/ Monitors, TVs/monitors/more 29/u0183646_4big.jpg', '2');
INSERT INTO `PREFIX_DB_product_image` (`product_image_id`, `product_id`, `image`, `sort_order`) VALUES ('3120', '57', 'catalog/category/ Monitors, TVs/monitors/more 29/u0183646_2big.jpg', '1');
INSERT INTO `PREFIX_DB_product_image` (`product_image_id`, `product_id`, `image`, `sort_order`) VALUES ('3119', '57', 'catalog/category/ Monitors, TVs/monitors/more 29/u0183646_3big.jpg', '0');
INSERT INTO `PREFIX_DB_product_image` (`product_image_id`, `product_id`, `image`, `sort_order`) VALUES ('3126', '50', 'catalog/category/ Monitors, TVs/TV/4k ultra/7652_8.jpeg', '7');
INSERT INTO `PREFIX_DB_product_image` (`product_image_id`, `product_id`, `image`, `sort_order`) VALUES ('3124', '50', 'catalog/category/ Monitors, TVs/TV/4k ultra/7652_5.jpeg', '2');
INSERT INTO `PREFIX_DB_product_image` (`product_image_id`, `product_id`, `image`, `sort_order`) VALUES ('3125', '50', 'catalog/category/ Monitors, TVs/TV/4k ultra/7652_7.jpeg', '3');
INSERT INTO `PREFIX_DB_product_image` (`product_image_id`, `product_id`, `image`, `sort_order`) VALUES ('3139', '52', 'catalog/category/ Monitors, TVs/TV/curved/un65ks9500f_005_l-perspective_black_1.jpg', '1');
INSERT INTO `PREFIX_DB_product_image` (`product_image_id`, `product_id`, `image`, `sort_order`) VALUES ('3138', '52', 'catalog/category/ Monitors, TVs/TV/curved/un65ks9500f_004_r-perspective_black_1.jpg', '0');
INSERT INTO `PREFIX_DB_product_image` (`product_image_id`, `product_id`, `image`, `sort_order`) VALUES ('2981', '53', 'catalog/category/ Monitors, TVs/TV/wi-fi/sony_kd75xd8505br2_8.jpg', '3');
INSERT INTO `PREFIX_DB_product_image` (`product_image_id`, `product_id`, `image`, `sort_order`) VALUES ('2980', '53', 'catalog/category/ Monitors, TVs/TV/wi-fi/sony_kd75xd8505br2_4.jpg', '1');
INSERT INTO `PREFIX_DB_product_image` (`product_image_id`, `product_id`, `image`, `sort_order`) VALUES ('2979', '53', 'catalog/category/ Monitors, TVs/TV/wi-fi/sony_kd75xd8505br2_2.jpg', '0');
INSERT INTO `PREFIX_DB_product_image` (`product_image_id`, `product_id`, `image`, `sort_order`) VALUES ('3049', '54', '', '7');
INSERT INTO `PREFIX_DB_product_image` (`product_image_id`, `product_id`, `image`, `sort_order`) VALUES ('3050', '54', 'catalog/category/ Monitors, TVs/monitors/less 20/u0197186_10big.jpg', '8');
INSERT INTO `PREFIX_DB_product_image` (`product_image_id`, `product_id`, `image`, `sort_order`) VALUES ('3048', '54', 'catalog/category/ Monitors, TVs/monitors/less 20/u0197186_8big.jpg', '6');
INSERT INTO `PREFIX_DB_product_image` (`product_image_id`, `product_id`, `image`, `sort_order`) VALUES ('3047', '54', 'catalog/category/ Monitors, TVs/monitors/less 20/u0197186_7big.jpg', '5');
INSERT INTO `PREFIX_DB_product_image` (`product_image_id`, `product_id`, `image`, `sort_order`) VALUES ('3046', '54', 'catalog/category/ Monitors, TVs/monitors/less 20/u0197186_3big.jpg', '1');
INSERT INTO `PREFIX_DB_product_image` (`product_image_id`, `product_id`, `image`, `sort_order`) VALUES ('3045', '54', 'catalog/category/ Monitors, TVs/monitors/less 20/u0197186_2big.jpg', '0');
INSERT INTO `PREFIX_DB_product_image` (`product_image_id`, `product_id`, `image`, `sort_order`) VALUES ('2908', '66', 'catalog/category/laptops/Lightweight and thin/Tranformery/u0225667_12big.jpg', '6');
INSERT INTO `PREFIX_DB_product_image` (`product_image_id`, `product_id`, `image`, `sort_order`) VALUES ('3052', '55', 'catalog/category/ Monitors, TVs/monitors/21-23/u0162741_3big.jpg', '1');
INSERT INTO `PREFIX_DB_product_image` (`product_image_id`, `product_id`, `image`, `sort_order`) VALUES ('3051', '55', 'catalog/category/ Monitors, TVs/monitors/21-23/u0162741_2big.jpg', '0');
INSERT INTO `PREFIX_DB_product_image` (`product_image_id`, `product_id`, `image`, `sort_order`) VALUES ('3129', '56', 'catalog/category/ Monitors, TVs/monitors/23.6-28/u0190707_8big.jpg', '5');
INSERT INTO `PREFIX_DB_product_image` (`product_image_id`, `product_id`, `image`, `sort_order`) VALUES ('3058', '62', 'catalog/category/laptops/gaming notebook/processors Intel/u0216690_10big.jpg', '4');
INSERT INTO `PREFIX_DB_product_image` (`product_image_id`, `product_id`, `image`, `sort_order`) VALUES ('3057', '62', 'catalog/category/laptops/gaming notebook/processors Intel/u0216690_11big.jpg', '3');
INSERT INTO `PREFIX_DB_product_image` (`product_image_id`, `product_id`, `image`, `sort_order`) VALUES ('3056', '62', 'catalog/category/laptops/gaming notebook/processors Intel/u0216690_big.jpg', '2');
INSERT INTO `PREFIX_DB_product_image` (`product_image_id`, `product_id`, `image`, `sort_order`) VALUES ('3055', '62', 'catalog/category/laptops/gaming notebook/processors Intel/u0216690_2big.jpg', '1');
INSERT INTO `PREFIX_DB_product_image` (`product_image_id`, `product_id`, `image`, `sort_order`) VALUES ('3054', '62', 'catalog/category/laptops/gaming notebook/processors Intel/u0216690_7big.jpg', '0');
INSERT INTO `PREFIX_DB_product_image` (`product_image_id`, `product_id`, `image`, `sort_order`) VALUES ('2998', '63', 'catalog/category/laptops/gaming notebook/Video nVidia/u0206969_8big.jpg', '4');
INSERT INTO `PREFIX_DB_product_image` (`product_image_id`, `product_id`, `image`, `sort_order`) VALUES ('2997', '63', 'catalog/category/laptops/gaming notebook/Video nVidia/u0206969_7big.jpg', '3');
INSERT INTO `PREFIX_DB_product_image` (`product_image_id`, `product_id`, `image`, `sort_order`) VALUES ('2996', '63', 'catalog/category/laptops/gaming notebook/Video nVidia/u0206969_10big.jpg', '2');
INSERT INTO `PREFIX_DB_product_image` (`product_image_id`, `product_id`, `image`, `sort_order`) VALUES ('2995', '63', 'catalog/category/laptops/gaming notebook/Video nVidia/u0206969_big.jpg', '1');
INSERT INTO `PREFIX_DB_product_image` (`product_image_id`, `product_id`, `image`, `sort_order`) VALUES ('2994', '63', 'catalog/category/laptops/gaming notebook/Video nVidia/u0206969_2big.jpg', '0');
INSERT INTO `PREFIX_DB_product_image` (`product_image_id`, `product_id`, `image`, `sort_order`) VALUES ('3081', '64', 'catalog/category/laptops/gaming notebook/Video Radeon/u0229278_9big.jpg', '3');
INSERT INTO `PREFIX_DB_product_image` (`product_image_id`, `product_id`, `image`, `sort_order`) VALUES ('3080', '64', 'catalog/category/laptops/gaming notebook/Video Radeon/u0229278_7big.jpg', '2');
INSERT INTO `PREFIX_DB_product_image` (`product_image_id`, `product_id`, `image`, `sort_order`) VALUES ('3079', '64', 'catalog/category/laptops/gaming notebook/Video Radeon/u0229278_4big.jpg', '1');
INSERT INTO `PREFIX_DB_product_image` (`product_image_id`, `product_id`, `image`, `sort_order`) VALUES ('3001', '65', 'catalog/category/laptops/Lightweight and thin/15-15.6/u0212134_6big.jpg', '2');
INSERT INTO `PREFIX_DB_product_image` (`product_image_id`, `product_id`, `image`, `sort_order`) VALUES ('3000', '65', 'catalog/category/laptops/Lightweight and thin/15-15.6/u0212134_2big.jpg', '1');
INSERT INTO `PREFIX_DB_product_image` (`product_image_id`, `product_id`, `image`, `sort_order`) VALUES ('2999', '65', 'catalog/category/laptops/Lightweight and thin/15-15.6/u0212134_3big.jpg', '0');
INSERT INTO `PREFIX_DB_product_image` (`product_image_id`, `product_id`, `image`, `sort_order`) VALUES ('2907', '66', 'catalog/category/laptops/Lightweight and thin/Tranformery/u0225667_7big.jpg', '5');
INSERT INTO `PREFIX_DB_product_image` (`product_image_id`, `product_id`, `image`, `sort_order`) VALUES ('2906', '66', 'catalog/category/laptops/Lightweight and thin/Tranformery/u0225667_4big.jpg', '4');
INSERT INTO `PREFIX_DB_product_image` (`product_image_id`, `product_id`, `image`, `sort_order`) VALUES ('2905', '66', 'catalog/category/laptops/Lightweight and thin/Tranformery/u0225667_2big.jpg', '3');
INSERT INTO `PREFIX_DB_product_image` (`product_image_id`, `product_id`, `image`, `sort_order`) VALUES ('2904', '66', 'catalog/category/laptops/Lightweight and thin/Tranformery/samsung-chromebook-pro.png', '2');
INSERT INTO `PREFIX_DB_product_image` (`product_image_id`, `product_id`, `image`, `sort_order`) VALUES ('2903', '66', 'catalog/category/laptops/Lightweight and thin/Tranformery/u0225667_big.jpg', '1');
INSERT INTO `PREFIX_DB_product_image` (`product_image_id`, `product_id`, `image`, `sort_order`) VALUES ('3118', '67', 'catalog/category/laptops/Lightweight and thin/16-17/u0223968_9big.jpg', '4');
INSERT INTO `PREFIX_DB_product_image` (`product_image_id`, `product_id`, `image`, `sort_order`) VALUES ('3117', '67', 'catalog/category/laptops/Lightweight and thin/16-17/u0223968_2big.jpg', '2');
INSERT INTO `PREFIX_DB_product_image` (`product_image_id`, `product_id`, `image`, `sort_order`) VALUES ('3116', '67', 'catalog/category/laptops/Lightweight and thin/16-17/u0223968_4big.jpg', '0');
INSERT INTO `PREFIX_DB_product_image` (`product_image_id`, `product_id`, `image`, `sort_order`) VALUES ('2921', '68', 'catalog/category/laptops/netbook/For business/u0228966_big.jpg', '2');
INSERT INTO `PREFIX_DB_product_image` (`product_image_id`, `product_id`, `image`, `sort_order`) VALUES ('2920', '68', 'catalog/category/laptops/netbook/For business/u0228966_7big.jpg', '1');
INSERT INTO `PREFIX_DB_product_image` (`product_image_id`, `product_id`, `image`, `sort_order`) VALUES ('2919', '68', 'catalog/category/laptops/netbook/For business/u0228966_4big.jpg', '0');
INSERT INTO `PREFIX_DB_product_image` (`product_image_id`, `product_id`, `image`, `sort_order`) VALUES ('3064', '69', 'catalog/category/laptops/netbook/For simple tasks/u0229127_5big.jpg', '3');
INSERT INTO `PREFIX_DB_product_image` (`product_image_id`, `product_id`, `image`, `sort_order`) VALUES ('3063', '69', 'catalog/category/laptops/netbook/For simple tasks/u0229127_4big.jpg', '2');
INSERT INTO `PREFIX_DB_product_image` (`product_image_id`, `product_id`, `image`, `sort_order`) VALUES ('3062', '69', 'catalog/category/laptops/netbook/For simple tasks/u0229127_big.jpg', '0');
INSERT INTO `PREFIX_DB_product_image` (`product_image_id`, `product_id`, `image`, `sort_order`) VALUES ('3077', '70', 'catalog/category/laptops/netbook/For work or school/u0228064_2big.jpg', '0');
INSERT INTO `PREFIX_DB_product_image` (`product_image_id`, `product_id`, `image`, `sort_order`) VALUES ('3078', '70', 'catalog/category/laptops/netbook/For work or school/u0228064_4big.jpg', '1');
INSERT INTO `PREFIX_DB_product_image` (`product_image_id`, `product_id`, `image`, `sort_order`) VALUES ('3089', '72', 'catalog/category/Telephones/Smartphones/Asus/u0163458_7big.jpg', '0');
INSERT INTO `PREFIX_DB_product_image` (`product_image_id`, `product_id`, `image`, `sort_order`) VALUES ('3090', '72', 'catalog/category/Telephones/Smartphones/Asus/u0163458_9big.jpg', '3');
INSERT INTO `PREFIX_DB_product_image` (`product_image_id`, `product_id`, `image`, `sort_order`) VALUES ('3042', '73', 'catalog/category/Telephones/Smartphones/HTC/u0222674_8big.jpg', '0');
INSERT INTO `PREFIX_DB_product_image` (`product_image_id`, `product_id`, `image`, `sort_order`) VALUES ('3035', '74', 'catalog/category/Telephones/Smartphones/Meizu/meizu-pro-6-launched.jpg', '0');
INSERT INTO `PREFIX_DB_product_image` (`product_image_id`, `product_id`, `image`, `sort_order`) VALUES ('3070', '78', 'catalog/category/Telephones/accessories/Bluetooth/u0228341_4big.jpg', '0');
INSERT INTO `PREFIX_DB_product_image` (`product_image_id`, `product_id`, `image`, `sort_order`) VALUES ('3038', '80', 'catalog/category/Telephones/accessories/Charging device/belkin_f8j071bt04-blk.jpg', '0');
INSERT INTO `PREFIX_DB_product_image` (`product_image_id`, `product_id`, `image`, `sort_order`) VALUES ('2975', '81', 'catalog/category/Telephones/accessories/Holders/u0180260_6big.jpg', '3');
INSERT INTO `PREFIX_DB_product_image` (`product_image_id`, `product_id`, `image`, `sort_order`) VALUES ('2974', '81', 'catalog/category/Telephones/accessories/Holders/u0180260_5big.jpg', '2');
INSERT INTO `PREFIX_DB_product_image` (`product_image_id`, `product_id`, `image`, `sort_order`) VALUES ('2973', '81', 'catalog/category/Telephones/accessories/Holders/u0180260_4big.jpg', '1');
INSERT INTO `PREFIX_DB_product_image` (`product_image_id`, `product_id`, `image`, `sort_order`) VALUES ('3004', '82', 'catalog/category/Telephones/accessories/Smart Watches/u0203950_3big.jpg', '1');
INSERT INTO `PREFIX_DB_product_image` (`product_image_id`, `product_id`, `image`, `sort_order`) VALUES ('3003', '82', 'catalog/category/Telephones/accessories/Smart Watches/u0203950_2big.jpg', '0');
INSERT INTO `PREFIX_DB_product_image` (`product_image_id`, `product_id`, `image`, `sort_order`) VALUES ('2902', '66', 'catalog/category/laptops/Lightweight and thin/Tranformery/u0225667_9big.jpg', '0');
INSERT INTO `PREFIX_DB_product_image` (`product_image_id`, `product_id`, `image`, `sort_order`) VALUES ('3039', '51', 'catalog/category/ Monitors, TVs/TV/smart Tv/7650_2.jpeg', '0');
INSERT INTO `PREFIX_DB_product_image` (`product_image_id`, `product_id`, `image`, `sort_order`) VALUES ('2972', '81', 'catalog/category/Telephones/accessories/Holders/u0180260_2big.jpg', '0');
INSERT INTO `PREFIX_DB_product_image` (`product_image_id`, `product_id`, `image`, `sort_order`) VALUES ('3002', '65', 'catalog/category/laptops/Lightweight and thin/15-15.6/u0212134_7big.jpg', '3');
INSERT INTO `PREFIX_DB_product_image` (`product_image_id`, `product_id`, `image`, `sort_order`) VALUES ('2976', '81', 'catalog/category/Telephones/accessories/Holders/u0180260_3big.jpg', '4');


TRUNCATE TABLE `PREFIX_DB_product_option`;

INSERT INTO `PREFIX_DB_product_option` (`product_option_id`, `product_id`, `option_id`, `value`, `required`) VALUES ('227', '74', '13', '', '0');
INSERT INTO `PREFIX_DB_product_option` (`product_option_id`, `product_id`, `option_id`, `value`, `required`) VALUES ('228', '73', '13', '', '0');
INSERT INTO `PREFIX_DB_product_option` (`product_option_id`, `product_id`, `option_id`, `value`, `required`) VALUES ('229', '72', '13', '', '0');
INSERT INTO `PREFIX_DB_product_option` (`product_option_id`, `product_id`, `option_id`, `value`, `required`) VALUES ('231', '64', '14', '', '0');
INSERT INTO `PREFIX_DB_product_option` (`product_option_id`, `product_id`, `option_id`, `value`, `required`) VALUES ('232', '66', '14', '', '0');
INSERT INTO `PREFIX_DB_product_option` (`product_option_id`, `product_id`, `option_id`, `value`, `required`) VALUES ('233', '70', '14', '', '0');
INSERT INTO `PREFIX_DB_product_option` (`product_option_id`, `product_id`, `option_id`, `value`, `required`) VALUES ('234', '69', '14', '', '0');
INSERT INTO `PREFIX_DB_product_option` (`product_option_id`, `product_id`, `option_id`, `value`, `required`) VALUES ('235', '68', '14', '', '0');
INSERT INTO `PREFIX_DB_product_option` (`product_option_id`, `product_id`, `option_id`, `value`, `required`) VALUES ('236', '67', '14', '', '0');
INSERT INTO `PREFIX_DB_product_option` (`product_option_id`, `product_id`, `option_id`, `value`, `required`) VALUES ('237', '62', '14', '', '0');
INSERT INTO `PREFIX_DB_product_option` (`product_option_id`, `product_id`, `option_id`, `value`, `required`) VALUES ('238', '61', '14', '', '0');
INSERT INTO `PREFIX_DB_product_option` (`product_option_id`, `product_id`, `option_id`, `value`, `required`) VALUES ('239', '56', '14', '', '0');
INSERT INTO `PREFIX_DB_product_option` (`product_option_id`, `product_id`, `option_id`, `value`, `required`) VALUES ('240', '55', '14', '', '0');
INSERT INTO `PREFIX_DB_product_option` (`product_option_id`, `product_id`, `option_id`, `value`, `required`) VALUES ('241', '54', '14', '', '0');
INSERT INTO `PREFIX_DB_product_option` (`product_option_id`, `product_id`, `option_id`, `value`, `required`) VALUES ('242', '57', '14', '', '0');
INSERT INTO `PREFIX_DB_product_option` (`product_option_id`, `product_id`, `option_id`, `value`, `required`) VALUES ('243', '58', '14', '', '0');
INSERT INTO `PREFIX_DB_product_option` (`product_option_id`, `product_id`, `option_id`, `value`, `required`) VALUES ('244', '80', '14', '', '0');
INSERT INTO `PREFIX_DB_product_option` (`product_option_id`, `product_id`, `option_id`, `value`, `required`) VALUES ('245', '52', '14', '', '0');
INSERT INTO `PREFIX_DB_product_option` (`product_option_id`, `product_id`, `option_id`, `value`, `required`) VALUES ('246', '78', '14', '', '0');
INSERT INTO `PREFIX_DB_product_option` (`product_option_id`, `product_id`, `option_id`, `value`, `required`) VALUES ('247', '79', '14', '', '0');
INSERT INTO `PREFIX_DB_product_option` (`product_option_id`, `product_id`, `option_id`, `value`, `required`) VALUES ('248', '81', '14', '', '0');
INSERT INTO `PREFIX_DB_product_option` (`product_option_id`, `product_id`, `option_id`, `value`, `required`) VALUES ('249', '59', '14', '', '0');
INSERT INTO `PREFIX_DB_product_option` (`product_option_id`, `product_id`, `option_id`, `value`, `required`) VALUES ('250', '53', '14', '', '0');
INSERT INTO `PREFIX_DB_product_option` (`product_option_id`, `product_id`, `option_id`, `value`, `required`) VALUES ('251', '50', '14', '', '0');
INSERT INTO `PREFIX_DB_product_option` (`product_option_id`, `product_id`, `option_id`, `value`, `required`) VALUES ('252', '51', '14', '', '0');
INSERT INTO `PREFIX_DB_product_option` (`product_option_id`, `product_id`, `option_id`, `value`, `required`) VALUES ('253', '82', '14', '', '0');
INSERT INTO `PREFIX_DB_product_option` (`product_option_id`, `product_id`, `option_id`, `value`, `required`) VALUES ('254', '60', '14', '', '0');
INSERT INTO `PREFIX_DB_product_option` (`product_option_id`, `product_id`, `option_id`, `value`, `required`) VALUES ('255', '63', '14', '', '0');
INSERT INTO `PREFIX_DB_product_option` (`product_option_id`, `product_id`, `option_id`, `value`, `required`) VALUES ('256', '65', '14', '', '0');


TRUNCATE TABLE `PREFIX_DB_product_option_value`;

INSERT INTO `PREFIX_DB_product_option_value` (`product_option_value_id`, `product_option_id`, `product_id`, `option_id`, `option_value_id`, `quantity`, `subtract`, `price`, `price_prefix`, `points`, `points_prefix`, `weight`, `weight_prefix`) VALUES ('19', '227', '74', '13', '51', '2147483647', '1', '1300.0000', '+', '0', '+', '0.00', '+');
INSERT INTO `PREFIX_DB_product_option_value` (`product_option_value_id`, `product_option_id`, `product_id`, `option_id`, `option_value_id`, `quantity`, `subtract`, `price`, `price_prefix`, `points`, `points_prefix`, `weight`, `weight_prefix`) VALUES ('18', '227', '74', '13', '50', '2147483647', '1', '700.0000', '+', '0', '+', '0.00', '+');
INSERT INTO `PREFIX_DB_product_option_value` (`product_option_value_id`, `product_option_id`, `product_id`, `option_id`, `option_value_id`, `quantity`, `subtract`, `price`, `price_prefix`, `points`, `points_prefix`, `weight`, `weight_prefix`) VALUES ('17', '227', '74', '13', '49', '2147483647', '1', '0.0000', '+', '0', '+', '0.00', '+');
INSERT INTO `PREFIX_DB_product_option_value` (`product_option_value_id`, `product_option_id`, `product_id`, `option_id`, `option_value_id`, `quantity`, `subtract`, `price`, `price_prefix`, `points`, `points_prefix`, `weight`, `weight_prefix`) VALUES ('22', '228', '73', '13', '51', '2147483647', '1', '1300.0000', '+', '0', '+', '0.00', '+');
INSERT INTO `PREFIX_DB_product_option_value` (`product_option_value_id`, `product_option_id`, `product_id`, `option_id`, `option_value_id`, `quantity`, `subtract`, `price`, `price_prefix`, `points`, `points_prefix`, `weight`, `weight_prefix`) VALUES ('21', '228', '73', '13', '50', '2147483647', '1', '700.0000', '+', '0', '+', '0.00', '+');
INSERT INTO `PREFIX_DB_product_option_value` (`product_option_value_id`, `product_option_id`, `product_id`, `option_id`, `option_value_id`, `quantity`, `subtract`, `price`, `price_prefix`, `points`, `points_prefix`, `weight`, `weight_prefix`) VALUES ('20', '228', '73', '13', '49', '11111111', '1', '0.0000', '+', '0', '+', '0.00', '+');
INSERT INTO `PREFIX_DB_product_option_value` (`product_option_value_id`, `product_option_id`, `product_id`, `option_id`, `option_value_id`, `quantity`, `subtract`, `price`, `price_prefix`, `points`, `points_prefix`, `weight`, `weight_prefix`) VALUES ('25', '229', '72', '13', '51', '1111111111', '1', '1300.0000', '+', '0', '+', '0.00', '+');
INSERT INTO `PREFIX_DB_product_option_value` (`product_option_value_id`, `product_option_id`, `product_id`, `option_id`, `option_value_id`, `quantity`, `subtract`, `price`, `price_prefix`, `points`, `points_prefix`, `weight`, `weight_prefix`) VALUES ('23', '229', '72', '13', '49', '11111111', '1', '0.0000', '+', '0', '+', '0.00', '+');
INSERT INTO `PREFIX_DB_product_option_value` (`product_option_value_id`, `product_option_id`, `product_id`, `option_id`, `option_value_id`, `quantity`, `subtract`, `price`, `price_prefix`, `points`, `points_prefix`, `weight`, `weight_prefix`) VALUES ('24', '229', '72', '13', '50', '2147483647', '1', '700.0000', '+', '0', '+', '0.00', '+');
INSERT INTO `PREFIX_DB_product_option_value` (`product_option_value_id`, `product_option_id`, `product_id`, `option_id`, `option_value_id`, `quantity`, `subtract`, `price`, `price_prefix`, `points`, `points_prefix`, `weight`, `weight_prefix`) VALUES ('30', '231', '64', '14', '54', '2147483647', '1', '770.0000', '+', '0', '+', '0.00', '+');
INSERT INTO `PREFIX_DB_product_option_value` (`product_option_value_id`, `product_option_id`, `product_id`, `option_id`, `option_value_id`, `quantity`, `subtract`, `price`, `price_prefix`, `points`, `points_prefix`, `weight`, `weight_prefix`) VALUES ('31', '231', '64', '14', '53', '2147483647', '1', '900.0000', '+', '0', '+', '0.00', '+');
INSERT INTO `PREFIX_DB_product_option_value` (`product_option_value_id`, `product_option_id`, `product_id`, `option_id`, `option_value_id`, `quantity`, `subtract`, `price`, `price_prefix`, `points`, `points_prefix`, `weight`, `weight_prefix`) VALUES ('29', '231', '64', '14', '52', '2147483647', '1', '0.0000', '+', '0', '+', '0.00', '+');
INSERT INTO `PREFIX_DB_product_option_value` (`product_option_value_id`, `product_option_id`, `product_id`, `option_id`, `option_value_id`, `quantity`, `subtract`, `price`, `price_prefix`, `points`, `points_prefix`, `weight`, `weight_prefix`) VALUES ('32', '232', '66', '14', '52', '1111111', '1', '0.0000', '+', '0', '+', '0.00', '+');
INSERT INTO `PREFIX_DB_product_option_value` (`product_option_value_id`, `product_option_id`, `product_id`, `option_id`, `option_value_id`, `quantity`, `subtract`, `price`, `price_prefix`, `points`, `points_prefix`, `weight`, `weight_prefix`) VALUES ('33', '232', '66', '14', '54', '2147483647', '1', '700.0000', '+', '0', '+', '0.00', '+');
INSERT INTO `PREFIX_DB_product_option_value` (`product_option_value_id`, `product_option_id`, `product_id`, `option_id`, `option_value_id`, `quantity`, `subtract`, `price`, `price_prefix`, `points`, `points_prefix`, `weight`, `weight_prefix`) VALUES ('34', '232', '66', '14', '53', '2147483647', '1', '900.0000', '+', '0', '+', '0.00', '+');
INSERT INTO `PREFIX_DB_product_option_value` (`product_option_value_id`, `product_option_id`, `product_id`, `option_id`, `option_value_id`, `quantity`, `subtract`, `price`, `price_prefix`, `points`, `points_prefix`, `weight`, `weight_prefix`) VALUES ('36', '233', '70', '14', '54', '2147483647', '1', '700.0000', '+', '0', '+', '0.00', '+');
INSERT INTO `PREFIX_DB_product_option_value` (`product_option_value_id`, `product_option_id`, `product_id`, `option_id`, `option_value_id`, `quantity`, `subtract`, `price`, `price_prefix`, `points`, `points_prefix`, `weight`, `weight_prefix`) VALUES ('37', '233', '70', '14', '53', '111111', '1', '900.0000', '+', '0', '+', '0.00', '+');
INSERT INTO `PREFIX_DB_product_option_value` (`product_option_value_id`, `product_option_id`, `product_id`, `option_id`, `option_value_id`, `quantity`, `subtract`, `price`, `price_prefix`, `points`, `points_prefix`, `weight`, `weight_prefix`) VALUES ('35', '233', '70', '14', '52', '2147483647', '1', '0.0000', '+', '0', '+', '0.00', '+');
INSERT INTO `PREFIX_DB_product_option_value` (`product_option_value_id`, `product_option_id`, `product_id`, `option_id`, `option_value_id`, `quantity`, `subtract`, `price`, `price_prefix`, `points`, `points_prefix`, `weight`, `weight_prefix`) VALUES ('39', '234', '69', '14', '54', '2147483647', '1', '700.0000', '+', '0', '+', '0.00', '+');
INSERT INTO `PREFIX_DB_product_option_value` (`product_option_value_id`, `product_option_id`, `product_id`, `option_id`, `option_value_id`, `quantity`, `subtract`, `price`, `price_prefix`, `points`, `points_prefix`, `weight`, `weight_prefix`) VALUES ('40', '234', '69', '14', '53', '111111', '1', '900.0000', '+', '0', '+', '0.00', '+');
INSERT INTO `PREFIX_DB_product_option_value` (`product_option_value_id`, `product_option_id`, `product_id`, `option_id`, `option_value_id`, `quantity`, `subtract`, `price`, `price_prefix`, `points`, `points_prefix`, `weight`, `weight_prefix`) VALUES ('38', '234', '69', '14', '52', '111111111', '1', '0.0000', '+', '0', '+', '0.00', '+');
INSERT INTO `PREFIX_DB_product_option_value` (`product_option_value_id`, `product_option_id`, `product_id`, `option_id`, `option_value_id`, `quantity`, `subtract`, `price`, `price_prefix`, `points`, `points_prefix`, `weight`, `weight_prefix`) VALUES ('41', '235', '68', '14', '52', '2147483647', '1', '0.0000', '+', '0', '+', '0.00', '+');
INSERT INTO `PREFIX_DB_product_option_value` (`product_option_value_id`, `product_option_id`, `product_id`, `option_id`, `option_value_id`, `quantity`, `subtract`, `price`, `price_prefix`, `points`, `points_prefix`, `weight`, `weight_prefix`) VALUES ('42', '235', '68', '14', '54', '2147483647', '1', '700.0000', '+', '0', '+', '0.00', '+');
INSERT INTO `PREFIX_DB_product_option_value` (`product_option_value_id`, `product_option_id`, `product_id`, `option_id`, `option_value_id`, `quantity`, `subtract`, `price`, `price_prefix`, `points`, `points_prefix`, `weight`, `weight_prefix`) VALUES ('43', '235', '68', '14', '53', '2147483647', '1', '900.0000', '+', '0', '+', '0.00', '+');
INSERT INTO `PREFIX_DB_product_option_value` (`product_option_value_id`, `product_option_id`, `product_id`, `option_id`, `option_value_id`, `quantity`, `subtract`, `price`, `price_prefix`, `points`, `points_prefix`, `weight`, `weight_prefix`) VALUES ('45', '236', '67', '14', '54', '1111111', '1', '700.0000', '+', '0', '+', '0.00', '+');
INSERT INTO `PREFIX_DB_product_option_value` (`product_option_value_id`, `product_option_id`, `product_id`, `option_id`, `option_value_id`, `quantity`, `subtract`, `price`, `price_prefix`, `points`, `points_prefix`, `weight`, `weight_prefix`) VALUES ('46', '236', '67', '14', '53', '2147483647', '1', '900.0000', '+', '0', '+', '0.00', '+');
INSERT INTO `PREFIX_DB_product_option_value` (`product_option_value_id`, `product_option_id`, `product_id`, `option_id`, `option_value_id`, `quantity`, `subtract`, `price`, `price_prefix`, `points`, `points_prefix`, `weight`, `weight_prefix`) VALUES ('44', '236', '67', '14', '52', '2147483647', '1', '0.0000', '+', '0', '+', '0.00', '+');
INSERT INTO `PREFIX_DB_product_option_value` (`product_option_value_id`, `product_option_id`, `product_id`, `option_id`, `option_value_id`, `quantity`, `subtract`, `price`, `price_prefix`, `points`, `points_prefix`, `weight`, `weight_prefix`) VALUES ('48', '237', '62', '14', '54', '2147483647', '1', '700.0000', '+', '0', '+', '0.00', '+');
INSERT INTO `PREFIX_DB_product_option_value` (`product_option_value_id`, `product_option_id`, `product_id`, `option_id`, `option_value_id`, `quantity`, `subtract`, `price`, `price_prefix`, `points`, `points_prefix`, `weight`, `weight_prefix`) VALUES ('49', '237', '62', '14', '53', '1111111', '1', '900.0000', '+', '0', '+', '0.00', '+');
INSERT INTO `PREFIX_DB_product_option_value` (`product_option_value_id`, `product_option_id`, `product_id`, `option_id`, `option_value_id`, `quantity`, `subtract`, `price`, `price_prefix`, `points`, `points_prefix`, `weight`, `weight_prefix`) VALUES ('47', '237', '62', '14', '52', '2147483647', '1', '0.0000', '+', '0', '+', '0.00', '+');
INSERT INTO `PREFIX_DB_product_option_value` (`product_option_value_id`, `product_option_id`, `product_id`, `option_id`, `option_value_id`, `quantity`, `subtract`, `price`, `price_prefix`, `points`, `points_prefix`, `weight`, `weight_prefix`) VALUES ('50', '238', '61', '14', '52', '11111', '1', '0.0000', '+', '0', '+', '0.00', '+');
INSERT INTO `PREFIX_DB_product_option_value` (`product_option_value_id`, `product_option_id`, `product_id`, `option_id`, `option_value_id`, `quantity`, `subtract`, `price`, `price_prefix`, `points`, `points_prefix`, `weight`, `weight_prefix`) VALUES ('51', '238', '61', '14', '54', '2147483647', '1', '700.0000', '+', '0', '+', '0.00', '+');
INSERT INTO `PREFIX_DB_product_option_value` (`product_option_value_id`, `product_option_id`, `product_id`, `option_id`, `option_value_id`, `quantity`, `subtract`, `price`, `price_prefix`, `points`, `points_prefix`, `weight`, `weight_prefix`) VALUES ('52', '238', '61', '14', '53', '2147483647', '1', '900.0000', '+', '0', '+', '0.00', '+');
INSERT INTO `PREFIX_DB_product_option_value` (`product_option_value_id`, `product_option_id`, `product_id`, `option_id`, `option_value_id`, `quantity`, `subtract`, `price`, `price_prefix`, `points`, `points_prefix`, `weight`, `weight_prefix`) VALUES ('54', '239', '56', '14', '54', '2147483647', '1', '700.0000', '+', '0', '+', '0.00', '+');
INSERT INTO `PREFIX_DB_product_option_value` (`product_option_value_id`, `product_option_id`, `product_id`, `option_id`, `option_value_id`, `quantity`, `subtract`, `price`, `price_prefix`, `points`, `points_prefix`, `weight`, `weight_prefix`) VALUES ('55', '239', '56', '14', '53', '2147483647', '1', '900.0000', '+', '0', '+', '0.00', '+');
INSERT INTO `PREFIX_DB_product_option_value` (`product_option_value_id`, `product_option_id`, `product_id`, `option_id`, `option_value_id`, `quantity`, `subtract`, `price`, `price_prefix`, `points`, `points_prefix`, `weight`, `weight_prefix`) VALUES ('53', '239', '56', '14', '52', '11111', '1', '0.0000', '+', '0', '+', '0.00', '+');
INSERT INTO `PREFIX_DB_product_option_value` (`product_option_value_id`, `product_option_id`, `product_id`, `option_id`, `option_value_id`, `quantity`, `subtract`, `price`, `price_prefix`, `points`, `points_prefix`, `weight`, `weight_prefix`) VALUES ('57', '240', '55', '14', '54', '2147483647', '1', '700.0000', '+', '0', '+', '0.00', '+');
INSERT INTO `PREFIX_DB_product_option_value` (`product_option_value_id`, `product_option_id`, `product_id`, `option_id`, `option_value_id`, `quantity`, `subtract`, `price`, `price_prefix`, `points`, `points_prefix`, `weight`, `weight_prefix`) VALUES ('58', '240', '55', '14', '53', '2147483647', '1', '900.0000', '+', '0', '+', '0.00', '+');
INSERT INTO `PREFIX_DB_product_option_value` (`product_option_value_id`, `product_option_id`, `product_id`, `option_id`, `option_value_id`, `quantity`, `subtract`, `price`, `price_prefix`, `points`, `points_prefix`, `weight`, `weight_prefix`) VALUES ('56', '240', '55', '14', '52', '111111', '1', '0.0000', '+', '0', '+', '0.00', '+');
INSERT INTO `PREFIX_DB_product_option_value` (`product_option_value_id`, `product_option_id`, `product_id`, `option_id`, `option_value_id`, `quantity`, `subtract`, `price`, `price_prefix`, `points`, `points_prefix`, `weight`, `weight_prefix`) VALUES ('60', '241', '54', '14', '54', '2147483647', '1', '700.0000', '+', '0', '+', '0.00', '+');
INSERT INTO `PREFIX_DB_product_option_value` (`product_option_value_id`, `product_option_id`, `product_id`, `option_id`, `option_value_id`, `quantity`, `subtract`, `price`, `price_prefix`, `points`, `points_prefix`, `weight`, `weight_prefix`) VALUES ('61', '241', '54', '14', '53', '2147483647', '1', '900.0000', '+', '0', '+', '0.00', '+');
INSERT INTO `PREFIX_DB_product_option_value` (`product_option_value_id`, `product_option_id`, `product_id`, `option_id`, `option_value_id`, `quantity`, `subtract`, `price`, `price_prefix`, `points`, `points_prefix`, `weight`, `weight_prefix`) VALUES ('59', '241', '54', '14', '52', '2147483647', '1', '0.0000', '+', '0', '+', '0.00', '+');
INSERT INTO `PREFIX_DB_product_option_value` (`product_option_value_id`, `product_option_id`, `product_id`, `option_id`, `option_value_id`, `quantity`, `subtract`, `price`, `price_prefix`, `points`, `points_prefix`, `weight`, `weight_prefix`) VALUES ('63', '242', '57', '14', '54', '2147483647', '1', '700.0000', '+', '0', '+', '0.00', '+');
INSERT INTO `PREFIX_DB_product_option_value` (`product_option_value_id`, `product_option_id`, `product_id`, `option_id`, `option_value_id`, `quantity`, `subtract`, `price`, `price_prefix`, `points`, `points_prefix`, `weight`, `weight_prefix`) VALUES ('64', '242', '57', '14', '53', '111111', '1', '900.0000', '+', '0', '+', '0.00', '+');
INSERT INTO `PREFIX_DB_product_option_value` (`product_option_value_id`, `product_option_id`, `product_id`, `option_id`, `option_value_id`, `quantity`, `subtract`, `price`, `price_prefix`, `points`, `points_prefix`, `weight`, `weight_prefix`) VALUES ('62', '242', '57', '14', '52', '2147483647', '1', '0.0000', '+', '0', '+', '0.00', '+');
INSERT INTO `PREFIX_DB_product_option_value` (`product_option_value_id`, `product_option_id`, `product_id`, `option_id`, `option_value_id`, `quantity`, `subtract`, `price`, `price_prefix`, `points`, `points_prefix`, `weight`, `weight_prefix`) VALUES ('65', '243', '58', '14', '52', '2147483647', '1', '0.0000', '+', '0', '+', '0.00', '+');
INSERT INTO `PREFIX_DB_product_option_value` (`product_option_value_id`, `product_option_id`, `product_id`, `option_id`, `option_value_id`, `quantity`, `subtract`, `price`, `price_prefix`, `points`, `points_prefix`, `weight`, `weight_prefix`) VALUES ('66', '243', '58', '14', '54', '2147483647', '1', '700.0000', '+', '0', '+', '0.00', '+');
INSERT INTO `PREFIX_DB_product_option_value` (`product_option_value_id`, `product_option_id`, `product_id`, `option_id`, `option_value_id`, `quantity`, `subtract`, `price`, `price_prefix`, `points`, `points_prefix`, `weight`, `weight_prefix`) VALUES ('67', '243', '58', '14', '53', '11111111', '1', '900.0000', '+', '0', '+', '0.00', '+');
INSERT INTO `PREFIX_DB_product_option_value` (`product_option_value_id`, `product_option_id`, `product_id`, `option_id`, `option_value_id`, `quantity`, `subtract`, `price`, `price_prefix`, `points`, `points_prefix`, `weight`, `weight_prefix`) VALUES ('69', '244', '80', '14', '54', '2147483647', '1', '700.0000', '+', '0', '+', '0.00', '+');
INSERT INTO `PREFIX_DB_product_option_value` (`product_option_value_id`, `product_option_id`, `product_id`, `option_id`, `option_value_id`, `quantity`, `subtract`, `price`, `price_prefix`, `points`, `points_prefix`, `weight`, `weight_prefix`) VALUES ('70', '244', '80', '14', '53', '111111111', '1', '900.0000', '+', '0', '+', '0.00', '+');
INSERT INTO `PREFIX_DB_product_option_value` (`product_option_value_id`, `product_option_id`, `product_id`, `option_id`, `option_value_id`, `quantity`, `subtract`, `price`, `price_prefix`, `points`, `points_prefix`, `weight`, `weight_prefix`) VALUES ('68', '244', '80', '14', '52', '111111', '1', '0.0000', '+', '0', '+', '0.00', '+');
INSERT INTO `PREFIX_DB_product_option_value` (`product_option_value_id`, `product_option_id`, `product_id`, `option_id`, `option_value_id`, `quantity`, `subtract`, `price`, `price_prefix`, `points`, `points_prefix`, `weight`, `weight_prefix`) VALUES ('72', '245', '52', '14', '54', '2147483647', '1', '700.0000', '+', '0', '+', '0.00', '+');
INSERT INTO `PREFIX_DB_product_option_value` (`product_option_value_id`, `product_option_id`, `product_id`, `option_id`, `option_value_id`, `quantity`, `subtract`, `price`, `price_prefix`, `points`, `points_prefix`, `weight`, `weight_prefix`) VALUES ('73', '245', '52', '14', '53', '2147483647', '1', '900.0000', '+', '0', '+', '0.00', '+');
INSERT INTO `PREFIX_DB_product_option_value` (`product_option_value_id`, `product_option_id`, `product_id`, `option_id`, `option_value_id`, `quantity`, `subtract`, `price`, `price_prefix`, `points`, `points_prefix`, `weight`, `weight_prefix`) VALUES ('71', '245', '52', '14', '52', '111111', '1', '0.0000', '+', '0', '+', '0.00', '+');
INSERT INTO `PREFIX_DB_product_option_value` (`product_option_value_id`, `product_option_id`, `product_id`, `option_id`, `option_value_id`, `quantity`, `subtract`, `price`, `price_prefix`, `points`, `points_prefix`, `weight`, `weight_prefix`) VALUES ('75', '246', '78', '14', '54', '2147483647', '1', '700.0000', '+', '0', '+', '0.00', '+');
INSERT INTO `PREFIX_DB_product_option_value` (`product_option_value_id`, `product_option_id`, `product_id`, `option_id`, `option_value_id`, `quantity`, `subtract`, `price`, `price_prefix`, `points`, `points_prefix`, `weight`, `weight_prefix`) VALUES ('76', '246', '78', '14', '53', '2147483647', '1', '900.0000', '+', '0', '+', '0.00', '+');
INSERT INTO `PREFIX_DB_product_option_value` (`product_option_value_id`, `product_option_id`, `product_id`, `option_id`, `option_value_id`, `quantity`, `subtract`, `price`, `price_prefix`, `points`, `points_prefix`, `weight`, `weight_prefix`) VALUES ('74', '246', '78', '14', '52', '11111111', '1', '0.0000', '+', '0', '+', '0.00', '+');
INSERT INTO `PREFIX_DB_product_option_value` (`product_option_value_id`, `product_option_id`, `product_id`, `option_id`, `option_value_id`, `quantity`, `subtract`, `price`, `price_prefix`, `points`, `points_prefix`, `weight`, `weight_prefix`) VALUES ('78', '247', '79', '14', '54', '2147483647', '1', '700.0000', '+', '0', '+', '0.00', '+');
INSERT INTO `PREFIX_DB_product_option_value` (`product_option_value_id`, `product_option_id`, `product_id`, `option_id`, `option_value_id`, `quantity`, `subtract`, `price`, `price_prefix`, `points`, `points_prefix`, `weight`, `weight_prefix`) VALUES ('79', '247', '79', '14', '53', '2147483647', '1', '900.0000', '+', '0', '+', '0.00', '+');
INSERT INTO `PREFIX_DB_product_option_value` (`product_option_value_id`, `product_option_id`, `product_id`, `option_id`, `option_value_id`, `quantity`, `subtract`, `price`, `price_prefix`, `points`, `points_prefix`, `weight`, `weight_prefix`) VALUES ('77', '247', '79', '14', '52', '111111', '1', '0.0000', '+', '0', '+', '0.00', '+');
INSERT INTO `PREFIX_DB_product_option_value` (`product_option_value_id`, `product_option_id`, `product_id`, `option_id`, `option_value_id`, `quantity`, `subtract`, `price`, `price_prefix`, `points`, `points_prefix`, `weight`, `weight_prefix`) VALUES ('80', '248', '81', '14', '52', '2147483647', '1', '0.0000', '+', '0', '+', '0.00', '+');
INSERT INTO `PREFIX_DB_product_option_value` (`product_option_value_id`, `product_option_id`, `product_id`, `option_id`, `option_value_id`, `quantity`, `subtract`, `price`, `price_prefix`, `points`, `points_prefix`, `weight`, `weight_prefix`) VALUES ('81', '248', '81', '14', '54', '2147483647', '1', '700.0000', '+', '0', '+', '0.00', '+');
INSERT INTO `PREFIX_DB_product_option_value` (`product_option_value_id`, `product_option_id`, `product_id`, `option_id`, `option_value_id`, `quantity`, `subtract`, `price`, `price_prefix`, `points`, `points_prefix`, `weight`, `weight_prefix`) VALUES ('82', '248', '81', '14', '53', '2147483647', '1', '900.0000', '+', '0', '+', '0.00', '+');
INSERT INTO `PREFIX_DB_product_option_value` (`product_option_value_id`, `product_option_id`, `product_id`, `option_id`, `option_value_id`, `quantity`, `subtract`, `price`, `price_prefix`, `points`, `points_prefix`, `weight`, `weight_prefix`) VALUES ('84', '249', '59', '14', '54', '2147483647', '1', '700.0000', '+', '0', '+', '0.00', '+');
INSERT INTO `PREFIX_DB_product_option_value` (`product_option_value_id`, `product_option_id`, `product_id`, `option_id`, `option_value_id`, `quantity`, `subtract`, `price`, `price_prefix`, `points`, `points_prefix`, `weight`, `weight_prefix`) VALUES ('85', '249', '59', '14', '53', '2147483647', '1', '900.0000', '+', '0', '+', '0.00', '+');
INSERT INTO `PREFIX_DB_product_option_value` (`product_option_value_id`, `product_option_id`, `product_id`, `option_id`, `option_value_id`, `quantity`, `subtract`, `price`, `price_prefix`, `points`, `points_prefix`, `weight`, `weight_prefix`) VALUES ('83', '249', '59', '14', '52', '2147483647', '1', '0.0000', '+', '0', '+', '0.00', '+');
INSERT INTO `PREFIX_DB_product_option_value` (`product_option_value_id`, `product_option_id`, `product_id`, `option_id`, `option_value_id`, `quantity`, `subtract`, `price`, `price_prefix`, `points`, `points_prefix`, `weight`, `weight_prefix`) VALUES ('86', '250', '53', '14', '52', '111111111', '0', '0.0000', '+', '0', '+', '0.00', '+');
INSERT INTO `PREFIX_DB_product_option_value` (`product_option_value_id`, `product_option_id`, `product_id`, `option_id`, `option_value_id`, `quantity`, `subtract`, `price`, `price_prefix`, `points`, `points_prefix`, `weight`, `weight_prefix`) VALUES ('87', '250', '53', '14', '54', '2147483647', '0', '700.0000', '+', '0', '+', '0.00', '+');
INSERT INTO `PREFIX_DB_product_option_value` (`product_option_value_id`, `product_option_id`, `product_id`, `option_id`, `option_value_id`, `quantity`, `subtract`, `price`, `price_prefix`, `points`, `points_prefix`, `weight`, `weight_prefix`) VALUES ('88', '250', '53', '14', '53', '2147483647', '0', '900.0000', '+', '0', '+', '0.00', '+');
INSERT INTO `PREFIX_DB_product_option_value` (`product_option_value_id`, `product_option_id`, `product_id`, `option_id`, `option_value_id`, `quantity`, `subtract`, `price`, `price_prefix`, `points`, `points_prefix`, `weight`, `weight_prefix`) VALUES ('90', '251', '50', '14', '54', '2147483647', '1', '700.0000', '+', '0', '+', '0.00', '+');
INSERT INTO `PREFIX_DB_product_option_value` (`product_option_value_id`, `product_option_id`, `product_id`, `option_id`, `option_value_id`, `quantity`, `subtract`, `price`, `price_prefix`, `points`, `points_prefix`, `weight`, `weight_prefix`) VALUES ('91', '251', '50', '14', '53', '2147483647', '1', '900.0000', '+', '0', '+', '0.00', '+');
INSERT INTO `PREFIX_DB_product_option_value` (`product_option_value_id`, `product_option_id`, `product_id`, `option_id`, `option_value_id`, `quantity`, `subtract`, `price`, `price_prefix`, `points`, `points_prefix`, `weight`, `weight_prefix`) VALUES ('89', '251', '50', '14', '52', '77777', '1', '0.0000', '+', '0', '+', '0.00', '+');
INSERT INTO `PREFIX_DB_product_option_value` (`product_option_value_id`, `product_option_id`, `product_id`, `option_id`, `option_value_id`, `quantity`, `subtract`, `price`, `price_prefix`, `points`, `points_prefix`, `weight`, `weight_prefix`) VALUES ('93', '252', '51', '14', '54', '2147483647', '1', '700.0000', '+', '0', '+', '0.00', '+');
INSERT INTO `PREFIX_DB_product_option_value` (`product_option_value_id`, `product_option_id`, `product_id`, `option_id`, `option_value_id`, `quantity`, `subtract`, `price`, `price_prefix`, `points`, `points_prefix`, `weight`, `weight_prefix`) VALUES ('94', '252', '51', '14', '53', '111111111', '1', '900.0000', '+', '0', '+', '0.00', '+');
INSERT INTO `PREFIX_DB_product_option_value` (`product_option_value_id`, `product_option_id`, `product_id`, `option_id`, `option_value_id`, `quantity`, `subtract`, `price`, `price_prefix`, `points`, `points_prefix`, `weight`, `weight_prefix`) VALUES ('92', '252', '51', '14', '52', '2147483647', '1', '0.0000', '+', '0', '+', '0.00', '+');
INSERT INTO `PREFIX_DB_product_option_value` (`product_option_value_id`, `product_option_id`, `product_id`, `option_id`, `option_value_id`, `quantity`, `subtract`, `price`, `price_prefix`, `points`, `points_prefix`, `weight`, `weight_prefix`) VALUES ('96', '253', '82', '14', '54', '2147483647', '1', '700.0000', '+', '0', '+', '0.00', '+');
INSERT INTO `PREFIX_DB_product_option_value` (`product_option_value_id`, `product_option_id`, `product_id`, `option_id`, `option_value_id`, `quantity`, `subtract`, `price`, `price_prefix`, `points`, `points_prefix`, `weight`, `weight_prefix`) VALUES ('97', '253', '82', '14', '53', '2147483647', '1', '900.0000', '+', '0', '+', '0.00', '+');
INSERT INTO `PREFIX_DB_product_option_value` (`product_option_value_id`, `product_option_id`, `product_id`, `option_id`, `option_value_id`, `quantity`, `subtract`, `price`, `price_prefix`, `points`, `points_prefix`, `weight`, `weight_prefix`) VALUES ('95', '253', '82', '14', '52', '77777', '1', '0.0000', '+', '0', '+', '0.00', '+');
INSERT INTO `PREFIX_DB_product_option_value` (`product_option_value_id`, `product_option_id`, `product_id`, `option_id`, `option_value_id`, `quantity`, `subtract`, `price`, `price_prefix`, `points`, `points_prefix`, `weight`, `weight_prefix`) VALUES ('99', '254', '60', '14', '54', '2147483647', '1', '700.0000', '+', '0', '+', '0.00', '+');
INSERT INTO `PREFIX_DB_product_option_value` (`product_option_value_id`, `product_option_id`, `product_id`, `option_id`, `option_value_id`, `quantity`, `subtract`, `price`, `price_prefix`, `points`, `points_prefix`, `weight`, `weight_prefix`) VALUES ('100', '254', '60', '14', '53', '2147483647', '1', '900.0000', '+', '0', '+', '0.00', '+');
INSERT INTO `PREFIX_DB_product_option_value` (`product_option_value_id`, `product_option_id`, `product_id`, `option_id`, `option_value_id`, `quantity`, `subtract`, `price`, `price_prefix`, `points`, `points_prefix`, `weight`, `weight_prefix`) VALUES ('98', '254', '60', '14', '52', '77777', '1', '0.0000', '+', '0', '+', '0.00', '+');
INSERT INTO `PREFIX_DB_product_option_value` (`product_option_value_id`, `product_option_id`, `product_id`, `option_id`, `option_value_id`, `quantity`, `subtract`, `price`, `price_prefix`, `points`, `points_prefix`, `weight`, `weight_prefix`) VALUES ('101', '255', '63', '14', '52', '2147483647', '1', '0.0000', '+', '0', '+', '0.00', '+');
INSERT INTO `PREFIX_DB_product_option_value` (`product_option_value_id`, `product_option_id`, `product_id`, `option_id`, `option_value_id`, `quantity`, `subtract`, `price`, `price_prefix`, `points`, `points_prefix`, `weight`, `weight_prefix`) VALUES ('102', '255', '63', '14', '54', '2147483647', '1', '700.0000', '+', '0', '+', '0.00', '+');
INSERT INTO `PREFIX_DB_product_option_value` (`product_option_value_id`, `product_option_id`, `product_id`, `option_id`, `option_value_id`, `quantity`, `subtract`, `price`, `price_prefix`, `points`, `points_prefix`, `weight`, `weight_prefix`) VALUES ('103', '255', '63', '14', '53', '999999999', '1', '900.0000', '+', '0', '+', '0.00', '+');
INSERT INTO `PREFIX_DB_product_option_value` (`product_option_value_id`, `product_option_id`, `product_id`, `option_id`, `option_value_id`, `quantity`, `subtract`, `price`, `price_prefix`, `points`, `points_prefix`, `weight`, `weight_prefix`) VALUES ('104', '256', '65', '14', '52', '11111111', '1', '0.0000', '+', '0', '+', '0.00', '+');
INSERT INTO `PREFIX_DB_product_option_value` (`product_option_value_id`, `product_option_id`, `product_id`, `option_id`, `option_value_id`, `quantity`, `subtract`, `price`, `price_prefix`, `points`, `points_prefix`, `weight`, `weight_prefix`) VALUES ('105', '256', '65', '14', '54', '2147483647', '1', '700.0000', '+', '0', '+', '0.00', '+');
INSERT INTO `PREFIX_DB_product_option_value` (`product_option_value_id`, `product_option_id`, `product_id`, `option_id`, `option_value_id`, `quantity`, `subtract`, `price`, `price_prefix`, `points`, `points_prefix`, `weight`, `weight_prefix`) VALUES ('106', '256', '65', '14', '53', '2147483647', '1', '900.0000', '+', '0', '+', '0.00', '+');

TRUNCATE TABLE `PREFIX_DB_product_related`;

INSERT INTO `PREFIX_DB_product_related` (`product_id`, `related_id`) VALUES ('50', '51');
INSERT INTO `PREFIX_DB_product_related` (`product_id`, `related_id`) VALUES ('50', '52');
INSERT INTO `PREFIX_DB_product_related` (`product_id`, `related_id`) VALUES ('50', '53');
INSERT INTO `PREFIX_DB_product_related` (`product_id`, `related_id`) VALUES ('50', '58');
INSERT INTO `PREFIX_DB_product_related` (`product_id`, `related_id`) VALUES ('50', '59');
INSERT INTO `PREFIX_DB_product_related` (`product_id`, `related_id`) VALUES ('50', '60');
INSERT INTO `PREFIX_DB_product_related` (`product_id`, `related_id`) VALUES ('51', '50');
INSERT INTO `PREFIX_DB_product_related` (`product_id`, `related_id`) VALUES ('51', '52');
INSERT INTO `PREFIX_DB_product_related` (`product_id`, `related_id`) VALUES ('51', '53');
INSERT INTO `PREFIX_DB_product_related` (`product_id`, `related_id`) VALUES ('51', '58');
INSERT INTO `PREFIX_DB_product_related` (`product_id`, `related_id`) VALUES ('51', '59');
INSERT INTO `PREFIX_DB_product_related` (`product_id`, `related_id`) VALUES ('51', '60');
INSERT INTO `PREFIX_DB_product_related` (`product_id`, `related_id`) VALUES ('52', '50');
INSERT INTO `PREFIX_DB_product_related` (`product_id`, `related_id`) VALUES ('52', '51');
INSERT INTO `PREFIX_DB_product_related` (`product_id`, `related_id`) VALUES ('52', '53');
INSERT INTO `PREFIX_DB_product_related` (`product_id`, `related_id`) VALUES ('52', '58');
INSERT INTO `PREFIX_DB_product_related` (`product_id`, `related_id`) VALUES ('52', '59');
INSERT INTO `PREFIX_DB_product_related` (`product_id`, `related_id`) VALUES ('52', '80');
INSERT INTO `PREFIX_DB_product_related` (`product_id`, `related_id`) VALUES ('53', '50');
INSERT INTO `PREFIX_DB_product_related` (`product_id`, `related_id`) VALUES ('53', '51');
INSERT INTO `PREFIX_DB_product_related` (`product_id`, `related_id`) VALUES ('53', '52');
INSERT INTO `PREFIX_DB_product_related` (`product_id`, `related_id`) VALUES ('53', '58');
INSERT INTO `PREFIX_DB_product_related` (`product_id`, `related_id`) VALUES ('53', '59');
INSERT INTO `PREFIX_DB_product_related` (`product_id`, `related_id`) VALUES ('53', '60');
INSERT INTO `PREFIX_DB_product_related` (`product_id`, `related_id`) VALUES ('54', '55');
INSERT INTO `PREFIX_DB_product_related` (`product_id`, `related_id`) VALUES ('54', '56');
INSERT INTO `PREFIX_DB_product_related` (`product_id`, `related_id`) VALUES ('54', '57');
INSERT INTO `PREFIX_DB_product_related` (`product_id`, `related_id`) VALUES ('54', '80');
INSERT INTO `PREFIX_DB_product_related` (`product_id`, `related_id`) VALUES ('55', '54');
INSERT INTO `PREFIX_DB_product_related` (`product_id`, `related_id`) VALUES ('55', '56');
INSERT INTO `PREFIX_DB_product_related` (`product_id`, `related_id`) VALUES ('55', '57');
INSERT INTO `PREFIX_DB_product_related` (`product_id`, `related_id`) VALUES ('55', '80');
INSERT INTO `PREFIX_DB_product_related` (`product_id`, `related_id`) VALUES ('56', '54');
INSERT INTO `PREFIX_DB_product_related` (`product_id`, `related_id`) VALUES ('56', '55');
INSERT INTO `PREFIX_DB_product_related` (`product_id`, `related_id`) VALUES ('56', '57');
INSERT INTO `PREFIX_DB_product_related` (`product_id`, `related_id`) VALUES ('57', '54');
INSERT INTO `PREFIX_DB_product_related` (`product_id`, `related_id`) VALUES ('57', '55');
INSERT INTO `PREFIX_DB_product_related` (`product_id`, `related_id`) VALUES ('57', '56');
INSERT INTO `PREFIX_DB_product_related` (`product_id`, `related_id`) VALUES ('57', '57');
INSERT INTO `PREFIX_DB_product_related` (`product_id`, `related_id`) VALUES ('58', '50');
INSERT INTO `PREFIX_DB_product_related` (`product_id`, `related_id`) VALUES ('58', '51');
INSERT INTO `PREFIX_DB_product_related` (`product_id`, `related_id`) VALUES ('58', '52');
INSERT INTO `PREFIX_DB_product_related` (`product_id`, `related_id`) VALUES ('58', '53');
INSERT INTO `PREFIX_DB_product_related` (`product_id`, `related_id`) VALUES ('58', '63');
INSERT INTO `PREFIX_DB_product_related` (`product_id`, `related_id`) VALUES ('58', '65');
INSERT INTO `PREFIX_DB_product_related` (`product_id`, `related_id`) VALUES ('59', '50');
INSERT INTO `PREFIX_DB_product_related` (`product_id`, `related_id`) VALUES ('59', '51');
INSERT INTO `PREFIX_DB_product_related` (`product_id`, `related_id`) VALUES ('59', '52');
INSERT INTO `PREFIX_DB_product_related` (`product_id`, `related_id`) VALUES ('59', '53');
INSERT INTO `PREFIX_DB_product_related` (`product_id`, `related_id`) VALUES ('59', '60');
INSERT INTO `PREFIX_DB_product_related` (`product_id`, `related_id`) VALUES ('60', '50');
INSERT INTO `PREFIX_DB_product_related` (`product_id`, `related_id`) VALUES ('60', '51');
INSERT INTO `PREFIX_DB_product_related` (`product_id`, `related_id`) VALUES ('60', '53');
INSERT INTO `PREFIX_DB_product_related` (`product_id`, `related_id`) VALUES ('60', '59');
INSERT INTO `PREFIX_DB_product_related` (`product_id`, `related_id`) VALUES ('61', '62');
INSERT INTO `PREFIX_DB_product_related` (`product_id`, `related_id`) VALUES ('61', '66');
INSERT INTO `PREFIX_DB_product_related` (`product_id`, `related_id`) VALUES ('61', '67');
INSERT INTO `PREFIX_DB_product_related` (`product_id`, `related_id`) VALUES ('61', '68');
INSERT INTO `PREFIX_DB_product_related` (`product_id`, `related_id`) VALUES ('61', '69');
INSERT INTO `PREFIX_DB_product_related` (`product_id`, `related_id`) VALUES ('61', '70');
INSERT INTO `PREFIX_DB_product_related` (`product_id`, `related_id`) VALUES ('62', '61');
INSERT INTO `PREFIX_DB_product_related` (`product_id`, `related_id`) VALUES ('62', '65');
INSERT INTO `PREFIX_DB_product_related` (`product_id`, `related_id`) VALUES ('62', '67');
INSERT INTO `PREFIX_DB_product_related` (`product_id`, `related_id`) VALUES ('62', '68');
INSERT INTO `PREFIX_DB_product_related` (`product_id`, `related_id`) VALUES ('62', '69');
INSERT INTO `PREFIX_DB_product_related` (`product_id`, `related_id`) VALUES ('63', '58');
INSERT INTO `PREFIX_DB_product_related` (`product_id`, `related_id`) VALUES ('63', '64');
INSERT INTO `PREFIX_DB_product_related` (`product_id`, `related_id`) VALUES ('63', '65');
INSERT INTO `PREFIX_DB_product_related` (`product_id`, `related_id`) VALUES ('63', '67');
INSERT INTO `PREFIX_DB_product_related` (`product_id`, `related_id`) VALUES ('63', '68');
INSERT INTO `PREFIX_DB_product_related` (`product_id`, `related_id`) VALUES ('64', '63');
INSERT INTO `PREFIX_DB_product_related` (`product_id`, `related_id`) VALUES ('64', '65');
INSERT INTO `PREFIX_DB_product_related` (`product_id`, `related_id`) VALUES ('64', '66');
INSERT INTO `PREFIX_DB_product_related` (`product_id`, `related_id`) VALUES ('64', '68');
INSERT INTO `PREFIX_DB_product_related` (`product_id`, `related_id`) VALUES ('64', '69');
INSERT INTO `PREFIX_DB_product_related` (`product_id`, `related_id`) VALUES ('65', '58');
INSERT INTO `PREFIX_DB_product_related` (`product_id`, `related_id`) VALUES ('65', '62');
INSERT INTO `PREFIX_DB_product_related` (`product_id`, `related_id`) VALUES ('65', '63');
INSERT INTO `PREFIX_DB_product_related` (`product_id`, `related_id`) VALUES ('65', '64');
INSERT INTO `PREFIX_DB_product_related` (`product_id`, `related_id`) VALUES ('65', '66');
INSERT INTO `PREFIX_DB_product_related` (`product_id`, `related_id`) VALUES ('65', '67');
INSERT INTO `PREFIX_DB_product_related` (`product_id`, `related_id`) VALUES ('65', '70');
INSERT INTO `PREFIX_DB_product_related` (`product_id`, `related_id`) VALUES ('66', '61');
INSERT INTO `PREFIX_DB_product_related` (`product_id`, `related_id`) VALUES ('66', '64');
INSERT INTO `PREFIX_DB_product_related` (`product_id`, `related_id`) VALUES ('66', '65');
INSERT INTO `PREFIX_DB_product_related` (`product_id`, `related_id`) VALUES ('66', '68');
INSERT INTO `PREFIX_DB_product_related` (`product_id`, `related_id`) VALUES ('66', '69');
INSERT INTO `PREFIX_DB_product_related` (`product_id`, `related_id`) VALUES ('66', '70');
INSERT INTO `PREFIX_DB_product_related` (`product_id`, `related_id`) VALUES ('67', '61');
INSERT INTO `PREFIX_DB_product_related` (`product_id`, `related_id`) VALUES ('67', '62');
INSERT INTO `PREFIX_DB_product_related` (`product_id`, `related_id`) VALUES ('67', '63');
INSERT INTO `PREFIX_DB_product_related` (`product_id`, `related_id`) VALUES ('67', '65');
INSERT INTO `PREFIX_DB_product_related` (`product_id`, `related_id`) VALUES ('67', '68');
INSERT INTO `PREFIX_DB_product_related` (`product_id`, `related_id`) VALUES ('67', '69');
INSERT INTO `PREFIX_DB_product_related` (`product_id`, `related_id`) VALUES ('68', '61');
INSERT INTO `PREFIX_DB_product_related` (`product_id`, `related_id`) VALUES ('68', '62');
INSERT INTO `PREFIX_DB_product_related` (`product_id`, `related_id`) VALUES ('68', '63');
INSERT INTO `PREFIX_DB_product_related` (`product_id`, `related_id`) VALUES ('68', '64');
INSERT INTO `PREFIX_DB_product_related` (`product_id`, `related_id`) VALUES ('68', '66');
INSERT INTO `PREFIX_DB_product_related` (`product_id`, `related_id`) VALUES ('68', '67');
INSERT INTO `PREFIX_DB_product_related` (`product_id`, `related_id`) VALUES ('68', '70');
INSERT INTO `PREFIX_DB_product_related` (`product_id`, `related_id`) VALUES ('69', '61');
INSERT INTO `PREFIX_DB_product_related` (`product_id`, `related_id`) VALUES ('69', '62');
INSERT INTO `PREFIX_DB_product_related` (`product_id`, `related_id`) VALUES ('69', '64');
INSERT INTO `PREFIX_DB_product_related` (`product_id`, `related_id`) VALUES ('69', '66');
INSERT INTO `PREFIX_DB_product_related` (`product_id`, `related_id`) VALUES ('69', '67');
INSERT INTO `PREFIX_DB_product_related` (`product_id`, `related_id`) VALUES ('69', '70');
INSERT INTO `PREFIX_DB_product_related` (`product_id`, `related_id`) VALUES ('70', '61');
INSERT INTO `PREFIX_DB_product_related` (`product_id`, `related_id`) VALUES ('70', '65');
INSERT INTO `PREFIX_DB_product_related` (`product_id`, `related_id`) VALUES ('70', '66');
INSERT INTO `PREFIX_DB_product_related` (`product_id`, `related_id`) VALUES ('70', '68');
INSERT INTO `PREFIX_DB_product_related` (`product_id`, `related_id`) VALUES ('70', '69');
INSERT INTO `PREFIX_DB_product_related` (`product_id`, `related_id`) VALUES ('72', '73');
INSERT INTO `PREFIX_DB_product_related` (`product_id`, `related_id`) VALUES ('72', '74');
INSERT INTO `PREFIX_DB_product_related` (`product_id`, `related_id`) VALUES ('72', '78');
INSERT INTO `PREFIX_DB_product_related` (`product_id`, `related_id`) VALUES ('72', '79');
INSERT INTO `PREFIX_DB_product_related` (`product_id`, `related_id`) VALUES ('72', '81');
INSERT INTO `PREFIX_DB_product_related` (`product_id`, `related_id`) VALUES ('72', '82');
INSERT INTO `PREFIX_DB_product_related` (`product_id`, `related_id`) VALUES ('73', '72');
INSERT INTO `PREFIX_DB_product_related` (`product_id`, `related_id`) VALUES ('73', '74');
INSERT INTO `PREFIX_DB_product_related` (`product_id`, `related_id`) VALUES ('73', '78');
INSERT INTO `PREFIX_DB_product_related` (`product_id`, `related_id`) VALUES ('73', '79');
INSERT INTO `PREFIX_DB_product_related` (`product_id`, `related_id`) VALUES ('73', '81');
INSERT INTO `PREFIX_DB_product_related` (`product_id`, `related_id`) VALUES ('73', '82');
INSERT INTO `PREFIX_DB_product_related` (`product_id`, `related_id`) VALUES ('74', '72');
INSERT INTO `PREFIX_DB_product_related` (`product_id`, `related_id`) VALUES ('74', '73');
INSERT INTO `PREFIX_DB_product_related` (`product_id`, `related_id`) VALUES ('74', '78');
INSERT INTO `PREFIX_DB_product_related` (`product_id`, `related_id`) VALUES ('74', '79');
INSERT INTO `PREFIX_DB_product_related` (`product_id`, `related_id`) VALUES ('74', '81');
INSERT INTO `PREFIX_DB_product_related` (`product_id`, `related_id`) VALUES ('74', '82');
INSERT INTO `PREFIX_DB_product_related` (`product_id`, `related_id`) VALUES ('78', '72');
INSERT INTO `PREFIX_DB_product_related` (`product_id`, `related_id`) VALUES ('78', '73');
INSERT INTO `PREFIX_DB_product_related` (`product_id`, `related_id`) VALUES ('78', '74');
INSERT INTO `PREFIX_DB_product_related` (`product_id`, `related_id`) VALUES ('78', '80');
INSERT INTO `PREFIX_DB_product_related` (`product_id`, `related_id`) VALUES ('79', '72');
INSERT INTO `PREFIX_DB_product_related` (`product_id`, `related_id`) VALUES ('79', '73');
INSERT INTO `PREFIX_DB_product_related` (`product_id`, `related_id`) VALUES ('79', '74');
INSERT INTO `PREFIX_DB_product_related` (`product_id`, `related_id`) VALUES ('80', '52');
INSERT INTO `PREFIX_DB_product_related` (`product_id`, `related_id`) VALUES ('80', '54');
INSERT INTO `PREFIX_DB_product_related` (`product_id`, `related_id`) VALUES ('80', '55');
INSERT INTO `PREFIX_DB_product_related` (`product_id`, `related_id`) VALUES ('80', '78');
INSERT INTO `PREFIX_DB_product_related` (`product_id`, `related_id`) VALUES ('81', '72');
INSERT INTO `PREFIX_DB_product_related` (`product_id`, `related_id`) VALUES ('81', '73');
INSERT INTO `PREFIX_DB_product_related` (`product_id`, `related_id`) VALUES ('81', '74');
INSERT INTO `PREFIX_DB_product_related` (`product_id`, `related_id`) VALUES ('82', '72');
INSERT INTO `PREFIX_DB_product_related` (`product_id`, `related_id`) VALUES ('82', '73');
INSERT INTO `PREFIX_DB_product_related` (`product_id`, `related_id`) VALUES ('82', '74');


TRUNCATE TABLE `PREFIX_DB_product_special`;

INSERT INTO `PREFIX_DB_product_special` (`product_special_id`, `product_id`, `customer_group_id`, `priority`, `price`, `date_start`, `date_end`) VALUES ('475', '82', '1', '0', '19000.0000', '2017-02-08', '2017-08-17');
INSERT INTO `PREFIX_DB_product_special` (`product_special_id`, `product_id`, `customer_group_id`, `priority`, `price`, `date_start`, `date_end`) VALUES ('483', '59', '1', '0', '1320.0000', '0000-00-00', '2017-09-07');
INSERT INTO `PREFIX_DB_product_special` (`product_special_id`, `product_id`, `customer_group_id`, `priority`, `price`, `date_start`, `date_end`) VALUES ('498', '56', '1', '0', '3000000.0000', '0000-00-00', '2017-05-04');
INSERT INTO `PREFIX_DB_product_special` (`product_special_id`, `product_id`, `customer_group_id`, `priority`, `price`, `date_start`, `date_end`) VALUES ('489', '72', '1', '0', '14700.0000', '0000-00-00', '2017-07-07');
INSERT INTO `PREFIX_DB_product_special` (`product_special_id`, `product_id`, `customer_group_id`, `priority`, `price`, `date_start`, `date_end`) VALUES ('495', '67', '1', '0', '92600.0000', '0000-00-00', '2017-08-19');
INSERT INTO `PREFIX_DB_product_special` (`product_special_id`, `product_id`, `customer_group_id`, `priority`, `price`, `date_start`, `date_end`) VALUES ('497', '50', '1', '0', '58000.0000', '0000-00-00', '2017-07-06');
INSERT INTO `PREFIX_DB_product_special` (`product_special_id`, `product_id`, `customer_group_id`, `priority`, `price`, `date_start`, `date_end`) VALUES ('479', '73', '1', '0', '29400.0000', '0000-00-00', '2017-08-17');
INSERT INTO `PREFIX_DB_product_special` (`product_special_id`, `product_id`, `customer_group_id`, `priority`, `price`, `date_start`, `date_end`) VALUES ('496', '57', '1', '0', '80300.0000', '0000-00-00', '2017-07-07');





TRUNCATE TABLE `PREFIX_DB_product_to_category`;

INSERT INTO `PREFIX_DB_product_to_category` (`product_id`, `category_id`, `main_category`) VALUES ('57', '92', '0');
INSERT INTO `PREFIX_DB_product_to_category` (`product_id`, `category_id`, `main_category`) VALUES ('57', '93', '0');
INSERT INTO `PREFIX_DB_product_to_category` (`product_id`, `category_id`, `main_category`) VALUES ('57', '98', '0');
INSERT INTO `PREFIX_DB_product_to_category` (`product_id`, `category_id`, `main_category`) VALUES ('57', '88', '0');
INSERT INTO `PREFIX_DB_product_to_category` (`product_id`, `category_id`, `main_category`) VALUES ('57', '99', '0');
INSERT INTO `PREFIX_DB_product_to_category` (`product_id`, `category_id`, `main_category`) VALUES ('57', '80', '0');
INSERT INTO `PREFIX_DB_product_to_category` (`product_id`, `category_id`, `main_category`) VALUES ('57', '89', '0');
INSERT INTO `PREFIX_DB_product_to_category` (`product_id`, `category_id`, `main_category`) VALUES ('50', '80', '1');
INSERT INTO `PREFIX_DB_product_to_category` (`product_id`, `category_id`, `main_category`) VALUES ('50', '62', '0');
INSERT INTO `PREFIX_DB_product_to_category` (`product_id`, `category_id`, `main_category`) VALUES ('50', '68', '0');
INSERT INTO `PREFIX_DB_product_to_category` (`product_id`, `category_id`, `main_category`) VALUES ('50', '69', '0');
INSERT INTO `PREFIX_DB_product_to_category` (`product_id`, `category_id`, `main_category`) VALUES ('50', '61', '0');
INSERT INTO `PREFIX_DB_product_to_category` (`product_id`, `category_id`, `main_category`) VALUES ('50', '95', '0');
INSERT INTO `PREFIX_DB_product_to_category` (`product_id`, `category_id`, `main_category`) VALUES ('50', '26', '0');
INSERT INTO `PREFIX_DB_product_to_category` (`product_id`, `category_id`, `main_category`) VALUES ('50', '67', '0');
INSERT INTO `PREFIX_DB_product_to_category` (`product_id`, `category_id`, `main_category`) VALUES ('50', '76', '0');
INSERT INTO `PREFIX_DB_product_to_category` (`product_id`, `category_id`, `main_category`) VALUES ('50', '70', '0');
INSERT INTO `PREFIX_DB_product_to_category` (`product_id`, `category_id`, `main_category`) VALUES ('50', '59', '0');
INSERT INTO `PREFIX_DB_product_to_category` (`product_id`, `category_id`, `main_category`) VALUES ('50', '60', '0');
INSERT INTO `PREFIX_DB_product_to_category` (`product_id`, `category_id`, `main_category`) VALUES ('50', '90', '0');
INSERT INTO `PREFIX_DB_product_to_category` (`product_id`, `category_id`, `main_category`) VALUES ('50', '75', '0');
INSERT INTO `PREFIX_DB_product_to_category` (`product_id`, `category_id`, `main_category`) VALUES ('50', '77', '0');
INSERT INTO `PREFIX_DB_product_to_category` (`product_id`, `category_id`, `main_category`) VALUES ('50', '71', '0');
INSERT INTO `PREFIX_DB_product_to_category` (`product_id`, `category_id`, `main_category`) VALUES ('50', '82', '0');
INSERT INTO `PREFIX_DB_product_to_category` (`product_id`, `category_id`, `main_category`) VALUES ('50', '84', '0');
INSERT INTO `PREFIX_DB_product_to_category` (`product_id`, `category_id`, `main_category`) VALUES ('50', '78', '0');
INSERT INTO `PREFIX_DB_product_to_category` (`product_id`, `category_id`, `main_category`) VALUES ('50', '74', '0');
INSERT INTO `PREFIX_DB_product_to_category` (`product_id`, `category_id`, `main_category`) VALUES ('50', '63', '0');
INSERT INTO `PREFIX_DB_product_to_category` (`product_id`, `category_id`, `main_category`) VALUES ('50', '81', '0');
INSERT INTO `PREFIX_DB_product_to_category` (`product_id`, `category_id`, `main_category`) VALUES ('50', '72', '0');
INSERT INTO `PREFIX_DB_product_to_category` (`product_id`, `category_id`, `main_category`) VALUES ('50', '83', '0');
INSERT INTO `PREFIX_DB_product_to_category` (`product_id`, `category_id`, `main_category`) VALUES ('50', '73', '0');
INSERT INTO `PREFIX_DB_product_to_category` (`product_id`, `category_id`, `main_category`) VALUES ('50', '85', '0');
INSERT INTO `PREFIX_DB_product_to_category` (`product_id`, `category_id`, `main_category`) VALUES ('50', '96', '0');
INSERT INTO `PREFIX_DB_product_to_category` (`product_id`, `category_id`, `main_category`) VALUES ('50', '88', '0');
INSERT INTO `PREFIX_DB_product_to_category` (`product_id`, `category_id`, `main_category`) VALUES ('50', '20', '0');
INSERT INTO `PREFIX_DB_product_to_category` (`product_id`, `category_id`, `main_category`) VALUES ('50', '100', '0');
INSERT INTO `PREFIX_DB_product_to_category` (`product_id`, `category_id`, `main_category`) VALUES ('50', '94', '0');
INSERT INTO `PREFIX_DB_product_to_category` (`product_id`, `category_id`, `main_category`) VALUES ('50', '92', '0');
INSERT INTO `PREFIX_DB_product_to_category` (`product_id`, `category_id`, `main_category`) VALUES ('50', '101', '0');
INSERT INTO `PREFIX_DB_product_to_category` (`product_id`, `category_id`, `main_category`) VALUES ('50', '99', '0');
INSERT INTO `PREFIX_DB_product_to_category` (`product_id`, `category_id`, `main_category`) VALUES ('50', '87', '0');
INSERT INTO `PREFIX_DB_product_to_category` (`product_id`, `category_id`, `main_category`) VALUES ('50', '93', '0');
INSERT INTO `PREFIX_DB_product_to_category` (`product_id`, `category_id`, `main_category`) VALUES ('50', '97', '0');
INSERT INTO `PREFIX_DB_product_to_category` (`product_id`, `category_id`, `main_category`) VALUES ('50', '91', '0');
INSERT INTO `PREFIX_DB_product_to_category` (`product_id`, `category_id`, `main_category`) VALUES ('50', '98', '0');
INSERT INTO `PREFIX_DB_product_to_category` (`product_id`, `category_id`, `main_category`) VALUES ('50', '89', '0');
INSERT INTO `PREFIX_DB_product_to_category` (`product_id`, `category_id`, `main_category`) VALUES ('50', '79', '0');
INSERT INTO `PREFIX_DB_product_to_category` (`product_id`, `category_id`, `main_category`) VALUES ('51', '75', '0');
INSERT INTO `PREFIX_DB_product_to_category` (`product_id`, `category_id`, `main_category`) VALUES ('51', '93', '0');
INSERT INTO `PREFIX_DB_product_to_category` (`product_id`, `category_id`, `main_category`) VALUES ('51', '94', '0');
INSERT INTO `PREFIX_DB_product_to_category` (`product_id`, `category_id`, `main_category`) VALUES ('51', '99', '0');
INSERT INTO `PREFIX_DB_product_to_category` (`product_id`, `category_id`, `main_category`) VALUES ('51', '92', '0');
INSERT INTO `PREFIX_DB_product_to_category` (`product_id`, `category_id`, `main_category`) VALUES ('51', '87', '0');
INSERT INTO `PREFIX_DB_product_to_category` (`product_id`, `category_id`, `main_category`) VALUES ('51', '20', '0');
INSERT INTO `PREFIX_DB_product_to_category` (`product_id`, `category_id`, `main_category`) VALUES ('51', '91', '0');
INSERT INTO `PREFIX_DB_product_to_category` (`product_id`, `category_id`, `main_category`) VALUES ('51', '100', '0');
INSERT INTO `PREFIX_DB_product_to_category` (`product_id`, `category_id`, `main_category`) VALUES ('51', '98', '0');
INSERT INTO `PREFIX_DB_product_to_category` (`product_id`, `category_id`, `main_category`) VALUES ('51', '88', '0');
INSERT INTO `PREFIX_DB_product_to_category` (`product_id`, `category_id`, `main_category`) VALUES ('51', '96', '0');
INSERT INTO `PREFIX_DB_product_to_category` (`product_id`, `category_id`, `main_category`) VALUES ('51', '101', '0');
INSERT INTO `PREFIX_DB_product_to_category` (`product_id`, `category_id`, `main_category`) VALUES ('51', '97', '0');
INSERT INTO `PREFIX_DB_product_to_category` (`product_id`, `category_id`, `main_category`) VALUES ('51', '95', '0');
INSERT INTO `PREFIX_DB_product_to_category` (`product_id`, `category_id`, `main_category`) VALUES ('51', '78', '0');
INSERT INTO `PREFIX_DB_product_to_category` (`product_id`, `category_id`, `main_category`) VALUES ('51', '85', '0');
INSERT INTO `PREFIX_DB_product_to_category` (`product_id`, `category_id`, `main_category`) VALUES ('51', '77', '0');
INSERT INTO `PREFIX_DB_product_to_category` (`product_id`, `category_id`, `main_category`) VALUES ('51', '72', '0');
INSERT INTO `PREFIX_DB_product_to_category` (`product_id`, `category_id`, `main_category`) VALUES ('51', '84', '0');
INSERT INTO `PREFIX_DB_product_to_category` (`product_id`, `category_id`, `main_category`) VALUES ('51', '71', '0');
INSERT INTO `PREFIX_DB_product_to_category` (`product_id`, `category_id`, `main_category`) VALUES ('51', '76', '0');
INSERT INTO `PREFIX_DB_product_to_category` (`product_id`, `category_id`, `main_category`) VALUES ('51', '83', '0');
INSERT INTO `PREFIX_DB_product_to_category` (`product_id`, `category_id`, `main_category`) VALUES ('51', '73', '0');
INSERT INTO `PREFIX_DB_product_to_category` (`product_id`, `category_id`, `main_category`) VALUES ('51', '63', '0');
INSERT INTO `PREFIX_DB_product_to_category` (`product_id`, `category_id`, `main_category`) VALUES ('51', '74', '0');
INSERT INTO `PREFIX_DB_product_to_category` (`product_id`, `category_id`, `main_category`) VALUES ('51', '81', '0');
INSERT INTO `PREFIX_DB_product_to_category` (`product_id`, `category_id`, `main_category`) VALUES ('51', '82', '0');
INSERT INTO `PREFIX_DB_product_to_category` (`product_id`, `category_id`, `main_category`) VALUES ('51', '89', '0');
INSERT INTO `PREFIX_DB_product_to_category` (`product_id`, `category_id`, `main_category`) VALUES ('51', '60', '0');
INSERT INTO `PREFIX_DB_product_to_category` (`product_id`, `category_id`, `main_category`) VALUES ('51', '68', '0');
INSERT INTO `PREFIX_DB_product_to_category` (`product_id`, `category_id`, `main_category`) VALUES ('51', '67', '0');
INSERT INTO `PREFIX_DB_product_to_category` (`product_id`, `category_id`, `main_category`) VALUES ('51', '80', '0');
INSERT INTO `PREFIX_DB_product_to_category` (`product_id`, `category_id`, `main_category`) VALUES ('51', '62', '0');
INSERT INTO `PREFIX_DB_product_to_category` (`product_id`, `category_id`, `main_category`) VALUES ('51', '59', '0');
INSERT INTO `PREFIX_DB_product_to_category` (`product_id`, `category_id`, `main_category`) VALUES ('51', '90', '0');
INSERT INTO `PREFIX_DB_product_to_category` (`product_id`, `category_id`, `main_category`) VALUES ('51', '70', '0');
INSERT INTO `PREFIX_DB_product_to_category` (`product_id`, `category_id`, `main_category`) VALUES ('51', '26', '0');
INSERT INTO `PREFIX_DB_product_to_category` (`product_id`, `category_id`, `main_category`) VALUES ('51', '69', '0');
INSERT INTO `PREFIX_DB_product_to_category` (`product_id`, `category_id`, `main_category`) VALUES ('51', '61', '0');
INSERT INTO `PREFIX_DB_product_to_category` (`product_id`, `category_id`, `main_category`) VALUES ('51', '79', '1');
INSERT INTO `PREFIX_DB_product_to_category` (`product_id`, `category_id`, `main_category`) VALUES ('52', '74', '0');
INSERT INTO `PREFIX_DB_product_to_category` (`product_id`, `category_id`, `main_category`) VALUES ('52', '100', '0');
INSERT INTO `PREFIX_DB_product_to_category` (`product_id`, `category_id`, `main_category`) VALUES ('52', '94', '0');
INSERT INTO `PREFIX_DB_product_to_category` (`product_id`, `category_id`, `main_category`) VALUES ('52', '91', '0');
INSERT INTO `PREFIX_DB_product_to_category` (`product_id`, `category_id`, `main_category`) VALUES ('52', '92', '0');
INSERT INTO `PREFIX_DB_product_to_category` (`product_id`, `category_id`, `main_category`) VALUES ('52', '96', '0');
INSERT INTO `PREFIX_DB_product_to_category` (`product_id`, `category_id`, `main_category`) VALUES ('52', '95', '0');
INSERT INTO `PREFIX_DB_product_to_category` (`product_id`, `category_id`, `main_category`) VALUES ('52', '99', '0');
INSERT INTO `PREFIX_DB_product_to_category` (`product_id`, `category_id`, `main_category`) VALUES ('52', '89', '0');
INSERT INTO `PREFIX_DB_product_to_category` (`product_id`, `category_id`, `main_category`) VALUES ('52', '98', '0');
INSERT INTO `PREFIX_DB_product_to_category` (`product_id`, `category_id`, `main_category`) VALUES ('52', '88', '0');
INSERT INTO `PREFIX_DB_product_to_category` (`product_id`, `category_id`, `main_category`) VALUES ('52', '93', '0');
INSERT INTO `PREFIX_DB_product_to_category` (`product_id`, `category_id`, `main_category`) VALUES ('52', '90', '0');
INSERT INTO `PREFIX_DB_product_to_category` (`product_id`, `category_id`, `main_category`) VALUES ('52', '97', '0');
INSERT INTO `PREFIX_DB_product_to_category` (`product_id`, `category_id`, `main_category`) VALUES ('52', '87', '0');
INSERT INTO `PREFIX_DB_product_to_category` (`product_id`, `category_id`, `main_category`) VALUES ('52', '78', '0');
INSERT INTO `PREFIX_DB_product_to_category` (`product_id`, `category_id`, `main_category`) VALUES ('52', '73', '0');
INSERT INTO `PREFIX_DB_product_to_category` (`product_id`, `category_id`, `main_category`) VALUES ('52', '77', '0');
INSERT INTO `PREFIX_DB_product_to_category` (`product_id`, `category_id`, `main_category`) VALUES ('52', '82', '0');
INSERT INTO `PREFIX_DB_product_to_category` (`product_id`, `category_id`, `main_category`) VALUES ('52', '85', '0');
INSERT INTO `PREFIX_DB_product_to_category` (`product_id`, `category_id`, `main_category`) VALUES ('52', '80', '0');
INSERT INTO `PREFIX_DB_product_to_category` (`product_id`, `category_id`, `main_category`) VALUES ('52', '75', '0');
INSERT INTO `PREFIX_DB_product_to_category` (`product_id`, `category_id`, `main_category`) VALUES ('52', '83', '0');
INSERT INTO `PREFIX_DB_product_to_category` (`product_id`, `category_id`, `main_category`) VALUES ('52', '84', '0');
INSERT INTO `PREFIX_DB_product_to_category` (`product_id`, `category_id`, `main_category`) VALUES ('52', '76', '0');
INSERT INTO `PREFIX_DB_product_to_category` (`product_id`, `category_id`, `main_category`) VALUES ('52', '79', '0');
INSERT INTO `PREFIX_DB_product_to_category` (`product_id`, `category_id`, `main_category`) VALUES ('52', '81', '1');
INSERT INTO `PREFIX_DB_product_to_category` (`product_id`, `category_id`, `main_category`) VALUES ('52', '72', '0');
INSERT INTO `PREFIX_DB_product_to_category` (`product_id`, `category_id`, `main_category`) VALUES ('52', '101', '0');
INSERT INTO `PREFIX_DB_product_to_category` (`product_id`, `category_id`, `main_category`) VALUES ('52', '60', '0');
INSERT INTO `PREFIX_DB_product_to_category` (`product_id`, `category_id`, `main_category`) VALUES ('52', '59', '0');
INSERT INTO `PREFIX_DB_product_to_category` (`product_id`, `category_id`, `main_category`) VALUES ('52', '70', '0');
INSERT INTO `PREFIX_DB_product_to_category` (`product_id`, `category_id`, `main_category`) VALUES ('52', '63', '0');
INSERT INTO `PREFIX_DB_product_to_category` (`product_id`, `category_id`, `main_category`) VALUES ('52', '67', '0');
INSERT INTO `PREFIX_DB_product_to_category` (`product_id`, `category_id`, `main_category`) VALUES ('52', '26', '0');
INSERT INTO `PREFIX_DB_product_to_category` (`product_id`, `category_id`, `main_category`) VALUES ('52', '20', '0');
INSERT INTO `PREFIX_DB_product_to_category` (`product_id`, `category_id`, `main_category`) VALUES ('52', '61', '0');
INSERT INTO `PREFIX_DB_product_to_category` (`product_id`, `category_id`, `main_category`) VALUES ('52', '69', '0');
INSERT INTO `PREFIX_DB_product_to_category` (`product_id`, `category_id`, `main_category`) VALUES ('52', '68', '0');
INSERT INTO `PREFIX_DB_product_to_category` (`product_id`, `category_id`, `main_category`) VALUES ('52', '62', '0');
INSERT INTO `PREFIX_DB_product_to_category` (`product_id`, `category_id`, `main_category`) VALUES ('52', '71', '0');
INSERT INTO `PREFIX_DB_product_to_category` (`product_id`, `category_id`, `main_category`) VALUES ('53', '69', '0');
INSERT INTO `PREFIX_DB_product_to_category` (`product_id`, `category_id`, `main_category`) VALUES ('53', '67', '0');
INSERT INTO `PREFIX_DB_product_to_category` (`product_id`, `category_id`, `main_category`) VALUES ('53', '68', '0');
INSERT INTO `PREFIX_DB_product_to_category` (`product_id`, `category_id`, `main_category`) VALUES ('53', '93', '0');
INSERT INTO `PREFIX_DB_product_to_category` (`product_id`, `category_id`, `main_category`) VALUES ('53', '62', '0');
INSERT INTO `PREFIX_DB_product_to_category` (`product_id`, `category_id`, `main_category`) VALUES ('53', '70', '0');
INSERT INTO `PREFIX_DB_product_to_category` (`product_id`, `category_id`, `main_category`) VALUES ('53', '75', '0');
INSERT INTO `PREFIX_DB_product_to_category` (`product_id`, `category_id`, `main_category`) VALUES ('53', '61', '0');
INSERT INTO `PREFIX_DB_product_to_category` (`product_id`, `category_id`, `main_category`) VALUES ('53', '26', '0');
INSERT INTO `PREFIX_DB_product_to_category` (`product_id`, `category_id`, `main_category`) VALUES ('53', '59', '0');
INSERT INTO `PREFIX_DB_product_to_category` (`product_id`, `category_id`, `main_category`) VALUES ('53', '60', '0');
INSERT INTO `PREFIX_DB_product_to_category` (`product_id`, `category_id`, `main_category`) VALUES ('53', '82', '1');
INSERT INTO `PREFIX_DB_product_to_category` (`product_id`, `category_id`, `main_category`) VALUES ('53', '71', '0');
INSERT INTO `PREFIX_DB_product_to_category` (`product_id`, `category_id`, `main_category`) VALUES ('53', '73', '0');
INSERT INTO `PREFIX_DB_product_to_category` (`product_id`, `category_id`, `main_category`) VALUES ('53', '63', '0');
INSERT INTO `PREFIX_DB_product_to_category` (`product_id`, `category_id`, `main_category`) VALUES ('53', '80', '0');
INSERT INTO `PREFIX_DB_product_to_category` (`product_id`, `category_id`, `main_category`) VALUES ('53', '74', '0');
INSERT INTO `PREFIX_DB_product_to_category` (`product_id`, `category_id`, `main_category`) VALUES ('53', '78', '0');
INSERT INTO `PREFIX_DB_product_to_category` (`product_id`, `category_id`, `main_category`) VALUES ('53', '81', '0');
INSERT INTO `PREFIX_DB_product_to_category` (`product_id`, `category_id`, `main_category`) VALUES ('53', '76', '0');
INSERT INTO `PREFIX_DB_product_to_category` (`product_id`, `category_id`, `main_category`) VALUES ('53', '72', '0');
INSERT INTO `PREFIX_DB_product_to_category` (`product_id`, `category_id`, `main_category`) VALUES ('53', '83', '0');
INSERT INTO `PREFIX_DB_product_to_category` (`product_id`, `category_id`, `main_category`) VALUES ('53', '79', '0');
INSERT INTO `PREFIX_DB_product_to_category` (`product_id`, `category_id`, `main_category`) VALUES ('53', '85', '0');
INSERT INTO `PREFIX_DB_product_to_category` (`product_id`, `category_id`, `main_category`) VALUES ('53', '84', '0');
INSERT INTO `PREFIX_DB_product_to_category` (`product_id`, `category_id`, `main_category`) VALUES ('53', '77', '0');
INSERT INTO `PREFIX_DB_product_to_category` (`product_id`, `category_id`, `main_category`) VALUES ('53', '89', '0');
INSERT INTO `PREFIX_DB_product_to_category` (`product_id`, `category_id`, `main_category`) VALUES ('53', '98', '0');
INSERT INTO `PREFIX_DB_product_to_category` (`product_id`, `category_id`, `main_category`) VALUES ('53', '96', '0');
INSERT INTO `PREFIX_DB_product_to_category` (`product_id`, `category_id`, `main_category`) VALUES ('53', '95', '0');
INSERT INTO `PREFIX_DB_product_to_category` (`product_id`, `category_id`, `main_category`) VALUES ('53', '91', '0');
INSERT INTO `PREFIX_DB_product_to_category` (`product_id`, `category_id`, `main_category`) VALUES ('53', '88', '0');
INSERT INTO `PREFIX_DB_product_to_category` (`product_id`, `category_id`, `main_category`) VALUES ('53', '90', '0');
INSERT INTO `PREFIX_DB_product_to_category` (`product_id`, `category_id`, `main_category`) VALUES ('53', '92', '0');
INSERT INTO `PREFIX_DB_product_to_category` (`product_id`, `category_id`, `main_category`) VALUES ('53', '100', '0');
INSERT INTO `PREFIX_DB_product_to_category` (`product_id`, `category_id`, `main_category`) VALUES ('53', '101', '0');
INSERT INTO `PREFIX_DB_product_to_category` (`product_id`, `category_id`, `main_category`) VALUES ('53', '94', '0');
INSERT INTO `PREFIX_DB_product_to_category` (`product_id`, `category_id`, `main_category`) VALUES ('53', '99', '0');
INSERT INTO `PREFIX_DB_product_to_category` (`product_id`, `category_id`, `main_category`) VALUES ('53', '97', '0');
INSERT INTO `PREFIX_DB_product_to_category` (`product_id`, `category_id`, `main_category`) VALUES ('53', '20', '0');
INSERT INTO `PREFIX_DB_product_to_category` (`product_id`, `category_id`, `main_category`) VALUES ('53', '87', '0');
INSERT INTO `PREFIX_DB_product_to_category` (`product_id`, `category_id`, `main_category`) VALUES ('54', '82', '0');
INSERT INTO `PREFIX_DB_product_to_category` (`product_id`, `category_id`, `main_category`) VALUES ('54', '63', '0');
INSERT INTO `PREFIX_DB_product_to_category` (`product_id`, `category_id`, `main_category`) VALUES ('54', '85', '0');
INSERT INTO `PREFIX_DB_product_to_category` (`product_id`, `category_id`, `main_category`) VALUES ('54', '84', '0');
INSERT INTO `PREFIX_DB_product_to_category` (`product_id`, `category_id`, `main_category`) VALUES ('54', '77', '0');
INSERT INTO `PREFIX_DB_product_to_category` (`product_id`, `category_id`, `main_category`) VALUES ('54', '71', '0');
INSERT INTO `PREFIX_DB_product_to_category` (`product_id`, `category_id`, `main_category`) VALUES ('54', '74', '0');
INSERT INTO `PREFIX_DB_product_to_category` (`product_id`, `category_id`, `main_category`) VALUES ('54', '78', '0');
INSERT INTO `PREFIX_DB_product_to_category` (`product_id`, `category_id`, `main_category`) VALUES ('54', '80', '0');
INSERT INTO `PREFIX_DB_product_to_category` (`product_id`, `category_id`, `main_category`) VALUES ('54', '81', '0');
INSERT INTO `PREFIX_DB_product_to_category` (`product_id`, `category_id`, `main_category`) VALUES ('54', '73', '0');
INSERT INTO `PREFIX_DB_product_to_category` (`product_id`, `category_id`, `main_category`) VALUES ('54', '76', '0');
INSERT INTO `PREFIX_DB_product_to_category` (`product_id`, `category_id`, `main_category`) VALUES ('54', '72', '0');
INSERT INTO `PREFIX_DB_product_to_category` (`product_id`, `category_id`, `main_category`) VALUES ('54', '83', '0');
INSERT INTO `PREFIX_DB_product_to_category` (`product_id`, `category_id`, `main_category`) VALUES ('54', '79', '0');
INSERT INTO `PREFIX_DB_product_to_category` (`product_id`, `category_id`, `main_category`) VALUES ('54', '98', '0');
INSERT INTO `PREFIX_DB_product_to_category` (`product_id`, `category_id`, `main_category`) VALUES ('54', '91', '0');
INSERT INTO `PREFIX_DB_product_to_category` (`product_id`, `category_id`, `main_category`) VALUES ('54', '88', '0');
INSERT INTO `PREFIX_DB_product_to_category` (`product_id`, `category_id`, `main_category`) VALUES ('54', '90', '0');
INSERT INTO `PREFIX_DB_product_to_category` (`product_id`, `category_id`, `main_category`) VALUES ('54', '92', '0');
INSERT INTO `PREFIX_DB_product_to_category` (`product_id`, `category_id`, `main_category`) VALUES ('54', '100', '0');
INSERT INTO `PREFIX_DB_product_to_category` (`product_id`, `category_id`, `main_category`) VALUES ('54', '96', '0');
INSERT INTO `PREFIX_DB_product_to_category` (`product_id`, `category_id`, `main_category`) VALUES ('54', '94', '0');
INSERT INTO `PREFIX_DB_product_to_category` (`product_id`, `category_id`, `main_category`) VALUES ('54', '97', '0');
INSERT INTO `PREFIX_DB_product_to_category` (`product_id`, `category_id`, `main_category`) VALUES ('54', '101', '0');
INSERT INTO `PREFIX_DB_product_to_category` (`product_id`, `category_id`, `main_category`) VALUES ('54', '95', '0');
INSERT INTO `PREFIX_DB_product_to_category` (`product_id`, `category_id`, `main_category`) VALUES ('54', '87', '0');
INSERT INTO `PREFIX_DB_product_to_category` (`product_id`, `category_id`, `main_category`) VALUES ('54', '99', '0');
INSERT INTO `PREFIX_DB_product_to_category` (`product_id`, `category_id`, `main_category`) VALUES ('54', '20', '0');
INSERT INTO `PREFIX_DB_product_to_category` (`product_id`, `category_id`, `main_category`) VALUES ('54', '93', '0');
INSERT INTO `PREFIX_DB_product_to_category` (`product_id`, `category_id`, `main_category`) VALUES ('54', '60', '0');
INSERT INTO `PREFIX_DB_product_to_category` (`product_id`, `category_id`, `main_category`) VALUES ('54', '61', '0');
INSERT INTO `PREFIX_DB_product_to_category` (`product_id`, `category_id`, `main_category`) VALUES ('54', '62', '0');
INSERT INTO `PREFIX_DB_product_to_category` (`product_id`, `category_id`, `main_category`) VALUES ('54', '26', '0');
INSERT INTO `PREFIX_DB_product_to_category` (`product_id`, `category_id`, `main_category`) VALUES ('54', '89', '0');
INSERT INTO `PREFIX_DB_product_to_category` (`product_id`, `category_id`, `main_category`) VALUES ('54', '59', '0');
INSERT INTO `PREFIX_DB_product_to_category` (`product_id`, `category_id`, `main_category`) VALUES ('54', '69', '0');
INSERT INTO `PREFIX_DB_product_to_category` (`product_id`, `category_id`, `main_category`) VALUES ('54', '75', '1');
INSERT INTO `PREFIX_DB_product_to_category` (`product_id`, `category_id`, `main_category`) VALUES ('54', '70', '0');
INSERT INTO `PREFIX_DB_product_to_category` (`product_id`, `category_id`, `main_category`) VALUES ('54', '68', '0');
INSERT INTO `PREFIX_DB_product_to_category` (`product_id`, `category_id`, `main_category`) VALUES ('54', '67', '0');
INSERT INTO `PREFIX_DB_product_to_category` (`product_id`, `category_id`, `main_category`) VALUES ('55', '93', '0');
INSERT INTO `PREFIX_DB_product_to_category` (`product_id`, `category_id`, `main_category`) VALUES ('55', '94', '0');
INSERT INTO `PREFIX_DB_product_to_category` (`product_id`, `category_id`, `main_category`) VALUES ('55', '99', '0');
INSERT INTO `PREFIX_DB_product_to_category` (`product_id`, `category_id`, `main_category`) VALUES ('55', '92', '0');
INSERT INTO `PREFIX_DB_product_to_category` (`product_id`, `category_id`, `main_category`) VALUES ('55', '87', '0');
INSERT INTO `PREFIX_DB_product_to_category` (`product_id`, `category_id`, `main_category`) VALUES ('55', '20', '0');
INSERT INTO `PREFIX_DB_product_to_category` (`product_id`, `category_id`, `main_category`) VALUES ('55', '91', '0');
INSERT INTO `PREFIX_DB_product_to_category` (`product_id`, `category_id`, `main_category`) VALUES ('55', '100', '0');
INSERT INTO `PREFIX_DB_product_to_category` (`product_id`, `category_id`, `main_category`) VALUES ('55', '98', '0');
INSERT INTO `PREFIX_DB_product_to_category` (`product_id`, `category_id`, `main_category`) VALUES ('55', '88', '0');
INSERT INTO `PREFIX_DB_product_to_category` (`product_id`, `category_id`, `main_category`) VALUES ('55', '96', '0');
INSERT INTO `PREFIX_DB_product_to_category` (`product_id`, `category_id`, `main_category`) VALUES ('55', '101', '0');
INSERT INTO `PREFIX_DB_product_to_category` (`product_id`, `category_id`, `main_category`) VALUES ('55', '97', '0');
INSERT INTO `PREFIX_DB_product_to_category` (`product_id`, `category_id`, `main_category`) VALUES ('55', '95', '0');
INSERT INTO `PREFIX_DB_product_to_category` (`product_id`, `category_id`, `main_category`) VALUES ('55', '78', '0');
INSERT INTO `PREFIX_DB_product_to_category` (`product_id`, `category_id`, `main_category`) VALUES ('55', '85', '0');
INSERT INTO `PREFIX_DB_product_to_category` (`product_id`, `category_id`, `main_category`) VALUES ('55', '77', '0');
INSERT INTO `PREFIX_DB_product_to_category` (`product_id`, `category_id`, `main_category`) VALUES ('55', '72', '0');
INSERT INTO `PREFIX_DB_product_to_category` (`product_id`, `category_id`, `main_category`) VALUES ('55', '84', '0');
INSERT INTO `PREFIX_DB_product_to_category` (`product_id`, `category_id`, `main_category`) VALUES ('55', '71', '0');
INSERT INTO `PREFIX_DB_product_to_category` (`product_id`, `category_id`, `main_category`) VALUES ('55', '76', '1');
INSERT INTO `PREFIX_DB_product_to_category` (`product_id`, `category_id`, `main_category`) VALUES ('55', '83', '0');
INSERT INTO `PREFIX_DB_product_to_category` (`product_id`, `category_id`, `main_category`) VALUES ('55', '73', '0');
INSERT INTO `PREFIX_DB_product_to_category` (`product_id`, `category_id`, `main_category`) VALUES ('55', '63', '0');
INSERT INTO `PREFIX_DB_product_to_category` (`product_id`, `category_id`, `main_category`) VALUES ('55', '74', '0');
INSERT INTO `PREFIX_DB_product_to_category` (`product_id`, `category_id`, `main_category`) VALUES ('55', '75', '0');
INSERT INTO `PREFIX_DB_product_to_category` (`product_id`, `category_id`, `main_category`) VALUES ('55', '81', '0');
INSERT INTO `PREFIX_DB_product_to_category` (`product_id`, `category_id`, `main_category`) VALUES ('55', '82', '0');
INSERT INTO `PREFIX_DB_product_to_category` (`product_id`, `category_id`, `main_category`) VALUES ('55', '89', '0');
INSERT INTO `PREFIX_DB_product_to_category` (`product_id`, `category_id`, `main_category`) VALUES ('55', '70', '0');
INSERT INTO `PREFIX_DB_product_to_category` (`product_id`, `category_id`, `main_category`) VALUES ('55', '69', '0');
INSERT INTO `PREFIX_DB_product_to_category` (`product_id`, `category_id`, `main_category`) VALUES ('55', '68', '0');
INSERT INTO `PREFIX_DB_product_to_category` (`product_id`, `category_id`, `main_category`) VALUES ('55', '60', '0');
INSERT INTO `PREFIX_DB_product_to_category` (`product_id`, `category_id`, `main_category`) VALUES ('55', '80', '0');
INSERT INTO `PREFIX_DB_product_to_category` (`product_id`, `category_id`, `main_category`) VALUES ('55', '62', '0');
INSERT INTO `PREFIX_DB_product_to_category` (`product_id`, `category_id`, `main_category`) VALUES ('55', '59', '0');
INSERT INTO `PREFIX_DB_product_to_category` (`product_id`, `category_id`, `main_category`) VALUES ('55', '90', '0');
INSERT INTO `PREFIX_DB_product_to_category` (`product_id`, `category_id`, `main_category`) VALUES ('55', '26', '0');
INSERT INTO `PREFIX_DB_product_to_category` (`product_id`, `category_id`, `main_category`) VALUES ('55', '61', '0');
INSERT INTO `PREFIX_DB_product_to_category` (`product_id`, `category_id`, `main_category`) VALUES ('55', '67', '0');
INSERT INTO `PREFIX_DB_product_to_category` (`product_id`, `category_id`, `main_category`) VALUES ('55', '79', '0');
INSERT INTO `PREFIX_DB_product_to_category` (`product_id`, `category_id`, `main_category`) VALUES ('56', '79', '0');
INSERT INTO `PREFIX_DB_product_to_category` (`product_id`, `category_id`, `main_category`) VALUES ('56', '89', '0');
INSERT INTO `PREFIX_DB_product_to_category` (`product_id`, `category_id`, `main_category`) VALUES ('56', '98', '0');
INSERT INTO `PREFIX_DB_product_to_category` (`product_id`, `category_id`, `main_category`) VALUES ('56', '91', '0');
INSERT INTO `PREFIX_DB_product_to_category` (`product_id`, `category_id`, `main_category`) VALUES ('56', '97', '0');
INSERT INTO `PREFIX_DB_product_to_category` (`product_id`, `category_id`, `main_category`) VALUES ('56', '93', '0');
INSERT INTO `PREFIX_DB_product_to_category` (`product_id`, `category_id`, `main_category`) VALUES ('56', '87', '0');
INSERT INTO `PREFIX_DB_product_to_category` (`product_id`, `category_id`, `main_category`) VALUES ('56', '94', '0');
INSERT INTO `PREFIX_DB_product_to_category` (`product_id`, `category_id`, `main_category`) VALUES ('56', '100', '0');
INSERT INTO `PREFIX_DB_product_to_category` (`product_id`, `category_id`, `main_category`) VALUES ('56', '92', '0');
INSERT INTO `PREFIX_DB_product_to_category` (`product_id`, `category_id`, `main_category`) VALUES ('56', '99', '0');
INSERT INTO `PREFIX_DB_product_to_category` (`product_id`, `category_id`, `main_category`) VALUES ('56', '101', '0');
INSERT INTO `PREFIX_DB_product_to_category` (`product_id`, `category_id`, `main_category`) VALUES ('56', '20', '0');
INSERT INTO `PREFIX_DB_product_to_category` (`product_id`, `category_id`, `main_category`) VALUES ('56', '88', '0');
INSERT INTO `PREFIX_DB_product_to_category` (`product_id`, `category_id`, `main_category`) VALUES ('56', '96', '0');
INSERT INTO `PREFIX_DB_product_to_category` (`product_id`, `category_id`, `main_category`) VALUES ('56', '85', '0');
INSERT INTO `PREFIX_DB_product_to_category` (`product_id`, `category_id`, `main_category`) VALUES ('56', '73', '0');
INSERT INTO `PREFIX_DB_product_to_category` (`product_id`, `category_id`, `main_category`) VALUES ('56', '83', '0');
INSERT INTO `PREFIX_DB_product_to_category` (`product_id`, `category_id`, `main_category`) VALUES ('56', '72', '0');
INSERT INTO `PREFIX_DB_product_to_category` (`product_id`, `category_id`, `main_category`) VALUES ('56', '81', '0');
INSERT INTO `PREFIX_DB_product_to_category` (`product_id`, `category_id`, `main_category`) VALUES ('56', '63', '0');
INSERT INTO `PREFIX_DB_product_to_category` (`product_id`, `category_id`, `main_category`) VALUES ('56', '74', '0');
INSERT INTO `PREFIX_DB_product_to_category` (`product_id`, `category_id`, `main_category`) VALUES ('56', '78', '0');
INSERT INTO `PREFIX_DB_product_to_category` (`product_id`, `category_id`, `main_category`) VALUES ('56', '84', '0');
INSERT INTO `PREFIX_DB_product_to_category` (`product_id`, `category_id`, `main_category`) VALUES ('56', '82', '0');
INSERT INTO `PREFIX_DB_product_to_category` (`product_id`, `category_id`, `main_category`) VALUES ('56', '71', '0');
INSERT INTO `PREFIX_DB_product_to_category` (`product_id`, `category_id`, `main_category`) VALUES ('56', '77', '1');
INSERT INTO `PREFIX_DB_product_to_category` (`product_id`, `category_id`, `main_category`) VALUES ('56', '75', '0');
INSERT INTO `PREFIX_DB_product_to_category` (`product_id`, `category_id`, `main_category`) VALUES ('56', '90', '0');
INSERT INTO `PREFIX_DB_product_to_category` (`product_id`, `category_id`, `main_category`) VALUES ('56', '60', '0');
INSERT INTO `PREFIX_DB_product_to_category` (`product_id`, `category_id`, `main_category`) VALUES ('56', '59', '0');
INSERT INTO `PREFIX_DB_product_to_category` (`product_id`, `category_id`, `main_category`) VALUES ('56', '70', '0');
INSERT INTO `PREFIX_DB_product_to_category` (`product_id`, `category_id`, `main_category`) VALUES ('56', '76', '0');
INSERT INTO `PREFIX_DB_product_to_category` (`product_id`, `category_id`, `main_category`) VALUES ('56', '67', '0');
INSERT INTO `PREFIX_DB_product_to_category` (`product_id`, `category_id`, `main_category`) VALUES ('56', '26', '0');
INSERT INTO `PREFIX_DB_product_to_category` (`product_id`, `category_id`, `main_category`) VALUES ('56', '95', '0');
INSERT INTO `PREFIX_DB_product_to_category` (`product_id`, `category_id`, `main_category`) VALUES ('56', '61', '0');
INSERT INTO `PREFIX_DB_product_to_category` (`product_id`, `category_id`, `main_category`) VALUES ('56', '69', '0');
INSERT INTO `PREFIX_DB_product_to_category` (`product_id`, `category_id`, `main_category`) VALUES ('56', '68', '0');
INSERT INTO `PREFIX_DB_product_to_category` (`product_id`, `category_id`, `main_category`) VALUES ('56', '62', '0');
INSERT INTO `PREFIX_DB_product_to_category` (`product_id`, `category_id`, `main_category`) VALUES ('56', '80', '0');
INSERT INTO `PREFIX_DB_product_to_category` (`product_id`, `category_id`, `main_category`) VALUES ('57', '101', '0');
INSERT INTO `PREFIX_DB_product_to_category` (`product_id`, `category_id`, `main_category`) VALUES ('57', '97', '0');
INSERT INTO `PREFIX_DB_product_to_category` (`product_id`, `category_id`, `main_category`) VALUES ('57', '91', '0');
INSERT INTO `PREFIX_DB_product_to_category` (`product_id`, `category_id`, `main_category`) VALUES ('57', '20', '0');
INSERT INTO `PREFIX_DB_product_to_category` (`product_id`, `category_id`, `main_category`) VALUES ('57', '87', '0');
INSERT INTO `PREFIX_DB_product_to_category` (`product_id`, `category_id`, `main_category`) VALUES ('57', '94', '0');
INSERT INTO `PREFIX_DB_product_to_category` (`product_id`, `category_id`, `main_category`) VALUES ('57', '100', '0');
INSERT INTO `PREFIX_DB_product_to_category` (`product_id`, `category_id`, `main_category`) VALUES ('57', '81', '0');
INSERT INTO `PREFIX_DB_product_to_category` (`product_id`, `category_id`, `main_category`) VALUES ('57', '84', '0');
INSERT INTO `PREFIX_DB_product_to_category` (`product_id`, `category_id`, `main_category`) VALUES ('57', '78', '1');
INSERT INTO `PREFIX_DB_product_to_category` (`product_id`, `category_id`, `main_category`) VALUES ('57', '74', '0');
INSERT INTO `PREFIX_DB_product_to_category` (`product_id`, `category_id`, `main_category`) VALUES ('57', '77', '0');
INSERT INTO `PREFIX_DB_product_to_category` (`product_id`, `category_id`, `main_category`) VALUES ('57', '82', '0');
INSERT INTO `PREFIX_DB_product_to_category` (`product_id`, `category_id`, `main_category`) VALUES ('57', '71', '0');
INSERT INTO `PREFIX_DB_product_to_category` (`product_id`, `category_id`, `main_category`) VALUES ('57', '85', '0');
INSERT INTO `PREFIX_DB_product_to_category` (`product_id`, `category_id`, `main_category`) VALUES ('57', '73', '0');
INSERT INTO `PREFIX_DB_product_to_category` (`product_id`, `category_id`, `main_category`) VALUES ('57', '75', '0');
INSERT INTO `PREFIX_DB_product_to_category` (`product_id`, `category_id`, `main_category`) VALUES ('57', '63', '0');
INSERT INTO `PREFIX_DB_product_to_category` (`product_id`, `category_id`, `main_category`) VALUES ('57', '90', '0');
INSERT INTO `PREFIX_DB_product_to_category` (`product_id`, `category_id`, `main_category`) VALUES ('57', '83', '0');
INSERT INTO `PREFIX_DB_product_to_category` (`product_id`, `category_id`, `main_category`) VALUES ('57', '79', '0');
INSERT INTO `PREFIX_DB_product_to_category` (`product_id`, `category_id`, `main_category`) VALUES ('57', '95', '0');
INSERT INTO `PREFIX_DB_product_to_category` (`product_id`, `category_id`, `main_category`) VALUES ('57', '59', '0');
INSERT INTO `PREFIX_DB_product_to_category` (`product_id`, `category_id`, `main_category`) VALUES ('57', '61', '0');
INSERT INTO `PREFIX_DB_product_to_category` (`product_id`, `category_id`, `main_category`) VALUES ('57', '72', '0');
INSERT INTO `PREFIX_DB_product_to_category` (`product_id`, `category_id`, `main_category`) VALUES ('57', '60', '0');
INSERT INTO `PREFIX_DB_product_to_category` (`product_id`, `category_id`, `main_category`) VALUES ('57', '69', '0');
INSERT INTO `PREFIX_DB_product_to_category` (`product_id`, `category_id`, `main_category`) VALUES ('57', '96', '0');
INSERT INTO `PREFIX_DB_product_to_category` (`product_id`, `category_id`, `main_category`) VALUES ('57', '62', '0');
INSERT INTO `PREFIX_DB_product_to_category` (`product_id`, `category_id`, `main_category`) VALUES ('57', '68', '0');
INSERT INTO `PREFIX_DB_product_to_category` (`product_id`, `category_id`, `main_category`) VALUES ('57', '70', '0');
INSERT INTO `PREFIX_DB_product_to_category` (`product_id`, `category_id`, `main_category`) VALUES ('57', '67', '0');
INSERT INTO `PREFIX_DB_product_to_category` (`product_id`, `category_id`, `main_category`) VALUES ('57', '26', '0');
INSERT INTO `PREFIX_DB_product_to_category` (`product_id`, `category_id`, `main_category`) VALUES ('57', '76', '0');
INSERT INTO `PREFIX_DB_product_to_category` (`product_id`, `category_id`, `main_category`) VALUES ('58', '87', '0');
INSERT INTO `PREFIX_DB_product_to_category` (`product_id`, `category_id`, `main_category`) VALUES ('58', '20', '0');
INSERT INTO `PREFIX_DB_product_to_category` (`product_id`, `category_id`, `main_category`) VALUES ('58', '97', '0');
INSERT INTO `PREFIX_DB_product_to_category` (`product_id`, `category_id`, `main_category`) VALUES ('58', '99', '0');
INSERT INTO `PREFIX_DB_product_to_category` (`product_id`, `category_id`, `main_category`) VALUES ('58', '94', '0');
INSERT INTO `PREFIX_DB_product_to_category` (`product_id`, `category_id`, `main_category`) VALUES ('58', '101', '0');
INSERT INTO `PREFIX_DB_product_to_category` (`product_id`, `category_id`, `main_category`) VALUES ('58', '100', '0');
INSERT INTO `PREFIX_DB_product_to_category` (`product_id`, `category_id`, `main_category`) VALUES ('58', '92', '0');
INSERT INTO `PREFIX_DB_product_to_category` (`product_id`, `category_id`, `main_category`) VALUES ('58', '90', '0');
INSERT INTO `PREFIX_DB_product_to_category` (`product_id`, `category_id`, `main_category`) VALUES ('58', '88', '0');
INSERT INTO `PREFIX_DB_product_to_category` (`product_id`, `category_id`, `main_category`) VALUES ('58', '91', '0');
INSERT INTO `PREFIX_DB_product_to_category` (`product_id`, `category_id`, `main_category`) VALUES ('58', '95', '0');
INSERT INTO `PREFIX_DB_product_to_category` (`product_id`, `category_id`, `main_category`) VALUES ('58', '96', '0');
INSERT INTO `PREFIX_DB_product_to_category` (`product_id`, `category_id`, `main_category`) VALUES ('58', '98', '0');
INSERT INTO `PREFIX_DB_product_to_category` (`product_id`, `category_id`, `main_category`) VALUES ('58', '89', '0');
INSERT INTO `PREFIX_DB_product_to_category` (`product_id`, `category_id`, `main_category`) VALUES ('58', '77', '0');
INSERT INTO `PREFIX_DB_product_to_category` (`product_id`, `category_id`, `main_category`) VALUES ('58', '84', '1');
INSERT INTO `PREFIX_DB_product_to_category` (`product_id`, `category_id`, `main_category`) VALUES ('58', '85', '0');
INSERT INTO `PREFIX_DB_product_to_category` (`product_id`, `category_id`, `main_category`) VALUES ('58', '79', '0');
INSERT INTO `PREFIX_DB_product_to_category` (`product_id`, `category_id`, `main_category`) VALUES ('58', '83', '0');
INSERT INTO `PREFIX_DB_product_to_category` (`product_id`, `category_id`, `main_category`) VALUES ('58', '72', '0');
INSERT INTO `PREFIX_DB_product_to_category` (`product_id`, `category_id`, `main_category`) VALUES ('58', '80', '0');
INSERT INTO `PREFIX_DB_product_to_category` (`product_id`, `category_id`, `main_category`) VALUES ('58', '81', '0');
INSERT INTO `PREFIX_DB_product_to_category` (`product_id`, `category_id`, `main_category`) VALUES ('58', '73', '0');
INSERT INTO `PREFIX_DB_product_to_category` (`product_id`, `category_id`, `main_category`) VALUES ('58', '74', '0');
INSERT INTO `PREFIX_DB_product_to_category` (`product_id`, `category_id`, `main_category`) VALUES ('58', '76', '0');
INSERT INTO `PREFIX_DB_product_to_category` (`product_id`, `category_id`, `main_category`) VALUES ('58', '63', '0');
INSERT INTO `PREFIX_DB_product_to_category` (`product_id`, `category_id`, `main_category`) VALUES ('58', '78', '0');
INSERT INTO `PREFIX_DB_product_to_category` (`product_id`, `category_id`, `main_category`) VALUES ('58', '71', '0');
INSERT INTO `PREFIX_DB_product_to_category` (`product_id`, `category_id`, `main_category`) VALUES ('58', '62', '0');
INSERT INTO `PREFIX_DB_product_to_category` (`product_id`, `category_id`, `main_category`) VALUES ('58', '59', '0');
INSERT INTO `PREFIX_DB_product_to_category` (`product_id`, `category_id`, `main_category`) VALUES ('58', '60', '0');
INSERT INTO `PREFIX_DB_product_to_category` (`product_id`, `category_id`, `main_category`) VALUES ('58', '61', '0');
INSERT INTO `PREFIX_DB_product_to_category` (`product_id`, `category_id`, `main_category`) VALUES ('58', '75', '0');
INSERT INTO `PREFIX_DB_product_to_category` (`product_id`, `category_id`, `main_category`) VALUES ('58', '70', '0');
INSERT INTO `PREFIX_DB_product_to_category` (`product_id`, `category_id`, `main_category`) VALUES ('58', '93', '0');
INSERT INTO `PREFIX_DB_product_to_category` (`product_id`, `category_id`, `main_category`) VALUES ('58', '26', '0');
INSERT INTO `PREFIX_DB_product_to_category` (`product_id`, `category_id`, `main_category`) VALUES ('58', '68', '0');
INSERT INTO `PREFIX_DB_product_to_category` (`product_id`, `category_id`, `main_category`) VALUES ('58', '69', '0');
INSERT INTO `PREFIX_DB_product_to_category` (`product_id`, `category_id`, `main_category`) VALUES ('58', '67', '0');
INSERT INTO `PREFIX_DB_product_to_category` (`product_id`, `category_id`, `main_category`) VALUES ('58', '82', '0');
INSERT INTO `PREFIX_DB_product_to_category` (`product_id`, `category_id`, `main_category`) VALUES ('59', '82', '0');
INSERT INTO `PREFIX_DB_product_to_category` (`product_id`, `category_id`, `main_category`) VALUES ('59', '63', '0');
INSERT INTO `PREFIX_DB_product_to_category` (`product_id`, `category_id`, `main_category`) VALUES ('59', '85', '0');
INSERT INTO `PREFIX_DB_product_to_category` (`product_id`, `category_id`, `main_category`) VALUES ('59', '84', '0');
INSERT INTO `PREFIX_DB_product_to_category` (`product_id`, `category_id`, `main_category`) VALUES ('59', '77', '0');
INSERT INTO `PREFIX_DB_product_to_category` (`product_id`, `category_id`, `main_category`) VALUES ('59', '71', '0');
INSERT INTO `PREFIX_DB_product_to_category` (`product_id`, `category_id`, `main_category`) VALUES ('59', '74', '0');
INSERT INTO `PREFIX_DB_product_to_category` (`product_id`, `category_id`, `main_category`) VALUES ('59', '78', '0');
INSERT INTO `PREFIX_DB_product_to_category` (`product_id`, `category_id`, `main_category`) VALUES ('59', '80', '0');
INSERT INTO `PREFIX_DB_product_to_category` (`product_id`, `category_id`, `main_category`) VALUES ('59', '81', '0');
INSERT INTO `PREFIX_DB_product_to_category` (`product_id`, `category_id`, `main_category`) VALUES ('59', '73', '0');
INSERT INTO `PREFIX_DB_product_to_category` (`product_id`, `category_id`, `main_category`) VALUES ('59', '76', '0');
INSERT INTO `PREFIX_DB_product_to_category` (`product_id`, `category_id`, `main_category`) VALUES ('59', '72', '0');
INSERT INTO `PREFIX_DB_product_to_category` (`product_id`, `category_id`, `main_category`) VALUES ('59', '83', '1');
INSERT INTO `PREFIX_DB_product_to_category` (`product_id`, `category_id`, `main_category`) VALUES ('59', '79', '0');
INSERT INTO `PREFIX_DB_product_to_category` (`product_id`, `category_id`, `main_category`) VALUES ('59', '98', '0');
INSERT INTO `PREFIX_DB_product_to_category` (`product_id`, `category_id`, `main_category`) VALUES ('59', '91', '0');
INSERT INTO `PREFIX_DB_product_to_category` (`product_id`, `category_id`, `main_category`) VALUES ('59', '88', '0');
INSERT INTO `PREFIX_DB_product_to_category` (`product_id`, `category_id`, `main_category`) VALUES ('59', '90', '0');
INSERT INTO `PREFIX_DB_product_to_category` (`product_id`, `category_id`, `main_category`) VALUES ('59', '92', '0');
INSERT INTO `PREFIX_DB_product_to_category` (`product_id`, `category_id`, `main_category`) VALUES ('59', '100', '0');
INSERT INTO `PREFIX_DB_product_to_category` (`product_id`, `category_id`, `main_category`) VALUES ('59', '95', '0');
INSERT INTO `PREFIX_DB_product_to_category` (`product_id`, `category_id`, `main_category`) VALUES ('59', '94', '0');
INSERT INTO `PREFIX_DB_product_to_category` (`product_id`, `category_id`, `main_category`) VALUES ('59', '99', '0');
INSERT INTO `PREFIX_DB_product_to_category` (`product_id`, `category_id`, `main_category`) VALUES ('59', '101', '0');
INSERT INTO `PREFIX_DB_product_to_category` (`product_id`, `category_id`, `main_category`) VALUES ('59', '96', '0');
INSERT INTO `PREFIX_DB_product_to_category` (`product_id`, `category_id`, `main_category`) VALUES ('59', '87', '0');
INSERT INTO `PREFIX_DB_product_to_category` (`product_id`, `category_id`, `main_category`) VALUES ('59', '97', '0');
INSERT INTO `PREFIX_DB_product_to_category` (`product_id`, `category_id`, `main_category`) VALUES ('59', '20', '0');
INSERT INTO `PREFIX_DB_product_to_category` (`product_id`, `category_id`, `main_category`) VALUES ('59', '69', '0');
INSERT INTO `PREFIX_DB_product_to_category` (`product_id`, `category_id`, `main_category`) VALUES ('59', '61', '0');
INSERT INTO `PREFIX_DB_product_to_category` (`product_id`, `category_id`, `main_category`) VALUES ('59', '60', '0');
INSERT INTO `PREFIX_DB_product_to_category` (`product_id`, `category_id`, `main_category`) VALUES ('59', '26', '0');
INSERT INTO `PREFIX_DB_product_to_category` (`product_id`, `category_id`, `main_category`) VALUES ('59', '89', '0');
INSERT INTO `PREFIX_DB_product_to_category` (`product_id`, `category_id`, `main_category`) VALUES ('59', '59', '0');
INSERT INTO `PREFIX_DB_product_to_category` (`product_id`, `category_id`, `main_category`) VALUES ('59', '75', '0');
INSERT INTO `PREFIX_DB_product_to_category` (`product_id`, `category_id`, `main_category`) VALUES ('59', '62', '0');
INSERT INTO `PREFIX_DB_product_to_category` (`product_id`, `category_id`, `main_category`) VALUES ('59', '70', '0');
INSERT INTO `PREFIX_DB_product_to_category` (`product_id`, `category_id`, `main_category`) VALUES ('59', '67', '0');
INSERT INTO `PREFIX_DB_product_to_category` (`product_id`, `category_id`, `main_category`) VALUES ('59', '68', '0');
INSERT INTO `PREFIX_DB_product_to_category` (`product_id`, `category_id`, `main_category`) VALUES ('59', '93', '0');
INSERT INTO `PREFIX_DB_product_to_category` (`product_id`, `category_id`, `main_category`) VALUES ('60', '82', '0');
INSERT INTO `PREFIX_DB_product_to_category` (`product_id`, `category_id`, `main_category`) VALUES ('60', '81', '0');
INSERT INTO `PREFIX_DB_product_to_category` (`product_id`, `category_id`, `main_category`) VALUES ('60', '73', '0');
INSERT INTO `PREFIX_DB_product_to_category` (`product_id`, `category_id`, `main_category`) VALUES ('60', '83', '0');
INSERT INTO `PREFIX_DB_product_to_category` (`product_id`, `category_id`, `main_category`) VALUES ('60', '63', '0');
INSERT INTO `PREFIX_DB_product_to_category` (`product_id`, `category_id`, `main_category`) VALUES ('60', '71', '0');
INSERT INTO `PREFIX_DB_product_to_category` (`product_id`, `category_id`, `main_category`) VALUES ('60', '84', '0');
INSERT INTO `PREFIX_DB_product_to_category` (`product_id`, `category_id`, `main_category`) VALUES ('60', '72', '0');
INSERT INTO `PREFIX_DB_product_to_category` (`product_id`, `category_id`, `main_category`) VALUES ('60', '77', '0');
INSERT INTO `PREFIX_DB_product_to_category` (`product_id`, `category_id`, `main_category`) VALUES ('60', '85', '1');
INSERT INTO `PREFIX_DB_product_to_category` (`product_id`, `category_id`, `main_category`) VALUES ('60', '76', '0');
INSERT INTO `PREFIX_DB_product_to_category` (`product_id`, `category_id`, `main_category`) VALUES ('60', '74', '0');
INSERT INTO `PREFIX_DB_product_to_category` (`product_id`, `category_id`, `main_category`) VALUES ('60', '78', '0');
INSERT INTO `PREFIX_DB_product_to_category` (`product_id`, `category_id`, `main_category`) VALUES ('60', '80', '0');
INSERT INTO `PREFIX_DB_product_to_category` (`product_id`, `category_id`, `main_category`) VALUES ('60', '92', '0');
INSERT INTO `PREFIX_DB_product_to_category` (`product_id`, `category_id`, `main_category`) VALUES ('60', '99', '0');
INSERT INTO `PREFIX_DB_product_to_category` (`product_id`, `category_id`, `main_category`) VALUES ('60', '94', '0');
INSERT INTO `PREFIX_DB_product_to_category` (`product_id`, `category_id`, `main_category`) VALUES ('60', '95', '0');
INSERT INTO `PREFIX_DB_product_to_category` (`product_id`, `category_id`, `main_category`) VALUES ('60', '97', '0');
INSERT INTO `PREFIX_DB_product_to_category` (`product_id`, `category_id`, `main_category`) VALUES ('60', '101', '0');
INSERT INTO `PREFIX_DB_product_to_category` (`product_id`, `category_id`, `main_category`) VALUES ('60', '96', '0');
INSERT INTO `PREFIX_DB_product_to_category` (`product_id`, `category_id`, `main_category`) VALUES ('60', '98', '0');
INSERT INTO `PREFIX_DB_product_to_category` (`product_id`, `category_id`, `main_category`) VALUES ('60', '91', '0');
INSERT INTO `PREFIX_DB_product_to_category` (`product_id`, `category_id`, `main_category`) VALUES ('60', '20', '0');
INSERT INTO `PREFIX_DB_product_to_category` (`product_id`, `category_id`, `main_category`) VALUES ('60', '100', '0');
INSERT INTO `PREFIX_DB_product_to_category` (`product_id`, `category_id`, `main_category`) VALUES ('60', '93', '0');
INSERT INTO `PREFIX_DB_product_to_category` (`product_id`, `category_id`, `main_category`) VALUES ('60', '88', '0');
INSERT INTO `PREFIX_DB_product_to_category` (`product_id`, `category_id`, `main_category`) VALUES ('60', '87', '0');
INSERT INTO `PREFIX_DB_product_to_category` (`product_id`, `category_id`, `main_category`) VALUES ('60', '75', '0');
INSERT INTO `PREFIX_DB_product_to_category` (`product_id`, `category_id`, `main_category`) VALUES ('60', '68', '0');
INSERT INTO `PREFIX_DB_product_to_category` (`product_id`, `category_id`, `main_category`) VALUES ('60', '62', '0');
INSERT INTO `PREFIX_DB_product_to_category` (`product_id`, `category_id`, `main_category`) VALUES ('60', '67', '0');
INSERT INTO `PREFIX_DB_product_to_category` (`product_id`, `category_id`, `main_category`) VALUES ('60', '60', '0');
INSERT INTO `PREFIX_DB_product_to_category` (`product_id`, `category_id`, `main_category`) VALUES ('60', '90', '0');
INSERT INTO `PREFIX_DB_product_to_category` (`product_id`, `category_id`, `main_category`) VALUES ('60', '26', '0');
INSERT INTO `PREFIX_DB_product_to_category` (`product_id`, `category_id`, `main_category`) VALUES ('60', '70', '0');
INSERT INTO `PREFIX_DB_product_to_category` (`product_id`, `category_id`, `main_category`) VALUES ('60', '79', '0');
INSERT INTO `PREFIX_DB_product_to_category` (`product_id`, `category_id`, `main_category`) VALUES ('60', '61', '0');
INSERT INTO `PREFIX_DB_product_to_category` (`product_id`, `category_id`, `main_category`) VALUES ('60', '59', '0');
INSERT INTO `PREFIX_DB_product_to_category` (`product_id`, `category_id`, `main_category`) VALUES ('60', '69', '0');
INSERT INTO `PREFIX_DB_product_to_category` (`product_id`, `category_id`, `main_category`) VALUES ('60', '89', '0');
INSERT INTO `PREFIX_DB_product_to_category` (`product_id`, `category_id`, `main_category`) VALUES ('61', '87', '0');
INSERT INTO `PREFIX_DB_product_to_category` (`product_id`, `category_id`, `main_category`) VALUES ('61', '20', '0');
INSERT INTO `PREFIX_DB_product_to_category` (`product_id`, `category_id`, `main_category`) VALUES ('61', '97', '0');
INSERT INTO `PREFIX_DB_product_to_category` (`product_id`, `category_id`, `main_category`) VALUES ('61', '99', '0');
INSERT INTO `PREFIX_DB_product_to_category` (`product_id`, `category_id`, `main_category`) VALUES ('61', '94', '0');
INSERT INTO `PREFIX_DB_product_to_category` (`product_id`, `category_id`, `main_category`) VALUES ('61', '101', '0');
INSERT INTO `PREFIX_DB_product_to_category` (`product_id`, `category_id`, `main_category`) VALUES ('61', '100', '0');
INSERT INTO `PREFIX_DB_product_to_category` (`product_id`, `category_id`, `main_category`) VALUES ('61', '92', '0');
INSERT INTO `PREFIX_DB_product_to_category` (`product_id`, `category_id`, `main_category`) VALUES ('61', '90', '0');
INSERT INTO `PREFIX_DB_product_to_category` (`product_id`, `category_id`, `main_category`) VALUES ('61', '88', '0');
INSERT INTO `PREFIX_DB_product_to_category` (`product_id`, `category_id`, `main_category`) VALUES ('61', '91', '0');
INSERT INTO `PREFIX_DB_product_to_category` (`product_id`, `category_id`, `main_category`) VALUES ('61', '95', '0');
INSERT INTO `PREFIX_DB_product_to_category` (`product_id`, `category_id`, `main_category`) VALUES ('61', '96', '0');
INSERT INTO `PREFIX_DB_product_to_category` (`product_id`, `category_id`, `main_category`) VALUES ('61', '98', '0');
INSERT INTO `PREFIX_DB_product_to_category` (`product_id`, `category_id`, `main_category`) VALUES ('61', '89', '0');
INSERT INTO `PREFIX_DB_product_to_category` (`product_id`, `category_id`, `main_category`) VALUES ('61', '77', '0');
INSERT INTO `PREFIX_DB_product_to_category` (`product_id`, `category_id`, `main_category`) VALUES ('61', '84', '0');
INSERT INTO `PREFIX_DB_product_to_category` (`product_id`, `category_id`, `main_category`) VALUES ('61', '85', '0');
INSERT INTO `PREFIX_DB_product_to_category` (`product_id`, `category_id`, `main_category`) VALUES ('61', '79', '0');
INSERT INTO `PREFIX_DB_product_to_category` (`product_id`, `category_id`, `main_category`) VALUES ('61', '83', '0');
INSERT INTO `PREFIX_DB_product_to_category` (`product_id`, `category_id`, `main_category`) VALUES ('61', '72', '0');
INSERT INTO `PREFIX_DB_product_to_category` (`product_id`, `category_id`, `main_category`) VALUES ('61', '76', '0');
INSERT INTO `PREFIX_DB_product_to_category` (`product_id`, `category_id`, `main_category`) VALUES ('61', '81', '0');
INSERT INTO `PREFIX_DB_product_to_category` (`product_id`, `category_id`, `main_category`) VALUES ('61', '78', '0');
INSERT INTO `PREFIX_DB_product_to_category` (`product_id`, `category_id`, `main_category`) VALUES ('61', '74', '0');
INSERT INTO `PREFIX_DB_product_to_category` (`product_id`, `category_id`, `main_category`) VALUES ('61', '80', '0');
INSERT INTO `PREFIX_DB_product_to_category` (`product_id`, `category_id`, `main_category`) VALUES ('61', '63', '0');
INSERT INTO `PREFIX_DB_product_to_category` (`product_id`, `category_id`, `main_category`) VALUES ('61', '73', '0');
INSERT INTO `PREFIX_DB_product_to_category` (`product_id`, `category_id`, `main_category`) VALUES ('61', '71', '0');
INSERT INTO `PREFIX_DB_product_to_category` (`product_id`, `category_id`, `main_category`) VALUES ('61', '82', '0');
INSERT INTO `PREFIX_DB_product_to_category` (`product_id`, `category_id`, `main_category`) VALUES ('61', '60', '0');
INSERT INTO `PREFIX_DB_product_to_category` (`product_id`, `category_id`, `main_category`) VALUES ('61', '59', '0');
INSERT INTO `PREFIX_DB_product_to_category` (`product_id`, `category_id`, `main_category`) VALUES ('61', '26', '0');
INSERT INTO `PREFIX_DB_product_to_category` (`product_id`, `category_id`, `main_category`) VALUES ('61', '61', '0');
INSERT INTO `PREFIX_DB_product_to_category` (`product_id`, `category_id`, `main_category`) VALUES ('61', '75', '0');
INSERT INTO `PREFIX_DB_product_to_category` (`product_id`, `category_id`, `main_category`) VALUES ('61', '70', '0');
INSERT INTO `PREFIX_DB_product_to_category` (`product_id`, `category_id`, `main_category`) VALUES ('61', '62', '0');
INSERT INTO `PREFIX_DB_product_to_category` (`product_id`, `category_id`, `main_category`) VALUES ('61', '93', '1');
INSERT INTO `PREFIX_DB_product_to_category` (`product_id`, `category_id`, `main_category`) VALUES ('61', '68', '0');
INSERT INTO `PREFIX_DB_product_to_category` (`product_id`, `category_id`, `main_category`) VALUES ('61', '67', '0');
INSERT INTO `PREFIX_DB_product_to_category` (`product_id`, `category_id`, `main_category`) VALUES ('61', '69', '0');
INSERT INTO `PREFIX_DB_product_to_category` (`product_id`, `category_id`, `main_category`) VALUES ('62', '82', '0');
INSERT INTO `PREFIX_DB_product_to_category` (`product_id`, `category_id`, `main_category`) VALUES ('62', '63', '0');
INSERT INTO `PREFIX_DB_product_to_category` (`product_id`, `category_id`, `main_category`) VALUES ('62', '85', '0');
INSERT INTO `PREFIX_DB_product_to_category` (`product_id`, `category_id`, `main_category`) VALUES ('62', '84', '0');
INSERT INTO `PREFIX_DB_product_to_category` (`product_id`, `category_id`, `main_category`) VALUES ('62', '77', '0');
INSERT INTO `PREFIX_DB_product_to_category` (`product_id`, `category_id`, `main_category`) VALUES ('62', '71', '0');
INSERT INTO `PREFIX_DB_product_to_category` (`product_id`, `category_id`, `main_category`) VALUES ('62', '74', '0');
INSERT INTO `PREFIX_DB_product_to_category` (`product_id`, `category_id`, `main_category`) VALUES ('62', '78', '0');
INSERT INTO `PREFIX_DB_product_to_category` (`product_id`, `category_id`, `main_category`) VALUES ('62', '80', '0');
INSERT INTO `PREFIX_DB_product_to_category` (`product_id`, `category_id`, `main_category`) VALUES ('62', '81', '0');
INSERT INTO `PREFIX_DB_product_to_category` (`product_id`, `category_id`, `main_category`) VALUES ('62', '73', '0');
INSERT INTO `PREFIX_DB_product_to_category` (`product_id`, `category_id`, `main_category`) VALUES ('62', '76', '0');
INSERT INTO `PREFIX_DB_product_to_category` (`product_id`, `category_id`, `main_category`) VALUES ('62', '72', '0');
INSERT INTO `PREFIX_DB_product_to_category` (`product_id`, `category_id`, `main_category`) VALUES ('62', '83', '0');
INSERT INTO `PREFIX_DB_product_to_category` (`product_id`, `category_id`, `main_category`) VALUES ('62', '79', '0');
INSERT INTO `PREFIX_DB_product_to_category` (`product_id`, `category_id`, `main_category`) VALUES ('62', '98', '0');
INSERT INTO `PREFIX_DB_product_to_category` (`product_id`, `category_id`, `main_category`) VALUES ('62', '91', '0');
INSERT INTO `PREFIX_DB_product_to_category` (`product_id`, `category_id`, `main_category`) VALUES ('62', '88', '0');
INSERT INTO `PREFIX_DB_product_to_category` (`product_id`, `category_id`, `main_category`) VALUES ('62', '90', '0');
INSERT INTO `PREFIX_DB_product_to_category` (`product_id`, `category_id`, `main_category`) VALUES ('62', '92', '1');
INSERT INTO `PREFIX_DB_product_to_category` (`product_id`, `category_id`, `main_category`) VALUES ('62', '100', '0');
INSERT INTO `PREFIX_DB_product_to_category` (`product_id`, `category_id`, `main_category`) VALUES ('62', '96', '0');
INSERT INTO `PREFIX_DB_product_to_category` (`product_id`, `category_id`, `main_category`) VALUES ('62', '94', '0');
INSERT INTO `PREFIX_DB_product_to_category` (`product_id`, `category_id`, `main_category`) VALUES ('62', '97', '0');
INSERT INTO `PREFIX_DB_product_to_category` (`product_id`, `category_id`, `main_category`) VALUES ('62', '101', '0');
INSERT INTO `PREFIX_DB_product_to_category` (`product_id`, `category_id`, `main_category`) VALUES ('62', '95', '0');
INSERT INTO `PREFIX_DB_product_to_category` (`product_id`, `category_id`, `main_category`) VALUES ('62', '87', '0');
INSERT INTO `PREFIX_DB_product_to_category` (`product_id`, `category_id`, `main_category`) VALUES ('62', '99', '0');
INSERT INTO `PREFIX_DB_product_to_category` (`product_id`, `category_id`, `main_category`) VALUES ('62', '20', '0');
INSERT INTO `PREFIX_DB_product_to_category` (`product_id`, `category_id`, `main_category`) VALUES ('62', '93', '0');
INSERT INTO `PREFIX_DB_product_to_category` (`product_id`, `category_id`, `main_category`) VALUES ('62', '60', '0');
INSERT INTO `PREFIX_DB_product_to_category` (`product_id`, `category_id`, `main_category`) VALUES ('62', '61', '0');
INSERT INTO `PREFIX_DB_product_to_category` (`product_id`, `category_id`, `main_category`) VALUES ('62', '62', '0');
INSERT INTO `PREFIX_DB_product_to_category` (`product_id`, `category_id`, `main_category`) VALUES ('62', '26', '0');
INSERT INTO `PREFIX_DB_product_to_category` (`product_id`, `category_id`, `main_category`) VALUES ('62', '89', '0');
INSERT INTO `PREFIX_DB_product_to_category` (`product_id`, `category_id`, `main_category`) VALUES ('62', '59', '0');
INSERT INTO `PREFIX_DB_product_to_category` (`product_id`, `category_id`, `main_category`) VALUES ('62', '69', '0');
INSERT INTO `PREFIX_DB_product_to_category` (`product_id`, `category_id`, `main_category`) VALUES ('62', '75', '0');
INSERT INTO `PREFIX_DB_product_to_category` (`product_id`, `category_id`, `main_category`) VALUES ('62', '70', '0');
INSERT INTO `PREFIX_DB_product_to_category` (`product_id`, `category_id`, `main_category`) VALUES ('62', '68', '0');
INSERT INTO `PREFIX_DB_product_to_category` (`product_id`, `category_id`, `main_category`) VALUES ('62', '67', '0');
INSERT INTO `PREFIX_DB_product_to_category` (`product_id`, `category_id`, `main_category`) VALUES ('63', '87', '0');
INSERT INTO `PREFIX_DB_product_to_category` (`product_id`, `category_id`, `main_category`) VALUES ('63', '20', '0');
INSERT INTO `PREFIX_DB_product_to_category` (`product_id`, `category_id`, `main_category`) VALUES ('63', '97', '0');
INSERT INTO `PREFIX_DB_product_to_category` (`product_id`, `category_id`, `main_category`) VALUES ('63', '99', '0');
INSERT INTO `PREFIX_DB_product_to_category` (`product_id`, `category_id`, `main_category`) VALUES ('63', '94', '0');
INSERT INTO `PREFIX_DB_product_to_category` (`product_id`, `category_id`, `main_category`) VALUES ('63', '101', '0');
INSERT INTO `PREFIX_DB_product_to_category` (`product_id`, `category_id`, `main_category`) VALUES ('63', '100', '0');
INSERT INTO `PREFIX_DB_product_to_category` (`product_id`, `category_id`, `main_category`) VALUES ('63', '92', '0');
INSERT INTO `PREFIX_DB_product_to_category` (`product_id`, `category_id`, `main_category`) VALUES ('63', '90', '0');
INSERT INTO `PREFIX_DB_product_to_category` (`product_id`, `category_id`, `main_category`) VALUES ('63', '88', '0');
INSERT INTO `PREFIX_DB_product_to_category` (`product_id`, `category_id`, `main_category`) VALUES ('63', '91', '0');
INSERT INTO `PREFIX_DB_product_to_category` (`product_id`, `category_id`, `main_category`) VALUES ('63', '95', '1');
INSERT INTO `PREFIX_DB_product_to_category` (`product_id`, `category_id`, `main_category`) VALUES ('63', '96', '0');
INSERT INTO `PREFIX_DB_product_to_category` (`product_id`, `category_id`, `main_category`) VALUES ('63', '98', '0');
INSERT INTO `PREFIX_DB_product_to_category` (`product_id`, `category_id`, `main_category`) VALUES ('63', '89', '0');
INSERT INTO `PREFIX_DB_product_to_category` (`product_id`, `category_id`, `main_category`) VALUES ('63', '77', '0');
INSERT INTO `PREFIX_DB_product_to_category` (`product_id`, `category_id`, `main_category`) VALUES ('63', '84', '0');
INSERT INTO `PREFIX_DB_product_to_category` (`product_id`, `category_id`, `main_category`) VALUES ('63', '85', '0');
INSERT INTO `PREFIX_DB_product_to_category` (`product_id`, `category_id`, `main_category`) VALUES ('63', '79', '0');
INSERT INTO `PREFIX_DB_product_to_category` (`product_id`, `category_id`, `main_category`) VALUES ('63', '83', '0');
INSERT INTO `PREFIX_DB_product_to_category` (`product_id`, `category_id`, `main_category`) VALUES ('63', '72', '0');
INSERT INTO `PREFIX_DB_product_to_category` (`product_id`, `category_id`, `main_category`) VALUES ('63', '76', '0');
INSERT INTO `PREFIX_DB_product_to_category` (`product_id`, `category_id`, `main_category`) VALUES ('63', '81', '0');
INSERT INTO `PREFIX_DB_product_to_category` (`product_id`, `category_id`, `main_category`) VALUES ('63', '78', '0');
INSERT INTO `PREFIX_DB_product_to_category` (`product_id`, `category_id`, `main_category`) VALUES ('63', '74', '0');
INSERT INTO `PREFIX_DB_product_to_category` (`product_id`, `category_id`, `main_category`) VALUES ('63', '80', '0');
INSERT INTO `PREFIX_DB_product_to_category` (`product_id`, `category_id`, `main_category`) VALUES ('63', '63', '0');
INSERT INTO `PREFIX_DB_product_to_category` (`product_id`, `category_id`, `main_category`) VALUES ('63', '73', '0');
INSERT INTO `PREFIX_DB_product_to_category` (`product_id`, `category_id`, `main_category`) VALUES ('63', '71', '0');
INSERT INTO `PREFIX_DB_product_to_category` (`product_id`, `category_id`, `main_category`) VALUES ('63', '82', '0');
INSERT INTO `PREFIX_DB_product_to_category` (`product_id`, `category_id`, `main_category`) VALUES ('63', '60', '0');
INSERT INTO `PREFIX_DB_product_to_category` (`product_id`, `category_id`, `main_category`) VALUES ('63', '59', '0');
INSERT INTO `PREFIX_DB_product_to_category` (`product_id`, `category_id`, `main_category`) VALUES ('63', '26', '0');
INSERT INTO `PREFIX_DB_product_to_category` (`product_id`, `category_id`, `main_category`) VALUES ('63', '61', '0');
INSERT INTO `PREFIX_DB_product_to_category` (`product_id`, `category_id`, `main_category`) VALUES ('63', '75', '0');
INSERT INTO `PREFIX_DB_product_to_category` (`product_id`, `category_id`, `main_category`) VALUES ('63', '70', '0');
INSERT INTO `PREFIX_DB_product_to_category` (`product_id`, `category_id`, `main_category`) VALUES ('63', '62', '0');
INSERT INTO `PREFIX_DB_product_to_category` (`product_id`, `category_id`, `main_category`) VALUES ('63', '93', '0');
INSERT INTO `PREFIX_DB_product_to_category` (`product_id`, `category_id`, `main_category`) VALUES ('63', '68', '0');
INSERT INTO `PREFIX_DB_product_to_category` (`product_id`, `category_id`, `main_category`) VALUES ('63', '67', '0');
INSERT INTO `PREFIX_DB_product_to_category` (`product_id`, `category_id`, `main_category`) VALUES ('63', '69', '0');
INSERT INTO `PREFIX_DB_product_to_category` (`product_id`, `category_id`, `main_category`) VALUES ('64', '82', '0');
INSERT INTO `PREFIX_DB_product_to_category` (`product_id`, `category_id`, `main_category`) VALUES ('64', '63', '0');
INSERT INTO `PREFIX_DB_product_to_category` (`product_id`, `category_id`, `main_category`) VALUES ('64', '85', '0');
INSERT INTO `PREFIX_DB_product_to_category` (`product_id`, `category_id`, `main_category`) VALUES ('64', '84', '0');
INSERT INTO `PREFIX_DB_product_to_category` (`product_id`, `category_id`, `main_category`) VALUES ('64', '77', '0');
INSERT INTO `PREFIX_DB_product_to_category` (`product_id`, `category_id`, `main_category`) VALUES ('64', '71', '0');
INSERT INTO `PREFIX_DB_product_to_category` (`product_id`, `category_id`, `main_category`) VALUES ('64', '74', '0');
INSERT INTO `PREFIX_DB_product_to_category` (`product_id`, `category_id`, `main_category`) VALUES ('64', '78', '0');
INSERT INTO `PREFIX_DB_product_to_category` (`product_id`, `category_id`, `main_category`) VALUES ('64', '80', '0');
INSERT INTO `PREFIX_DB_product_to_category` (`product_id`, `category_id`, `main_category`) VALUES ('64', '81', '0');
INSERT INTO `PREFIX_DB_product_to_category` (`product_id`, `category_id`, `main_category`) VALUES ('64', '73', '0');
INSERT INTO `PREFIX_DB_product_to_category` (`product_id`, `category_id`, `main_category`) VALUES ('64', '76', '0');
INSERT INTO `PREFIX_DB_product_to_category` (`product_id`, `category_id`, `main_category`) VALUES ('64', '72', '0');
INSERT INTO `PREFIX_DB_product_to_category` (`product_id`, `category_id`, `main_category`) VALUES ('64', '83', '0');
INSERT INTO `PREFIX_DB_product_to_category` (`product_id`, `category_id`, `main_category`) VALUES ('64', '79', '0');
INSERT INTO `PREFIX_DB_product_to_category` (`product_id`, `category_id`, `main_category`) VALUES ('64', '98', '0');
INSERT INTO `PREFIX_DB_product_to_category` (`product_id`, `category_id`, `main_category`) VALUES ('64', '91', '0');
INSERT INTO `PREFIX_DB_product_to_category` (`product_id`, `category_id`, `main_category`) VALUES ('64', '88', '0');
INSERT INTO `PREFIX_DB_product_to_category` (`product_id`, `category_id`, `main_category`) VALUES ('64', '90', '0');
INSERT INTO `PREFIX_DB_product_to_category` (`product_id`, `category_id`, `main_category`) VALUES ('64', '92', '0');
INSERT INTO `PREFIX_DB_product_to_category` (`product_id`, `category_id`, `main_category`) VALUES ('64', '100', '0');
INSERT INTO `PREFIX_DB_product_to_category` (`product_id`, `category_id`, `main_category`) VALUES ('64', '96', '0');
INSERT INTO `PREFIX_DB_product_to_category` (`product_id`, `category_id`, `main_category`) VALUES ('64', '94', '1');
INSERT INTO `PREFIX_DB_product_to_category` (`product_id`, `category_id`, `main_category`) VALUES ('64', '97', '0');
INSERT INTO `PREFIX_DB_product_to_category` (`product_id`, `category_id`, `main_category`) VALUES ('64', '101', '0');
INSERT INTO `PREFIX_DB_product_to_category` (`product_id`, `category_id`, `main_category`) VALUES ('64', '95', '0');
INSERT INTO `PREFIX_DB_product_to_category` (`product_id`, `category_id`, `main_category`) VALUES ('64', '87', '0');
INSERT INTO `PREFIX_DB_product_to_category` (`product_id`, `category_id`, `main_category`) VALUES ('64', '99', '0');
INSERT INTO `PREFIX_DB_product_to_category` (`product_id`, `category_id`, `main_category`) VALUES ('64', '20', '0');
INSERT INTO `PREFIX_DB_product_to_category` (`product_id`, `category_id`, `main_category`) VALUES ('64', '93', '0');
INSERT INTO `PREFIX_DB_product_to_category` (`product_id`, `category_id`, `main_category`) VALUES ('64', '60', '0');
INSERT INTO `PREFIX_DB_product_to_category` (`product_id`, `category_id`, `main_category`) VALUES ('64', '61', '0');
INSERT INTO `PREFIX_DB_product_to_category` (`product_id`, `category_id`, `main_category`) VALUES ('64', '62', '0');
INSERT INTO `PREFIX_DB_product_to_category` (`product_id`, `category_id`, `main_category`) VALUES ('64', '26', '0');
INSERT INTO `PREFIX_DB_product_to_category` (`product_id`, `category_id`, `main_category`) VALUES ('64', '89', '0');
INSERT INTO `PREFIX_DB_product_to_category` (`product_id`, `category_id`, `main_category`) VALUES ('64', '59', '0');
INSERT INTO `PREFIX_DB_product_to_category` (`product_id`, `category_id`, `main_category`) VALUES ('64', '69', '0');
INSERT INTO `PREFIX_DB_product_to_category` (`product_id`, `category_id`, `main_category`) VALUES ('64', '75', '0');
INSERT INTO `PREFIX_DB_product_to_category` (`product_id`, `category_id`, `main_category`) VALUES ('64', '70', '0');
INSERT INTO `PREFIX_DB_product_to_category` (`product_id`, `category_id`, `main_category`) VALUES ('64', '68', '0');
INSERT INTO `PREFIX_DB_product_to_category` (`product_id`, `category_id`, `main_category`) VALUES ('64', '67', '0');
INSERT INTO `PREFIX_DB_product_to_category` (`product_id`, `category_id`, `main_category`) VALUES ('65', '63', '0');
INSERT INTO `PREFIX_DB_product_to_category` (`product_id`, `category_id`, `main_category`) VALUES ('65', '71', '0');
INSERT INTO `PREFIX_DB_product_to_category` (`product_id`, `category_id`, `main_category`) VALUES ('65', '78', '0');
INSERT INTO `PREFIX_DB_product_to_category` (`product_id`, `category_id`, `main_category`) VALUES ('65', '73', '0');
INSERT INTO `PREFIX_DB_product_to_category` (`product_id`, `category_id`, `main_category`) VALUES ('65', '81', '0');
INSERT INTO `PREFIX_DB_product_to_category` (`product_id`, `category_id`, `main_category`) VALUES ('65', '74', '0');
INSERT INTO `PREFIX_DB_product_to_category` (`product_id`, `category_id`, `main_category`) VALUES ('65', '72', '0');
INSERT INTO `PREFIX_DB_product_to_category` (`product_id`, `category_id`, `main_category`) VALUES ('65', '83', '0');
INSERT INTO `PREFIX_DB_product_to_category` (`product_id`, `category_id`, `main_category`) VALUES ('65', '79', '0');
INSERT INTO `PREFIX_DB_product_to_category` (`product_id`, `category_id`, `main_category`) VALUES ('65', '85', '0');
INSERT INTO `PREFIX_DB_product_to_category` (`product_id`, `category_id`, `main_category`) VALUES ('65', '84', '0');
INSERT INTO `PREFIX_DB_product_to_category` (`product_id`, `category_id`, `main_category`) VALUES ('65', '80', '0');
INSERT INTO `PREFIX_DB_product_to_category` (`product_id`, `category_id`, `main_category`) VALUES ('65', '76', '0');
INSERT INTO `PREFIX_DB_product_to_category` (`product_id`, `category_id`, `main_category`) VALUES ('65', '77', '0');
INSERT INTO `PREFIX_DB_product_to_category` (`product_id`, `category_id`, `main_category`) VALUES ('65', '75', '0');
INSERT INTO `PREFIX_DB_product_to_category` (`product_id`, `category_id`, `main_category`) VALUES ('65', '94', '0');
INSERT INTO `PREFIX_DB_product_to_category` (`product_id`, `category_id`, `main_category`) VALUES ('65', '99', '0');
INSERT INTO `PREFIX_DB_product_to_category` (`product_id`, `category_id`, `main_category`) VALUES ('65', '97', '1');
INSERT INTO `PREFIX_DB_product_to_category` (`product_id`, `category_id`, `main_category`) VALUES ('65', '89', '0');
INSERT INTO `PREFIX_DB_product_to_category` (`product_id`, `category_id`, `main_category`) VALUES ('65', '98', '0');
INSERT INTO `PREFIX_DB_product_to_category` (`product_id`, `category_id`, `main_category`) VALUES ('65', '96', '0');
INSERT INTO `PREFIX_DB_product_to_category` (`product_id`, `category_id`, `main_category`) VALUES ('65', '95', '0');
INSERT INTO `PREFIX_DB_product_to_category` (`product_id`, `category_id`, `main_category`) VALUES ('65', '88', '0');
INSERT INTO `PREFIX_DB_product_to_category` (`product_id`, `category_id`, `main_category`) VALUES ('65', '92', '0');
INSERT INTO `PREFIX_DB_product_to_category` (`product_id`, `category_id`, `main_category`) VALUES ('65', '100', '0');
INSERT INTO `PREFIX_DB_product_to_category` (`product_id`, `category_id`, `main_category`) VALUES ('65', '90', '0');
INSERT INTO `PREFIX_DB_product_to_category` (`product_id`, `category_id`, `main_category`) VALUES ('65', '20', '0');
INSERT INTO `PREFIX_DB_product_to_category` (`product_id`, `category_id`, `main_category`) VALUES ('65', '91', '0');
INSERT INTO `PREFIX_DB_product_to_category` (`product_id`, `category_id`, `main_category`) VALUES ('65', '101', '0');
INSERT INTO `PREFIX_DB_product_to_category` (`product_id`, `category_id`, `main_category`) VALUES ('65', '87', '0');
INSERT INTO `PREFIX_DB_product_to_category` (`product_id`, `category_id`, `main_category`) VALUES ('65', '26', '0');
INSERT INTO `PREFIX_DB_product_to_category` (`product_id`, `category_id`, `main_category`) VALUES ('65', '70', '0');
INSERT INTO `PREFIX_DB_product_to_category` (`product_id`, `category_id`, `main_category`) VALUES ('65', '61', '0');
INSERT INTO `PREFIX_DB_product_to_category` (`product_id`, `category_id`, `main_category`) VALUES ('65', '59', '0');
INSERT INTO `PREFIX_DB_product_to_category` (`product_id`, `category_id`, `main_category`) VALUES ('65', '93', '0');
INSERT INTO `PREFIX_DB_product_to_category` (`product_id`, `category_id`, `main_category`) VALUES ('65', '68', '0');
INSERT INTO `PREFIX_DB_product_to_category` (`product_id`, `category_id`, `main_category`) VALUES ('65', '69', '0');
INSERT INTO `PREFIX_DB_product_to_category` (`product_id`, `category_id`, `main_category`) VALUES ('65', '60', '0');
INSERT INTO `PREFIX_DB_product_to_category` (`product_id`, `category_id`, `main_category`) VALUES ('65', '62', '0');
INSERT INTO `PREFIX_DB_product_to_category` (`product_id`, `category_id`, `main_category`) VALUES ('65', '67', '0');
INSERT INTO `PREFIX_DB_product_to_category` (`product_id`, `category_id`, `main_category`) VALUES ('65', '82', '0');
INSERT INTO `PREFIX_DB_product_to_category` (`product_id`, `category_id`, `main_category`) VALUES ('66', '82', '0');
INSERT INTO `PREFIX_DB_product_to_category` (`product_id`, `category_id`, `main_category`) VALUES ('66', '63', '0');
INSERT INTO `PREFIX_DB_product_to_category` (`product_id`, `category_id`, `main_category`) VALUES ('66', '85', '0');
INSERT INTO `PREFIX_DB_product_to_category` (`product_id`, `category_id`, `main_category`) VALUES ('66', '84', '0');
INSERT INTO `PREFIX_DB_product_to_category` (`product_id`, `category_id`, `main_category`) VALUES ('66', '77', '0');
INSERT INTO `PREFIX_DB_product_to_category` (`product_id`, `category_id`, `main_category`) VALUES ('66', '71', '0');
INSERT INTO `PREFIX_DB_product_to_category` (`product_id`, `category_id`, `main_category`) VALUES ('66', '74', '0');
INSERT INTO `PREFIX_DB_product_to_category` (`product_id`, `category_id`, `main_category`) VALUES ('66', '78', '0');
INSERT INTO `PREFIX_DB_product_to_category` (`product_id`, `category_id`, `main_category`) VALUES ('66', '80', '0');
INSERT INTO `PREFIX_DB_product_to_category` (`product_id`, `category_id`, `main_category`) VALUES ('66', '81', '0');
INSERT INTO `PREFIX_DB_product_to_category` (`product_id`, `category_id`, `main_category`) VALUES ('66', '73', '0');
INSERT INTO `PREFIX_DB_product_to_category` (`product_id`, `category_id`, `main_category`) VALUES ('66', '76', '0');
INSERT INTO `PREFIX_DB_product_to_category` (`product_id`, `category_id`, `main_category`) VALUES ('66', '72', '0');
INSERT INTO `PREFIX_DB_product_to_category` (`product_id`, `category_id`, `main_category`) VALUES ('66', '83', '0');
INSERT INTO `PREFIX_DB_product_to_category` (`product_id`, `category_id`, `main_category`) VALUES ('66', '79', '0');
INSERT INTO `PREFIX_DB_product_to_category` (`product_id`, `category_id`, `main_category`) VALUES ('66', '98', '0');
INSERT INTO `PREFIX_DB_product_to_category` (`product_id`, `category_id`, `main_category`) VALUES ('66', '91', '0');
INSERT INTO `PREFIX_DB_product_to_category` (`product_id`, `category_id`, `main_category`) VALUES ('66', '88', '0');
INSERT INTO `PREFIX_DB_product_to_category` (`product_id`, `category_id`, `main_category`) VALUES ('66', '90', '0');
INSERT INTO `PREFIX_DB_product_to_category` (`product_id`, `category_id`, `main_category`) VALUES ('66', '92', '0');
INSERT INTO `PREFIX_DB_product_to_category` (`product_id`, `category_id`, `main_category`) VALUES ('66', '100', '0');
INSERT INTO `PREFIX_DB_product_to_category` (`product_id`, `category_id`, `main_category`) VALUES ('66', '95', '0');
INSERT INTO `PREFIX_DB_product_to_category` (`product_id`, `category_id`, `main_category`) VALUES ('66', '94', '0');
INSERT INTO `PREFIX_DB_product_to_category` (`product_id`, `category_id`, `main_category`) VALUES ('66', '99', '0');
INSERT INTO `PREFIX_DB_product_to_category` (`product_id`, `category_id`, `main_category`) VALUES ('66', '101', '0');
INSERT INTO `PREFIX_DB_product_to_category` (`product_id`, `category_id`, `main_category`) VALUES ('66', '96', '1');
INSERT INTO `PREFIX_DB_product_to_category` (`product_id`, `category_id`, `main_category`) VALUES ('66', '87', '0');
INSERT INTO `PREFIX_DB_product_to_category` (`product_id`, `category_id`, `main_category`) VALUES ('66', '97', '0');
INSERT INTO `PREFIX_DB_product_to_category` (`product_id`, `category_id`, `main_category`) VALUES ('66', '20', '0');
INSERT INTO `PREFIX_DB_product_to_category` (`product_id`, `category_id`, `main_category`) VALUES ('66', '69', '0');
INSERT INTO `PREFIX_DB_product_to_category` (`product_id`, `category_id`, `main_category`) VALUES ('66', '61', '0');
INSERT INTO `PREFIX_DB_product_to_category` (`product_id`, `category_id`, `main_category`) VALUES ('66', '60', '0');
INSERT INTO `PREFIX_DB_product_to_category` (`product_id`, `category_id`, `main_category`) VALUES ('66', '26', '0');
INSERT INTO `PREFIX_DB_product_to_category` (`product_id`, `category_id`, `main_category`) VALUES ('66', '89', '0');
INSERT INTO `PREFIX_DB_product_to_category` (`product_id`, `category_id`, `main_category`) VALUES ('66', '59', '0');
INSERT INTO `PREFIX_DB_product_to_category` (`product_id`, `category_id`, `main_category`) VALUES ('66', '75', '0');
INSERT INTO `PREFIX_DB_product_to_category` (`product_id`, `category_id`, `main_category`) VALUES ('66', '62', '0');
INSERT INTO `PREFIX_DB_product_to_category` (`product_id`, `category_id`, `main_category`) VALUES ('66', '70', '0');
INSERT INTO `PREFIX_DB_product_to_category` (`product_id`, `category_id`, `main_category`) VALUES ('66', '67', '0');
INSERT INTO `PREFIX_DB_product_to_category` (`product_id`, `category_id`, `main_category`) VALUES ('66', '68', '0');
INSERT INTO `PREFIX_DB_product_to_category` (`product_id`, `category_id`, `main_category`) VALUES ('66', '93', '0');
INSERT INTO `PREFIX_DB_product_to_category` (`product_id`, `category_id`, `main_category`) VALUES ('67', '89', '0');
INSERT INTO `PREFIX_DB_product_to_category` (`product_id`, `category_id`, `main_category`) VALUES ('67', '93', '0');
INSERT INTO `PREFIX_DB_product_to_category` (`product_id`, `category_id`, `main_category`) VALUES ('67', '94', '0');
INSERT INTO `PREFIX_DB_product_to_category` (`product_id`, `category_id`, `main_category`) VALUES ('67', '99', '0');
INSERT INTO `PREFIX_DB_product_to_category` (`product_id`, `category_id`, `main_category`) VALUES ('67', '92', '0');
INSERT INTO `PREFIX_DB_product_to_category` (`product_id`, `category_id`, `main_category`) VALUES ('67', '87', '0');
INSERT INTO `PREFIX_DB_product_to_category` (`product_id`, `category_id`, `main_category`) VALUES ('67', '20', '0');
INSERT INTO `PREFIX_DB_product_to_category` (`product_id`, `category_id`, `main_category`) VALUES ('67', '88', '0');
INSERT INTO `PREFIX_DB_product_to_category` (`product_id`, `category_id`, `main_category`) VALUES ('67', '96', '0');
INSERT INTO `PREFIX_DB_product_to_category` (`product_id`, `category_id`, `main_category`) VALUES ('67', '98', '1');
INSERT INTO `PREFIX_DB_product_to_category` (`product_id`, `category_id`, `main_category`) VALUES ('67', '91', '0');
INSERT INTO `PREFIX_DB_product_to_category` (`product_id`, `category_id`, `main_category`) VALUES ('67', '100', '0');
INSERT INTO `PREFIX_DB_product_to_category` (`product_id`, `category_id`, `main_category`) VALUES ('67', '101', '0');
INSERT INTO `PREFIX_DB_product_to_category` (`product_id`, `category_id`, `main_category`) VALUES ('67', '97', '0');
INSERT INTO `PREFIX_DB_product_to_category` (`product_id`, `category_id`, `main_category`) VALUES ('67', '95', '0');
INSERT INTO `PREFIX_DB_product_to_category` (`product_id`, `category_id`, `main_category`) VALUES ('67', '78', '0');
INSERT INTO `PREFIX_DB_product_to_category` (`product_id`, `category_id`, `main_category`) VALUES ('67', '84', '0');
INSERT INTO `PREFIX_DB_product_to_category` (`product_id`, `category_id`, `main_category`) VALUES ('67', '77', '0');
INSERT INTO `PREFIX_DB_product_to_category` (`product_id`, `category_id`, `main_category`) VALUES ('67', '76', '0');
INSERT INTO `PREFIX_DB_product_to_category` (`product_id`, `category_id`, `main_category`) VALUES ('67', '85', '0');
INSERT INTO `PREFIX_DB_product_to_category` (`product_id`, `category_id`, `main_category`) VALUES ('67', '71', '0');
INSERT INTO `PREFIX_DB_product_to_category` (`product_id`, `category_id`, `main_category`) VALUES ('67', '74', '0');
INSERT INTO `PREFIX_DB_product_to_category` (`product_id`, `category_id`, `main_category`) VALUES ('67', '83', '0');
INSERT INTO `PREFIX_DB_product_to_category` (`product_id`, `category_id`, `main_category`) VALUES ('67', '81', '0');
INSERT INTO `PREFIX_DB_product_to_category` (`product_id`, `category_id`, `main_category`) VALUES ('67', '63', '0');
INSERT INTO `PREFIX_DB_product_to_category` (`product_id`, `category_id`, `main_category`) VALUES ('67', '72', '0');
INSERT INTO `PREFIX_DB_product_to_category` (`product_id`, `category_id`, `main_category`) VALUES ('67', '75', '0');
INSERT INTO `PREFIX_DB_product_to_category` (`product_id`, `category_id`, `main_category`) VALUES ('67', '73', '0');
INSERT INTO `PREFIX_DB_product_to_category` (`product_id`, `category_id`, `main_category`) VALUES ('67', '82', '0');
INSERT INTO `PREFIX_DB_product_to_category` (`product_id`, `category_id`, `main_category`) VALUES ('67', '70', '0');
INSERT INTO `PREFIX_DB_product_to_category` (`product_id`, `category_id`, `main_category`) VALUES ('67', '69', '0');
INSERT INTO `PREFIX_DB_product_to_category` (`product_id`, `category_id`, `main_category`) VALUES ('67', '60', '0');
INSERT INTO `PREFIX_DB_product_to_category` (`product_id`, `category_id`, `main_category`) VALUES ('67', '67', '0');
INSERT INTO `PREFIX_DB_product_to_category` (`product_id`, `category_id`, `main_category`) VALUES ('67', '80', '0');
INSERT INTO `PREFIX_DB_product_to_category` (`product_id`, `category_id`, `main_category`) VALUES ('67', '62', '0');
INSERT INTO `PREFIX_DB_product_to_category` (`product_id`, `category_id`, `main_category`) VALUES ('67', '90', '0');
INSERT INTO `PREFIX_DB_product_to_category` (`product_id`, `category_id`, `main_category`) VALUES ('67', '68', '0');
INSERT INTO `PREFIX_DB_product_to_category` (`product_id`, `category_id`, `main_category`) VALUES ('67', '26', '0');
INSERT INTO `PREFIX_DB_product_to_category` (`product_id`, `category_id`, `main_category`) VALUES ('67', '59', '0');
INSERT INTO `PREFIX_DB_product_to_category` (`product_id`, `category_id`, `main_category`) VALUES ('67', '61', '0');
INSERT INTO `PREFIX_DB_product_to_category` (`product_id`, `category_id`, `main_category`) VALUES ('67', '79', '0');
INSERT INTO `PREFIX_DB_product_to_category` (`product_id`, `category_id`, `main_category`) VALUES ('68', '87', '0');
INSERT INTO `PREFIX_DB_product_to_category` (`product_id`, `category_id`, `main_category`) VALUES ('68', '20', '0');
INSERT INTO `PREFIX_DB_product_to_category` (`product_id`, `category_id`, `main_category`) VALUES ('68', '97', '0');
INSERT INTO `PREFIX_DB_product_to_category` (`product_id`, `category_id`, `main_category`) VALUES ('68', '99', '0');
INSERT INTO `PREFIX_DB_product_to_category` (`product_id`, `category_id`, `main_category`) VALUES ('68', '94', '0');
INSERT INTO `PREFIX_DB_product_to_category` (`product_id`, `category_id`, `main_category`) VALUES ('68', '101', '1');
INSERT INTO `PREFIX_DB_product_to_category` (`product_id`, `category_id`, `main_category`) VALUES ('68', '100', '0');
INSERT INTO `PREFIX_DB_product_to_category` (`product_id`, `category_id`, `main_category`) VALUES ('68', '92', '0');
INSERT INTO `PREFIX_DB_product_to_category` (`product_id`, `category_id`, `main_category`) VALUES ('68', '90', '0');
INSERT INTO `PREFIX_DB_product_to_category` (`product_id`, `category_id`, `main_category`) VALUES ('68', '88', '0');
INSERT INTO `PREFIX_DB_product_to_category` (`product_id`, `category_id`, `main_category`) VALUES ('68', '91', '0');
INSERT INTO `PREFIX_DB_product_to_category` (`product_id`, `category_id`, `main_category`) VALUES ('68', '95', '0');
INSERT INTO `PREFIX_DB_product_to_category` (`product_id`, `category_id`, `main_category`) VALUES ('68', '96', '0');
INSERT INTO `PREFIX_DB_product_to_category` (`product_id`, `category_id`, `main_category`) VALUES ('68', '98', '0');
INSERT INTO `PREFIX_DB_product_to_category` (`product_id`, `category_id`, `main_category`) VALUES ('68', '89', '0');
INSERT INTO `PREFIX_DB_product_to_category` (`product_id`, `category_id`, `main_category`) VALUES ('68', '77', '0');
INSERT INTO `PREFIX_DB_product_to_category` (`product_id`, `category_id`, `main_category`) VALUES ('68', '84', '0');
INSERT INTO `PREFIX_DB_product_to_category` (`product_id`, `category_id`, `main_category`) VALUES ('68', '85', '0');
INSERT INTO `PREFIX_DB_product_to_category` (`product_id`, `category_id`, `main_category`) VALUES ('68', '79', '0');
INSERT INTO `PREFIX_DB_product_to_category` (`product_id`, `category_id`, `main_category`) VALUES ('68', '83', '0');
INSERT INTO `PREFIX_DB_product_to_category` (`product_id`, `category_id`, `main_category`) VALUES ('68', '72', '0');
INSERT INTO `PREFIX_DB_product_to_category` (`product_id`, `category_id`, `main_category`) VALUES ('68', '76', '0');
INSERT INTO `PREFIX_DB_product_to_category` (`product_id`, `category_id`, `main_category`) VALUES ('68', '81', '0');
INSERT INTO `PREFIX_DB_product_to_category` (`product_id`, `category_id`, `main_category`) VALUES ('68', '78', '0');
INSERT INTO `PREFIX_DB_product_to_category` (`product_id`, `category_id`, `main_category`) VALUES ('68', '74', '0');
INSERT INTO `PREFIX_DB_product_to_category` (`product_id`, `category_id`, `main_category`) VALUES ('68', '80', '0');
INSERT INTO `PREFIX_DB_product_to_category` (`product_id`, `category_id`, `main_category`) VALUES ('68', '63', '0');
INSERT INTO `PREFIX_DB_product_to_category` (`product_id`, `category_id`, `main_category`) VALUES ('68', '73', '0');
INSERT INTO `PREFIX_DB_product_to_category` (`product_id`, `category_id`, `main_category`) VALUES ('68', '71', '0');
INSERT INTO `PREFIX_DB_product_to_category` (`product_id`, `category_id`, `main_category`) VALUES ('68', '82', '0');
INSERT INTO `PREFIX_DB_product_to_category` (`product_id`, `category_id`, `main_category`) VALUES ('68', '60', '0');
INSERT INTO `PREFIX_DB_product_to_category` (`product_id`, `category_id`, `main_category`) VALUES ('68', '59', '0');
INSERT INTO `PREFIX_DB_product_to_category` (`product_id`, `category_id`, `main_category`) VALUES ('68', '26', '0');
INSERT INTO `PREFIX_DB_product_to_category` (`product_id`, `category_id`, `main_category`) VALUES ('68', '61', '0');
INSERT INTO `PREFIX_DB_product_to_category` (`product_id`, `category_id`, `main_category`) VALUES ('68', '75', '0');
INSERT INTO `PREFIX_DB_product_to_category` (`product_id`, `category_id`, `main_category`) VALUES ('68', '70', '0');
INSERT INTO `PREFIX_DB_product_to_category` (`product_id`, `category_id`, `main_category`) VALUES ('68', '62', '0');
INSERT INTO `PREFIX_DB_product_to_category` (`product_id`, `category_id`, `main_category`) VALUES ('68', '93', '0');
INSERT INTO `PREFIX_DB_product_to_category` (`product_id`, `category_id`, `main_category`) VALUES ('68', '68', '0');
INSERT INTO `PREFIX_DB_product_to_category` (`product_id`, `category_id`, `main_category`) VALUES ('68', '67', '0');
INSERT INTO `PREFIX_DB_product_to_category` (`product_id`, `category_id`, `main_category`) VALUES ('68', '69', '0');
INSERT INTO `PREFIX_DB_product_to_category` (`product_id`, `category_id`, `main_category`) VALUES ('69', '93', '0');
INSERT INTO `PREFIX_DB_product_to_category` (`product_id`, `category_id`, `main_category`) VALUES ('69', '87', '0');
INSERT INTO `PREFIX_DB_product_to_category` (`product_id`, `category_id`, `main_category`) VALUES ('69', '88', '0');
INSERT INTO `PREFIX_DB_product_to_category` (`product_id`, `category_id`, `main_category`) VALUES ('69', '91', '0');
INSERT INTO `PREFIX_DB_product_to_category` (`product_id`, `category_id`, `main_category`) VALUES ('69', '98', '0');
INSERT INTO `PREFIX_DB_product_to_category` (`product_id`, `category_id`, `main_category`) VALUES ('69', '20', '0');
INSERT INTO `PREFIX_DB_product_to_category` (`product_id`, `category_id`, `main_category`) VALUES ('69', '101', '0');
INSERT INTO `PREFIX_DB_product_to_category` (`product_id`, `category_id`, `main_category`) VALUES ('69', '97', '0');
INSERT INTO `PREFIX_DB_product_to_category` (`product_id`, `category_id`, `main_category`) VALUES ('69', '95', '0');
INSERT INTO `PREFIX_DB_product_to_category` (`product_id`, `category_id`, `main_category`) VALUES ('69', '94', '0');
INSERT INTO `PREFIX_DB_product_to_category` (`product_id`, `category_id`, `main_category`) VALUES ('69', '99', '1');
INSERT INTO `PREFIX_DB_product_to_category` (`product_id`, `category_id`, `main_category`) VALUES ('69', '96', '0');
INSERT INTO `PREFIX_DB_product_to_category` (`product_id`, `category_id`, `main_category`) VALUES ('69', '100', '0');
INSERT INTO `PREFIX_DB_product_to_category` (`product_id`, `category_id`, `main_category`) VALUES ('69', '92', '0');
INSERT INTO `PREFIX_DB_product_to_category` (`product_id`, `category_id`, `main_category`) VALUES ('69', '90', '0');
INSERT INTO `PREFIX_DB_product_to_category` (`product_id`, `category_id`, `main_category`) VALUES ('69', '83', '0');
INSERT INTO `PREFIX_DB_product_to_category` (`product_id`, `category_id`, `main_category`) VALUES ('69', '73', '0');
INSERT INTO `PREFIX_DB_product_to_category` (`product_id`, `category_id`, `main_category`) VALUES ('69', '81', '0');
INSERT INTO `PREFIX_DB_product_to_category` (`product_id`, `category_id`, `main_category`) VALUES ('69', '80', '0');
INSERT INTO `PREFIX_DB_product_to_category` (`product_id`, `category_id`, `main_category`) VALUES ('69', '78', '0');
INSERT INTO `PREFIX_DB_product_to_category` (`product_id`, `category_id`, `main_category`) VALUES ('69', '74', '0');
INSERT INTO `PREFIX_DB_product_to_category` (`product_id`, `category_id`, `main_category`) VALUES ('69', '72', '0');
INSERT INTO `PREFIX_DB_product_to_category` (`product_id`, `category_id`, `main_category`) VALUES ('69', '77', '0');
INSERT INTO `PREFIX_DB_product_to_category` (`product_id`, `category_id`, `main_category`) VALUES ('69', '85', '0');
INSERT INTO `PREFIX_DB_product_to_category` (`product_id`, `category_id`, `main_category`) VALUES ('69', '71', '0');
INSERT INTO `PREFIX_DB_product_to_category` (`product_id`, `category_id`, `main_category`) VALUES ('69', '76', '0');
INSERT INTO `PREFIX_DB_product_to_category` (`product_id`, `category_id`, `main_category`) VALUES ('69', '82', '0');
INSERT INTO `PREFIX_DB_product_to_category` (`product_id`, `category_id`, `main_category`) VALUES ('69', '84', '0');
INSERT INTO `PREFIX_DB_product_to_category` (`product_id`, `category_id`, `main_category`) VALUES ('69', '63', '0');
INSERT INTO `PREFIX_DB_product_to_category` (`product_id`, `category_id`, `main_category`) VALUES ('69', '75', '0');
INSERT INTO `PREFIX_DB_product_to_category` (`product_id`, `category_id`, `main_category`) VALUES ('69', '60', '0');
INSERT INTO `PREFIX_DB_product_to_category` (`product_id`, `category_id`, `main_category`) VALUES ('69', '26', '0');
INSERT INTO `PREFIX_DB_product_to_category` (`product_id`, `category_id`, `main_category`) VALUES ('69', '69', '0');
INSERT INTO `PREFIX_DB_product_to_category` (`product_id`, `category_id`, `main_category`) VALUES ('69', '62', '0');
INSERT INTO `PREFIX_DB_product_to_category` (`product_id`, `category_id`, `main_category`) VALUES ('69', '79', '0');
INSERT INTO `PREFIX_DB_product_to_category` (`product_id`, `category_id`, `main_category`) VALUES ('69', '61', '0');
INSERT INTO `PREFIX_DB_product_to_category` (`product_id`, `category_id`, `main_category`) VALUES ('69', '67', '0');
INSERT INTO `PREFIX_DB_product_to_category` (`product_id`, `category_id`, `main_category`) VALUES ('69', '89', '0');
INSERT INTO `PREFIX_DB_product_to_category` (`product_id`, `category_id`, `main_category`) VALUES ('69', '59', '0');
INSERT INTO `PREFIX_DB_product_to_category` (`product_id`, `category_id`, `main_category`) VALUES ('69', '70', '0');
INSERT INTO `PREFIX_DB_product_to_category` (`product_id`, `category_id`, `main_category`) VALUES ('69', '68', '0');
INSERT INTO `PREFIX_DB_product_to_category` (`product_id`, `category_id`, `main_category`) VALUES ('70', '82', '0');
INSERT INTO `PREFIX_DB_product_to_category` (`product_id`, `category_id`, `main_category`) VALUES ('70', '63', '0');
INSERT INTO `PREFIX_DB_product_to_category` (`product_id`, `category_id`, `main_category`) VALUES ('70', '85', '0');
INSERT INTO `PREFIX_DB_product_to_category` (`product_id`, `category_id`, `main_category`) VALUES ('70', '84', '0');
INSERT INTO `PREFIX_DB_product_to_category` (`product_id`, `category_id`, `main_category`) VALUES ('70', '77', '0');
INSERT INTO `PREFIX_DB_product_to_category` (`product_id`, `category_id`, `main_category`) VALUES ('70', '71', '0');
INSERT INTO `PREFIX_DB_product_to_category` (`product_id`, `category_id`, `main_category`) VALUES ('70', '74', '0');
INSERT INTO `PREFIX_DB_product_to_category` (`product_id`, `category_id`, `main_category`) VALUES ('70', '78', '0');
INSERT INTO `PREFIX_DB_product_to_category` (`product_id`, `category_id`, `main_category`) VALUES ('70', '80', '0');
INSERT INTO `PREFIX_DB_product_to_category` (`product_id`, `category_id`, `main_category`) VALUES ('70', '81', '0');
INSERT INTO `PREFIX_DB_product_to_category` (`product_id`, `category_id`, `main_category`) VALUES ('70', '73', '0');
INSERT INTO `PREFIX_DB_product_to_category` (`product_id`, `category_id`, `main_category`) VALUES ('70', '76', '0');
INSERT INTO `PREFIX_DB_product_to_category` (`product_id`, `category_id`, `main_category`) VALUES ('70', '72', '0');
INSERT INTO `PREFIX_DB_product_to_category` (`product_id`, `category_id`, `main_category`) VALUES ('70', '83', '0');
INSERT INTO `PREFIX_DB_product_to_category` (`product_id`, `category_id`, `main_category`) VALUES ('70', '79', '0');
INSERT INTO `PREFIX_DB_product_to_category` (`product_id`, `category_id`, `main_category`) VALUES ('70', '98', '0');
INSERT INTO `PREFIX_DB_product_to_category` (`product_id`, `category_id`, `main_category`) VALUES ('70', '91', '0');
INSERT INTO `PREFIX_DB_product_to_category` (`product_id`, `category_id`, `main_category`) VALUES ('70', '88', '0');
INSERT INTO `PREFIX_DB_product_to_category` (`product_id`, `category_id`, `main_category`) VALUES ('70', '90', '0');
INSERT INTO `PREFIX_DB_product_to_category` (`product_id`, `category_id`, `main_category`) VALUES ('70', '92', '0');
INSERT INTO `PREFIX_DB_product_to_category` (`product_id`, `category_id`, `main_category`) VALUES ('70', '100', '1');
INSERT INTO `PREFIX_DB_product_to_category` (`product_id`, `category_id`, `main_category`) VALUES ('70', '96', '0');
INSERT INTO `PREFIX_DB_product_to_category` (`product_id`, `category_id`, `main_category`) VALUES ('70', '94', '0');
INSERT INTO `PREFIX_DB_product_to_category` (`product_id`, `category_id`, `main_category`) VALUES ('70', '97', '0');
INSERT INTO `PREFIX_DB_product_to_category` (`product_id`, `category_id`, `main_category`) VALUES ('70', '101', '0');
INSERT INTO `PREFIX_DB_product_to_category` (`product_id`, `category_id`, `main_category`) VALUES ('70', '95', '0');
INSERT INTO `PREFIX_DB_product_to_category` (`product_id`, `category_id`, `main_category`) VALUES ('70', '87', '0');
INSERT INTO `PREFIX_DB_product_to_category` (`product_id`, `category_id`, `main_category`) VALUES ('70', '99', '0');
INSERT INTO `PREFIX_DB_product_to_category` (`product_id`, `category_id`, `main_category`) VALUES ('70', '20', '0');
INSERT INTO `PREFIX_DB_product_to_category` (`product_id`, `category_id`, `main_category`) VALUES ('70', '93', '0');
INSERT INTO `PREFIX_DB_product_to_category` (`product_id`, `category_id`, `main_category`) VALUES ('70', '60', '0');
INSERT INTO `PREFIX_DB_product_to_category` (`product_id`, `category_id`, `main_category`) VALUES ('70', '61', '0');
INSERT INTO `PREFIX_DB_product_to_category` (`product_id`, `category_id`, `main_category`) VALUES ('70', '62', '0');
INSERT INTO `PREFIX_DB_product_to_category` (`product_id`, `category_id`, `main_category`) VALUES ('70', '26', '0');
INSERT INTO `PREFIX_DB_product_to_category` (`product_id`, `category_id`, `main_category`) VALUES ('70', '89', '0');
INSERT INTO `PREFIX_DB_product_to_category` (`product_id`, `category_id`, `main_category`) VALUES ('70', '59', '0');
INSERT INTO `PREFIX_DB_product_to_category` (`product_id`, `category_id`, `main_category`) VALUES ('70', '69', '0');
INSERT INTO `PREFIX_DB_product_to_category` (`product_id`, `category_id`, `main_category`) VALUES ('70', '75', '0');
INSERT INTO `PREFIX_DB_product_to_category` (`product_id`, `category_id`, `main_category`) VALUES ('70', '70', '0');
INSERT INTO `PREFIX_DB_product_to_category` (`product_id`, `category_id`, `main_category`) VALUES ('70', '68', '0');
INSERT INTO `PREFIX_DB_product_to_category` (`product_id`, `category_id`, `main_category`) VALUES ('70', '67', '0');
INSERT INTO `PREFIX_DB_product_to_category` (`product_id`, `category_id`, `main_category`) VALUES ('72', '79', '0');
INSERT INTO `PREFIX_DB_product_to_category` (`product_id`, `category_id`, `main_category`) VALUES ('72', '75', '0');
INSERT INTO `PREFIX_DB_product_to_category` (`product_id`, `category_id`, `main_category`) VALUES ('72', '77', '0');
INSERT INTO `PREFIX_DB_product_to_category` (`product_id`, `category_id`, `main_category`) VALUES ('72', '84', '0');
INSERT INTO `PREFIX_DB_product_to_category` (`product_id`, `category_id`, `main_category`) VALUES ('72', '78', '0');
INSERT INTO `PREFIX_DB_product_to_category` (`product_id`, `category_id`, `main_category`) VALUES ('72', '82', '0');
INSERT INTO `PREFIX_DB_product_to_category` (`product_id`, `category_id`, `main_category`) VALUES ('72', '63', '0');
INSERT INTO `PREFIX_DB_product_to_category` (`product_id`, `category_id`, `main_category`) VALUES ('72', '81', '0');
INSERT INTO `PREFIX_DB_product_to_category` (`product_id`, `category_id`, `main_category`) VALUES ('72', '72', '0');
INSERT INTO `PREFIX_DB_product_to_category` (`product_id`, `category_id`, `main_category`) VALUES ('72', '83', '0');
INSERT INTO `PREFIX_DB_product_to_category` (`product_id`, `category_id`, `main_category`) VALUES ('72', '73', '0');
INSERT INTO `PREFIX_DB_product_to_category` (`product_id`, `category_id`, `main_category`) VALUES ('72', '74', '0');
INSERT INTO `PREFIX_DB_product_to_category` (`product_id`, `category_id`, `main_category`) VALUES ('72', '71', '0');
INSERT INTO `PREFIX_DB_product_to_category` (`product_id`, `category_id`, `main_category`) VALUES ('72', '85', '0');
INSERT INTO `PREFIX_DB_product_to_category` (`product_id`, `category_id`, `main_category`) VALUES ('72', '76', '0');
INSERT INTO `PREFIX_DB_product_to_category` (`product_id`, `category_id`, `main_category`) VALUES ('72', '97', '0');
INSERT INTO `PREFIX_DB_product_to_category` (`product_id`, `category_id`, `main_category`) VALUES ('72', '91', '0');
INSERT INTO `PREFIX_DB_product_to_category` (`product_id`, `category_id`, `main_category`) VALUES ('72', '98', '0');
INSERT INTO `PREFIX_DB_product_to_category` (`product_id`, `category_id`, `main_category`) VALUES ('72', '96', '0');
INSERT INTO `PREFIX_DB_product_to_category` (`product_id`, `category_id`, `main_category`) VALUES ('72', '88', '0');
INSERT INTO `PREFIX_DB_product_to_category` (`product_id`, `category_id`, `main_category`) VALUES ('72', '20', '0');
INSERT INTO `PREFIX_DB_product_to_category` (`product_id`, `category_id`, `main_category`) VALUES ('72', '101', '0');
INSERT INTO `PREFIX_DB_product_to_category` (`product_id`, `category_id`, `main_category`) VALUES ('72', '92', '0');
INSERT INTO `PREFIX_DB_product_to_category` (`product_id`, `category_id`, `main_category`) VALUES ('72', '94', '0');
INSERT INTO `PREFIX_DB_product_to_category` (`product_id`, `category_id`, `main_category`) VALUES ('72', '87', '0');
INSERT INTO `PREFIX_DB_product_to_category` (`product_id`, `category_id`, `main_category`) VALUES ('72', '100', '0');
INSERT INTO `PREFIX_DB_product_to_category` (`product_id`, `category_id`, `main_category`) VALUES ('72', '89', '0');
INSERT INTO `PREFIX_DB_product_to_category` (`product_id`, `category_id`, `main_category`) VALUES ('72', '99', '0');
INSERT INTO `PREFIX_DB_product_to_category` (`product_id`, `category_id`, `main_category`) VALUES ('72', '93', '0');
INSERT INTO `PREFIX_DB_product_to_category` (`product_id`, `category_id`, `main_category`) VALUES ('72', '90', '0');
INSERT INTO `PREFIX_DB_product_to_category` (`product_id`, `category_id`, `main_category`) VALUES ('72', '60', '0');
INSERT INTO `PREFIX_DB_product_to_category` (`product_id`, `category_id`, `main_category`) VALUES ('72', '67', '0');
INSERT INTO `PREFIX_DB_product_to_category` (`product_id`, `category_id`, `main_category`) VALUES ('72', '70', '0');
INSERT INTO `PREFIX_DB_product_to_category` (`product_id`, `category_id`, `main_category`) VALUES ('72', '68', '0');
INSERT INTO `PREFIX_DB_product_to_category` (`product_id`, `category_id`, `main_category`) VALUES ('72', '95', '0');
INSERT INTO `PREFIX_DB_product_to_category` (`product_id`, `category_id`, `main_category`) VALUES ('72', '69', '0');
INSERT INTO `PREFIX_DB_product_to_category` (`product_id`, `category_id`, `main_category`) VALUES ('72', '59', '0');
INSERT INTO `PREFIX_DB_product_to_category` (`product_id`, `category_id`, `main_category`) VALUES ('72', '80', '0');
INSERT INTO `PREFIX_DB_product_to_category` (`product_id`, `category_id`, `main_category`) VALUES ('72', '62', '0');
INSERT INTO `PREFIX_DB_product_to_category` (`product_id`, `category_id`, `main_category`) VALUES ('72', '26', '0');
INSERT INTO `PREFIX_DB_product_to_category` (`product_id`, `category_id`, `main_category`) VALUES ('72', '61', '1');
INSERT INTO `PREFIX_DB_product_to_category` (`product_id`, `category_id`, `main_category`) VALUES ('73', '79', '0');
INSERT INTO `PREFIX_DB_product_to_category` (`product_id`, `category_id`, `main_category`) VALUES ('73', '75', '0');
INSERT INTO `PREFIX_DB_product_to_category` (`product_id`, `category_id`, `main_category`) VALUES ('73', '77', '0');
INSERT INTO `PREFIX_DB_product_to_category` (`product_id`, `category_id`, `main_category`) VALUES ('73', '84', '0');
INSERT INTO `PREFIX_DB_product_to_category` (`product_id`, `category_id`, `main_category`) VALUES ('73', '78', '0');
INSERT INTO `PREFIX_DB_product_to_category` (`product_id`, `category_id`, `main_category`) VALUES ('73', '82', '0');
INSERT INTO `PREFIX_DB_product_to_category` (`product_id`, `category_id`, `main_category`) VALUES ('73', '63', '0');
INSERT INTO `PREFIX_DB_product_to_category` (`product_id`, `category_id`, `main_category`) VALUES ('73', '81', '0');
INSERT INTO `PREFIX_DB_product_to_category` (`product_id`, `category_id`, `main_category`) VALUES ('73', '72', '0');
INSERT INTO `PREFIX_DB_product_to_category` (`product_id`, `category_id`, `main_category`) VALUES ('73', '83', '0');
INSERT INTO `PREFIX_DB_product_to_category` (`product_id`, `category_id`, `main_category`) VALUES ('73', '73', '0');
INSERT INTO `PREFIX_DB_product_to_category` (`product_id`, `category_id`, `main_category`) VALUES ('73', '74', '0');
INSERT INTO `PREFIX_DB_product_to_category` (`product_id`, `category_id`, `main_category`) VALUES ('73', '71', '0');
INSERT INTO `PREFIX_DB_product_to_category` (`product_id`, `category_id`, `main_category`) VALUES ('73', '85', '0');
INSERT INTO `PREFIX_DB_product_to_category` (`product_id`, `category_id`, `main_category`) VALUES ('73', '76', '0');
INSERT INTO `PREFIX_DB_product_to_category` (`product_id`, `category_id`, `main_category`) VALUES ('73', '97', '0');
INSERT INTO `PREFIX_DB_product_to_category` (`product_id`, `category_id`, `main_category`) VALUES ('73', '91', '0');
INSERT INTO `PREFIX_DB_product_to_category` (`product_id`, `category_id`, `main_category`) VALUES ('73', '98', '0');
INSERT INTO `PREFIX_DB_product_to_category` (`product_id`, `category_id`, `main_category`) VALUES ('73', '96', '0');
INSERT INTO `PREFIX_DB_product_to_category` (`product_id`, `category_id`, `main_category`) VALUES ('73', '88', '0');
INSERT INTO `PREFIX_DB_product_to_category` (`product_id`, `category_id`, `main_category`) VALUES ('73', '20', '0');
INSERT INTO `PREFIX_DB_product_to_category` (`product_id`, `category_id`, `main_category`) VALUES ('73', '101', '0');
INSERT INTO `PREFIX_DB_product_to_category` (`product_id`, `category_id`, `main_category`) VALUES ('73', '92', '0');
INSERT INTO `PREFIX_DB_product_to_category` (`product_id`, `category_id`, `main_category`) VALUES ('73', '94', '0');
INSERT INTO `PREFIX_DB_product_to_category` (`product_id`, `category_id`, `main_category`) VALUES ('73', '87', '0');
INSERT INTO `PREFIX_DB_product_to_category` (`product_id`, `category_id`, `main_category`) VALUES ('73', '100', '0');
INSERT INTO `PREFIX_DB_product_to_category` (`product_id`, `category_id`, `main_category`) VALUES ('73', '89', '0');
INSERT INTO `PREFIX_DB_product_to_category` (`product_id`, `category_id`, `main_category`) VALUES ('73', '99', '0');
INSERT INTO `PREFIX_DB_product_to_category` (`product_id`, `category_id`, `main_category`) VALUES ('73', '93', '0');
INSERT INTO `PREFIX_DB_product_to_category` (`product_id`, `category_id`, `main_category`) VALUES ('73', '90', '0');
INSERT INTO `PREFIX_DB_product_to_category` (`product_id`, `category_id`, `main_category`) VALUES ('73', '60', '0');
INSERT INTO `PREFIX_DB_product_to_category` (`product_id`, `category_id`, `main_category`) VALUES ('73', '67', '0');
INSERT INTO `PREFIX_DB_product_to_category` (`product_id`, `category_id`, `main_category`) VALUES ('73', '70', '0');
INSERT INTO `PREFIX_DB_product_to_category` (`product_id`, `category_id`, `main_category`) VALUES ('73', '68', '0');
INSERT INTO `PREFIX_DB_product_to_category` (`product_id`, `category_id`, `main_category`) VALUES ('73', '95', '0');
INSERT INTO `PREFIX_DB_product_to_category` (`product_id`, `category_id`, `main_category`) VALUES ('73', '69', '0');
INSERT INTO `PREFIX_DB_product_to_category` (`product_id`, `category_id`, `main_category`) VALUES ('73', '59', '0');
INSERT INTO `PREFIX_DB_product_to_category` (`product_id`, `category_id`, `main_category`) VALUES ('73', '80', '0');
INSERT INTO `PREFIX_DB_product_to_category` (`product_id`, `category_id`, `main_category`) VALUES ('73', '62', '1');
INSERT INTO `PREFIX_DB_product_to_category` (`product_id`, `category_id`, `main_category`) VALUES ('73', '26', '0');
INSERT INTO `PREFIX_DB_product_to_category` (`product_id`, `category_id`, `main_category`) VALUES ('73', '61', '0');
INSERT INTO `PREFIX_DB_product_to_category` (`product_id`, `category_id`, `main_category`) VALUES ('74', '89', '0');
INSERT INTO `PREFIX_DB_product_to_category` (`product_id`, `category_id`, `main_category`) VALUES ('74', '75', '0');
INSERT INTO `PREFIX_DB_product_to_category` (`product_id`, `category_id`, `main_category`) VALUES ('74', '77', '0');
INSERT INTO `PREFIX_DB_product_to_category` (`product_id`, `category_id`, `main_category`) VALUES ('74', '84', '0');
INSERT INTO `PREFIX_DB_product_to_category` (`product_id`, `category_id`, `main_category`) VALUES ('74', '78', '0');
INSERT INTO `PREFIX_DB_product_to_category` (`product_id`, `category_id`, `main_category`) VALUES ('74', '82', '0');
INSERT INTO `PREFIX_DB_product_to_category` (`product_id`, `category_id`, `main_category`) VALUES ('74', '63', '1');
INSERT INTO `PREFIX_DB_product_to_category` (`product_id`, `category_id`, `main_category`) VALUES ('74', '73', '0');
INSERT INTO `PREFIX_DB_product_to_category` (`product_id`, `category_id`, `main_category`) VALUES ('74', '74', '0');
INSERT INTO `PREFIX_DB_product_to_category` (`product_id`, `category_id`, `main_category`) VALUES ('74', '83', '0');
INSERT INTO `PREFIX_DB_product_to_category` (`product_id`, `category_id`, `main_category`) VALUES ('74', '81', '0');
INSERT INTO `PREFIX_DB_product_to_category` (`product_id`, `category_id`, `main_category`) VALUES ('74', '72', '0');
INSERT INTO `PREFIX_DB_product_to_category` (`product_id`, `category_id`, `main_category`) VALUES ('74', '71', '0');
INSERT INTO `PREFIX_DB_product_to_category` (`product_id`, `category_id`, `main_category`) VALUES ('74', '85', '0');
INSERT INTO `PREFIX_DB_product_to_category` (`product_id`, `category_id`, `main_category`) VALUES ('74', '76', '0');
INSERT INTO `PREFIX_DB_product_to_category` (`product_id`, `category_id`, `main_category`) VALUES ('74', '97', '0');
INSERT INTO `PREFIX_DB_product_to_category` (`product_id`, `category_id`, `main_category`) VALUES ('74', '88', '0');
INSERT INTO `PREFIX_DB_product_to_category` (`product_id`, `category_id`, `main_category`) VALUES ('74', '98', '0');
INSERT INTO `PREFIX_DB_product_to_category` (`product_id`, `category_id`, `main_category`) VALUES ('74', '100', '0');
INSERT INTO `PREFIX_DB_product_to_category` (`product_id`, `category_id`, `main_category`) VALUES ('74', '91', '0');
INSERT INTO `PREFIX_DB_product_to_category` (`product_id`, `category_id`, `main_category`) VALUES ('74', '20', '0');
INSERT INTO `PREFIX_DB_product_to_category` (`product_id`, `category_id`, `main_category`) VALUES ('74', '96', '0');
INSERT INTO `PREFIX_DB_product_to_category` (`product_id`, `category_id`, `main_category`) VALUES ('74', '92', '0');
INSERT INTO `PREFIX_DB_product_to_category` (`product_id`, `category_id`, `main_category`) VALUES ('74', '99', '0');
INSERT INTO `PREFIX_DB_product_to_category` (`product_id`, `category_id`, `main_category`) VALUES ('74', '87', '0');
INSERT INTO `PREFIX_DB_product_to_category` (`product_id`, `category_id`, `main_category`) VALUES ('74', '101', '0');
INSERT INTO `PREFIX_DB_product_to_category` (`product_id`, `category_id`, `main_category`) VALUES ('74', '94', '0');
INSERT INTO `PREFIX_DB_product_to_category` (`product_id`, `category_id`, `main_category`) VALUES ('74', '93', '0');
INSERT INTO `PREFIX_DB_product_to_category` (`product_id`, `category_id`, `main_category`) VALUES ('74', '79', '0');
INSERT INTO `PREFIX_DB_product_to_category` (`product_id`, `category_id`, `main_category`) VALUES ('74', '60', '0');
INSERT INTO `PREFIX_DB_product_to_category` (`product_id`, `category_id`, `main_category`) VALUES ('74', '70', '0');
INSERT INTO `PREFIX_DB_product_to_category` (`product_id`, `category_id`, `main_category`) VALUES ('74', '68', '0');
INSERT INTO `PREFIX_DB_product_to_category` (`product_id`, `category_id`, `main_category`) VALUES ('74', '95', '0');
INSERT INTO `PREFIX_DB_product_to_category` (`product_id`, `category_id`, `main_category`) VALUES ('74', '69', '0');
INSERT INTO `PREFIX_DB_product_to_category` (`product_id`, `category_id`, `main_category`) VALUES ('74', '61', '0');
INSERT INTO `PREFIX_DB_product_to_category` (`product_id`, `category_id`, `main_category`) VALUES ('74', '80', '0');
INSERT INTO `PREFIX_DB_product_to_category` (`product_id`, `category_id`, `main_category`) VALUES ('74', '59', '0');
INSERT INTO `PREFIX_DB_product_to_category` (`product_id`, `category_id`, `main_category`) VALUES ('74', '62', '0');
INSERT INTO `PREFIX_DB_product_to_category` (`product_id`, `category_id`, `main_category`) VALUES ('74', '67', '0');
INSERT INTO `PREFIX_DB_product_to_category` (`product_id`, `category_id`, `main_category`) VALUES ('74', '26', '0');
INSERT INTO `PREFIX_DB_product_to_category` (`product_id`, `category_id`, `main_category`) VALUES ('74', '90', '0');
INSERT INTO `PREFIX_DB_product_to_category` (`product_id`, `category_id`, `main_category`) VALUES ('78', '82', '0');
INSERT INTO `PREFIX_DB_product_to_category` (`product_id`, `category_id`, `main_category`) VALUES ('78', '63', '0');
INSERT INTO `PREFIX_DB_product_to_category` (`product_id`, `category_id`, `main_category`) VALUES ('78', '85', '0');
INSERT INTO `PREFIX_DB_product_to_category` (`product_id`, `category_id`, `main_category`) VALUES ('78', '84', '0');
INSERT INTO `PREFIX_DB_product_to_category` (`product_id`, `category_id`, `main_category`) VALUES ('78', '77', '0');
INSERT INTO `PREFIX_DB_product_to_category` (`product_id`, `category_id`, `main_category`) VALUES ('78', '71', '0');
INSERT INTO `PREFIX_DB_product_to_category` (`product_id`, `category_id`, `main_category`) VALUES ('78', '74', '0');
INSERT INTO `PREFIX_DB_product_to_category` (`product_id`, `category_id`, `main_category`) VALUES ('78', '78', '0');
INSERT INTO `PREFIX_DB_product_to_category` (`product_id`, `category_id`, `main_category`) VALUES ('78', '80', '0');
INSERT INTO `PREFIX_DB_product_to_category` (`product_id`, `category_id`, `main_category`) VALUES ('78', '81', '0');
INSERT INTO `PREFIX_DB_product_to_category` (`product_id`, `category_id`, `main_category`) VALUES ('78', '73', '0');
INSERT INTO `PREFIX_DB_product_to_category` (`product_id`, `category_id`, `main_category`) VALUES ('78', '76', '0');
INSERT INTO `PREFIX_DB_product_to_category` (`product_id`, `category_id`, `main_category`) VALUES ('78', '72', '0');
INSERT INTO `PREFIX_DB_product_to_category` (`product_id`, `category_id`, `main_category`) VALUES ('78', '83', '0');
INSERT INTO `PREFIX_DB_product_to_category` (`product_id`, `category_id`, `main_category`) VALUES ('78', '79', '0');
INSERT INTO `PREFIX_DB_product_to_category` (`product_id`, `category_id`, `main_category`) VALUES ('78', '98', '0');
INSERT INTO `PREFIX_DB_product_to_category` (`product_id`, `category_id`, `main_category`) VALUES ('78', '91', '0');
INSERT INTO `PREFIX_DB_product_to_category` (`product_id`, `category_id`, `main_category`) VALUES ('78', '88', '0');
INSERT INTO `PREFIX_DB_product_to_category` (`product_id`, `category_id`, `main_category`) VALUES ('78', '90', '0');
INSERT INTO `PREFIX_DB_product_to_category` (`product_id`, `category_id`, `main_category`) VALUES ('78', '92', '0');
INSERT INTO `PREFIX_DB_product_to_category` (`product_id`, `category_id`, `main_category`) VALUES ('78', '100', '0');
INSERT INTO `PREFIX_DB_product_to_category` (`product_id`, `category_id`, `main_category`) VALUES ('78', '96', '0');
INSERT INTO `PREFIX_DB_product_to_category` (`product_id`, `category_id`, `main_category`) VALUES ('78', '94', '0');
INSERT INTO `PREFIX_DB_product_to_category` (`product_id`, `category_id`, `main_category`) VALUES ('78', '97', '0');
INSERT INTO `PREFIX_DB_product_to_category` (`product_id`, `category_id`, `main_category`) VALUES ('78', '101', '0');
INSERT INTO `PREFIX_DB_product_to_category` (`product_id`, `category_id`, `main_category`) VALUES ('78', '95', '0');
INSERT INTO `PREFIX_DB_product_to_category` (`product_id`, `category_id`, `main_category`) VALUES ('78', '87', '0');
INSERT INTO `PREFIX_DB_product_to_category` (`product_id`, `category_id`, `main_category`) VALUES ('78', '99', '0');
INSERT INTO `PREFIX_DB_product_to_category` (`product_id`, `category_id`, `main_category`) VALUES ('78', '20', '0');
INSERT INTO `PREFIX_DB_product_to_category` (`product_id`, `category_id`, `main_category`) VALUES ('78', '93', '0');
INSERT INTO `PREFIX_DB_product_to_category` (`product_id`, `category_id`, `main_category`) VALUES ('78', '60', '0');
INSERT INTO `PREFIX_DB_product_to_category` (`product_id`, `category_id`, `main_category`) VALUES ('78', '61', '0');
INSERT INTO `PREFIX_DB_product_to_category` (`product_id`, `category_id`, `main_category`) VALUES ('78', '62', '0');
INSERT INTO `PREFIX_DB_product_to_category` (`product_id`, `category_id`, `main_category`) VALUES ('78', '26', '0');
INSERT INTO `PREFIX_DB_product_to_category` (`product_id`, `category_id`, `main_category`) VALUES ('78', '89', '0');
INSERT INTO `PREFIX_DB_product_to_category` (`product_id`, `category_id`, `main_category`) VALUES ('78', '59', '0');
INSERT INTO `PREFIX_DB_product_to_category` (`product_id`, `category_id`, `main_category`) VALUES ('78', '69', '0');
INSERT INTO `PREFIX_DB_product_to_category` (`product_id`, `category_id`, `main_category`) VALUES ('78', '75', '0');
INSERT INTO `PREFIX_DB_product_to_category` (`product_id`, `category_id`, `main_category`) VALUES ('78', '70', '0');
INSERT INTO `PREFIX_DB_product_to_category` (`product_id`, `category_id`, `main_category`) VALUES ('78', '68', '0');
INSERT INTO `PREFIX_DB_product_to_category` (`product_id`, `category_id`, `main_category`) VALUES ('78', '67', '1');
INSERT INTO `PREFIX_DB_product_to_category` (`product_id`, `category_id`, `main_category`) VALUES ('79', '87', '0');
INSERT INTO `PREFIX_DB_product_to_category` (`product_id`, `category_id`, `main_category`) VALUES ('79', '20', '0');
INSERT INTO `PREFIX_DB_product_to_category` (`product_id`, `category_id`, `main_category`) VALUES ('79', '97', '0');
INSERT INTO `PREFIX_DB_product_to_category` (`product_id`, `category_id`, `main_category`) VALUES ('79', '99', '0');
INSERT INTO `PREFIX_DB_product_to_category` (`product_id`, `category_id`, `main_category`) VALUES ('79', '94', '0');
INSERT INTO `PREFIX_DB_product_to_category` (`product_id`, `category_id`, `main_category`) VALUES ('79', '101', '0');
INSERT INTO `PREFIX_DB_product_to_category` (`product_id`, `category_id`, `main_category`) VALUES ('79', '100', '0');
INSERT INTO `PREFIX_DB_product_to_category` (`product_id`, `category_id`, `main_category`) VALUES ('79', '92', '0');
INSERT INTO `PREFIX_DB_product_to_category` (`product_id`, `category_id`, `main_category`) VALUES ('79', '90', '0');
INSERT INTO `PREFIX_DB_product_to_category` (`product_id`, `category_id`, `main_category`) VALUES ('79', '88', '0');
INSERT INTO `PREFIX_DB_product_to_category` (`product_id`, `category_id`, `main_category`) VALUES ('79', '91', '0');
INSERT INTO `PREFIX_DB_product_to_category` (`product_id`, `category_id`, `main_category`) VALUES ('79', '95', '0');
INSERT INTO `PREFIX_DB_product_to_category` (`product_id`, `category_id`, `main_category`) VALUES ('79', '96', '0');
INSERT INTO `PREFIX_DB_product_to_category` (`product_id`, `category_id`, `main_category`) VALUES ('79', '98', '0');
INSERT INTO `PREFIX_DB_product_to_category` (`product_id`, `category_id`, `main_category`) VALUES ('79', '89', '0');
INSERT INTO `PREFIX_DB_product_to_category` (`product_id`, `category_id`, `main_category`) VALUES ('79', '77', '0');
INSERT INTO `PREFIX_DB_product_to_category` (`product_id`, `category_id`, `main_category`) VALUES ('79', '84', '0');
INSERT INTO `PREFIX_DB_product_to_category` (`product_id`, `category_id`, `main_category`) VALUES ('79', '85', '0');
INSERT INTO `PREFIX_DB_product_to_category` (`product_id`, `category_id`, `main_category`) VALUES ('79', '79', '0');
INSERT INTO `PREFIX_DB_product_to_category` (`product_id`, `category_id`, `main_category`) VALUES ('79', '83', '0');
INSERT INTO `PREFIX_DB_product_to_category` (`product_id`, `category_id`, `main_category`) VALUES ('79', '72', '0');
INSERT INTO `PREFIX_DB_product_to_category` (`product_id`, `category_id`, `main_category`) VALUES ('79', '76', '0');
INSERT INTO `PREFIX_DB_product_to_category` (`product_id`, `category_id`, `main_category`) VALUES ('79', '81', '0');
INSERT INTO `PREFIX_DB_product_to_category` (`product_id`, `category_id`, `main_category`) VALUES ('79', '78', '0');
INSERT INTO `PREFIX_DB_product_to_category` (`product_id`, `category_id`, `main_category`) VALUES ('79', '74', '0');
INSERT INTO `PREFIX_DB_product_to_category` (`product_id`, `category_id`, `main_category`) VALUES ('79', '80', '0');
INSERT INTO `PREFIX_DB_product_to_category` (`product_id`, `category_id`, `main_category`) VALUES ('79', '63', '0');
INSERT INTO `PREFIX_DB_product_to_category` (`product_id`, `category_id`, `main_category`) VALUES ('79', '73', '0');
INSERT INTO `PREFIX_DB_product_to_category` (`product_id`, `category_id`, `main_category`) VALUES ('79', '71', '0');
INSERT INTO `PREFIX_DB_product_to_category` (`product_id`, `category_id`, `main_category`) VALUES ('79', '82', '0');
INSERT INTO `PREFIX_DB_product_to_category` (`product_id`, `category_id`, `main_category`) VALUES ('79', '60', '0');
INSERT INTO `PREFIX_DB_product_to_category` (`product_id`, `category_id`, `main_category`) VALUES ('79', '59', '0');
INSERT INTO `PREFIX_DB_product_to_category` (`product_id`, `category_id`, `main_category`) VALUES ('79', '26', '0');
INSERT INTO `PREFIX_DB_product_to_category` (`product_id`, `category_id`, `main_category`) VALUES ('79', '61', '0');
INSERT INTO `PREFIX_DB_product_to_category` (`product_id`, `category_id`, `main_category`) VALUES ('79', '75', '0');
INSERT INTO `PREFIX_DB_product_to_category` (`product_id`, `category_id`, `main_category`) VALUES ('79', '70', '0');
INSERT INTO `PREFIX_DB_product_to_category` (`product_id`, `category_id`, `main_category`) VALUES ('79', '62', '0');
INSERT INTO `PREFIX_DB_product_to_category` (`product_id`, `category_id`, `main_category`) VALUES ('79', '93', '0');
INSERT INTO `PREFIX_DB_product_to_category` (`product_id`, `category_id`, `main_category`) VALUES ('79', '68', '0');
INSERT INTO `PREFIX_DB_product_to_category` (`product_id`, `category_id`, `main_category`) VALUES ('79', '67', '0');
INSERT INTO `PREFIX_DB_product_to_category` (`product_id`, `category_id`, `main_category`) VALUES ('79', '69', '1');
INSERT INTO `PREFIX_DB_product_to_category` (`product_id`, `category_id`, `main_category`) VALUES ('80', '82', '0');
INSERT INTO `PREFIX_DB_product_to_category` (`product_id`, `category_id`, `main_category`) VALUES ('80', '63', '0');
INSERT INTO `PREFIX_DB_product_to_category` (`product_id`, `category_id`, `main_category`) VALUES ('80', '85', '0');
INSERT INTO `PREFIX_DB_product_to_category` (`product_id`, `category_id`, `main_category`) VALUES ('80', '84', '0');
INSERT INTO `PREFIX_DB_product_to_category` (`product_id`, `category_id`, `main_category`) VALUES ('80', '77', '0');
INSERT INTO `PREFIX_DB_product_to_category` (`product_id`, `category_id`, `main_category`) VALUES ('80', '71', '0');
INSERT INTO `PREFIX_DB_product_to_category` (`product_id`, `category_id`, `main_category`) VALUES ('80', '74', '0');
INSERT INTO `PREFIX_DB_product_to_category` (`product_id`, `category_id`, `main_category`) VALUES ('80', '78', '0');
INSERT INTO `PREFIX_DB_product_to_category` (`product_id`, `category_id`, `main_category`) VALUES ('80', '80', '0');
INSERT INTO `PREFIX_DB_product_to_category` (`product_id`, `category_id`, `main_category`) VALUES ('80', '81', '0');
INSERT INTO `PREFIX_DB_product_to_category` (`product_id`, `category_id`, `main_category`) VALUES ('80', '73', '0');
INSERT INTO `PREFIX_DB_product_to_category` (`product_id`, `category_id`, `main_category`) VALUES ('80', '76', '0');
INSERT INTO `PREFIX_DB_product_to_category` (`product_id`, `category_id`, `main_category`) VALUES ('80', '72', '0');
INSERT INTO `PREFIX_DB_product_to_category` (`product_id`, `category_id`, `main_category`) VALUES ('80', '83', '0');
INSERT INTO `PREFIX_DB_product_to_category` (`product_id`, `category_id`, `main_category`) VALUES ('80', '79', '0');
INSERT INTO `PREFIX_DB_product_to_category` (`product_id`, `category_id`, `main_category`) VALUES ('80', '98', '0');
INSERT INTO `PREFIX_DB_product_to_category` (`product_id`, `category_id`, `main_category`) VALUES ('80', '91', '0');
INSERT INTO `PREFIX_DB_product_to_category` (`product_id`, `category_id`, `main_category`) VALUES ('80', '88', '0');
INSERT INTO `PREFIX_DB_product_to_category` (`product_id`, `category_id`, `main_category`) VALUES ('80', '90', '0');
INSERT INTO `PREFIX_DB_product_to_category` (`product_id`, `category_id`, `main_category`) VALUES ('80', '92', '0');
INSERT INTO `PREFIX_DB_product_to_category` (`product_id`, `category_id`, `main_category`) VALUES ('80', '100', '0');
INSERT INTO `PREFIX_DB_product_to_category` (`product_id`, `category_id`, `main_category`) VALUES ('80', '95', '0');
INSERT INTO `PREFIX_DB_product_to_category` (`product_id`, `category_id`, `main_category`) VALUES ('80', '94', '0');
INSERT INTO `PREFIX_DB_product_to_category` (`product_id`, `category_id`, `main_category`) VALUES ('80', '99', '0');
INSERT INTO `PREFIX_DB_product_to_category` (`product_id`, `category_id`, `main_category`) VALUES ('80', '101', '0');
INSERT INTO `PREFIX_DB_product_to_category` (`product_id`, `category_id`, `main_category`) VALUES ('80', '96', '0');
INSERT INTO `PREFIX_DB_product_to_category` (`product_id`, `category_id`, `main_category`) VALUES ('80', '87', '0');
INSERT INTO `PREFIX_DB_product_to_category` (`product_id`, `category_id`, `main_category`) VALUES ('80', '97', '0');
INSERT INTO `PREFIX_DB_product_to_category` (`product_id`, `category_id`, `main_category`) VALUES ('80', '20', '0');
INSERT INTO `PREFIX_DB_product_to_category` (`product_id`, `category_id`, `main_category`) VALUES ('80', '69', '0');
INSERT INTO `PREFIX_DB_product_to_category` (`product_id`, `category_id`, `main_category`) VALUES ('80', '61', '0');
INSERT INTO `PREFIX_DB_product_to_category` (`product_id`, `category_id`, `main_category`) VALUES ('80', '60', '0');
INSERT INTO `PREFIX_DB_product_to_category` (`product_id`, `category_id`, `main_category`) VALUES ('80', '26', '0');
INSERT INTO `PREFIX_DB_product_to_category` (`product_id`, `category_id`, `main_category`) VALUES ('80', '89', '0');
INSERT INTO `PREFIX_DB_product_to_category` (`product_id`, `category_id`, `main_category`) VALUES ('80', '59', '0');
INSERT INTO `PREFIX_DB_product_to_category` (`product_id`, `category_id`, `main_category`) VALUES ('80', '75', '0');
INSERT INTO `PREFIX_DB_product_to_category` (`product_id`, `category_id`, `main_category`) VALUES ('80', '62', '0');
INSERT INTO `PREFIX_DB_product_to_category` (`product_id`, `category_id`, `main_category`) VALUES ('80', '70', '0');
INSERT INTO `PREFIX_DB_product_to_category` (`product_id`, `category_id`, `main_category`) VALUES ('80', '67', '0');
INSERT INTO `PREFIX_DB_product_to_category` (`product_id`, `category_id`, `main_category`) VALUES ('80', '68', '1');
INSERT INTO `PREFIX_DB_product_to_category` (`product_id`, `category_id`, `main_category`) VALUES ('80', '93', '0');
INSERT INTO `PREFIX_DB_product_to_category` (`product_id`, `category_id`, `main_category`) VALUES ('81', '87', '0');
INSERT INTO `PREFIX_DB_product_to_category` (`product_id`, `category_id`, `main_category`) VALUES ('81', '20', '0');
INSERT INTO `PREFIX_DB_product_to_category` (`product_id`, `category_id`, `main_category`) VALUES ('81', '97', '0');
INSERT INTO `PREFIX_DB_product_to_category` (`product_id`, `category_id`, `main_category`) VALUES ('81', '99', '0');
INSERT INTO `PREFIX_DB_product_to_category` (`product_id`, `category_id`, `main_category`) VALUES ('81', '94', '0');
INSERT INTO `PREFIX_DB_product_to_category` (`product_id`, `category_id`, `main_category`) VALUES ('81', '101', '0');
INSERT INTO `PREFIX_DB_product_to_category` (`product_id`, `category_id`, `main_category`) VALUES ('81', '100', '0');
INSERT INTO `PREFIX_DB_product_to_category` (`product_id`, `category_id`, `main_category`) VALUES ('81', '92', '0');
INSERT INTO `PREFIX_DB_product_to_category` (`product_id`, `category_id`, `main_category`) VALUES ('81', '90', '0');
INSERT INTO `PREFIX_DB_product_to_category` (`product_id`, `category_id`, `main_category`) VALUES ('81', '88', '0');
INSERT INTO `PREFIX_DB_product_to_category` (`product_id`, `category_id`, `main_category`) VALUES ('81', '91', '0');
INSERT INTO `PREFIX_DB_product_to_category` (`product_id`, `category_id`, `main_category`) VALUES ('81', '95', '0');
INSERT INTO `PREFIX_DB_product_to_category` (`product_id`, `category_id`, `main_category`) VALUES ('81', '96', '0');
INSERT INTO `PREFIX_DB_product_to_category` (`product_id`, `category_id`, `main_category`) VALUES ('81', '98', '0');
INSERT INTO `PREFIX_DB_product_to_category` (`product_id`, `category_id`, `main_category`) VALUES ('81', '89', '0');
INSERT INTO `PREFIX_DB_product_to_category` (`product_id`, `category_id`, `main_category`) VALUES ('81', '77', '0');
INSERT INTO `PREFIX_DB_product_to_category` (`product_id`, `category_id`, `main_category`) VALUES ('81', '84', '0');
INSERT INTO `PREFIX_DB_product_to_category` (`product_id`, `category_id`, `main_category`) VALUES ('81', '85', '0');
INSERT INTO `PREFIX_DB_product_to_category` (`product_id`, `category_id`, `main_category`) VALUES ('81', '79', '0');
INSERT INTO `PREFIX_DB_product_to_category` (`product_id`, `category_id`, `main_category`) VALUES ('81', '83', '0');
INSERT INTO `PREFIX_DB_product_to_category` (`product_id`, `category_id`, `main_category`) VALUES ('81', '72', '0');
INSERT INTO `PREFIX_DB_product_to_category` (`product_id`, `category_id`, `main_category`) VALUES ('81', '80', '0');
INSERT INTO `PREFIX_DB_product_to_category` (`product_id`, `category_id`, `main_category`) VALUES ('81', '81', '0');
INSERT INTO `PREFIX_DB_product_to_category` (`product_id`, `category_id`, `main_category`) VALUES ('81', '73', '0');
INSERT INTO `PREFIX_DB_product_to_category` (`product_id`, `category_id`, `main_category`) VALUES ('81', '74', '0');
INSERT INTO `PREFIX_DB_product_to_category` (`product_id`, `category_id`, `main_category`) VALUES ('81', '76', '0');
INSERT INTO `PREFIX_DB_product_to_category` (`product_id`, `category_id`, `main_category`) VALUES ('81', '63', '0');
INSERT INTO `PREFIX_DB_product_to_category` (`product_id`, `category_id`, `main_category`) VALUES ('81', '78', '0');
INSERT INTO `PREFIX_DB_product_to_category` (`product_id`, `category_id`, `main_category`) VALUES ('81', '71', '0');
INSERT INTO `PREFIX_DB_product_to_category` (`product_id`, `category_id`, `main_category`) VALUES ('81', '62', '0');
INSERT INTO `PREFIX_DB_product_to_category` (`product_id`, `category_id`, `main_category`) VALUES ('81', '59', '0');
INSERT INTO `PREFIX_DB_product_to_category` (`product_id`, `category_id`, `main_category`) VALUES ('81', '60', '0');
INSERT INTO `PREFIX_DB_product_to_category` (`product_id`, `category_id`, `main_category`) VALUES ('81', '61', '0');
INSERT INTO `PREFIX_DB_product_to_category` (`product_id`, `category_id`, `main_category`) VALUES ('81', '75', '0');
INSERT INTO `PREFIX_DB_product_to_category` (`product_id`, `category_id`, `main_category`) VALUES ('81', '70', '1');
INSERT INTO `PREFIX_DB_product_to_category` (`product_id`, `category_id`, `main_category`) VALUES ('81', '93', '0');
INSERT INTO `PREFIX_DB_product_to_category` (`product_id`, `category_id`, `main_category`) VALUES ('81', '26', '0');
INSERT INTO `PREFIX_DB_product_to_category` (`product_id`, `category_id`, `main_category`) VALUES ('81', '68', '0');
INSERT INTO `PREFIX_DB_product_to_category` (`product_id`, `category_id`, `main_category`) VALUES ('81', '69', '0');
INSERT INTO `PREFIX_DB_product_to_category` (`product_id`, `category_id`, `main_category`) VALUES ('81', '67', '0');
INSERT INTO `PREFIX_DB_product_to_category` (`product_id`, `category_id`, `main_category`) VALUES ('81', '82', '0');
INSERT INTO `PREFIX_DB_product_to_category` (`product_id`, `category_id`, `main_category`) VALUES ('82', '79', '0');
INSERT INTO `PREFIX_DB_product_to_category` (`product_id`, `category_id`, `main_category`) VALUES ('82', '75', '0');
INSERT INTO `PREFIX_DB_product_to_category` (`product_id`, `category_id`, `main_category`) VALUES ('82', '98', '0');
INSERT INTO `PREFIX_DB_product_to_category` (`product_id`, `category_id`, `main_category`) VALUES ('82', '88', '0');
INSERT INTO `PREFIX_DB_product_to_category` (`product_id`, `category_id`, `main_category`) VALUES ('82', '97', '0');
INSERT INTO `PREFIX_DB_product_to_category` (`product_id`, `category_id`, `main_category`) VALUES ('82', '93', '0');
INSERT INTO `PREFIX_DB_product_to_category` (`product_id`, `category_id`, `main_category`) VALUES ('82', '87', '1');
INSERT INTO `PREFIX_DB_product_to_category` (`product_id`, `category_id`, `main_category`) VALUES ('82', '99', '0');
INSERT INTO `PREFIX_DB_product_to_category` (`product_id`, `category_id`, `main_category`) VALUES ('82', '101', '0');
INSERT INTO `PREFIX_DB_product_to_category` (`product_id`, `category_id`, `main_category`) VALUES ('82', '92', '0');
INSERT INTO `PREFIX_DB_product_to_category` (`product_id`, `category_id`, `main_category`) VALUES ('82', '94', '0');
INSERT INTO `PREFIX_DB_product_to_category` (`product_id`, `category_id`, `main_category`) VALUES ('82', '96', '0');
INSERT INTO `PREFIX_DB_product_to_category` (`product_id`, `category_id`, `main_category`) VALUES ('82', '20', '0');
INSERT INTO `PREFIX_DB_product_to_category` (`product_id`, `category_id`, `main_category`) VALUES ('82', '91', '0');
INSERT INTO `PREFIX_DB_product_to_category` (`product_id`, `category_id`, `main_category`) VALUES ('82', '100', '0');
INSERT INTO `PREFIX_DB_product_to_category` (`product_id`, `category_id`, `main_category`) VALUES ('82', '84', '0');
INSERT INTO `PREFIX_DB_product_to_category` (`product_id`, `category_id`, `main_category`) VALUES ('82', '81', '0');
INSERT INTO `PREFIX_DB_product_to_category` (`product_id`, `category_id`, `main_category`) VALUES ('82', '83', '0');
INSERT INTO `PREFIX_DB_product_to_category` (`product_id`, `category_id`, `main_category`) VALUES ('82', '74', '0');
INSERT INTO `PREFIX_DB_product_to_category` (`product_id`, `category_id`, `main_category`) VALUES ('82', '73', '0');
INSERT INTO `PREFIX_DB_product_to_category` (`product_id`, `category_id`, `main_category`) VALUES ('82', '63', '0');
INSERT INTO `PREFIX_DB_product_to_category` (`product_id`, `category_id`, `main_category`) VALUES ('82', '76', '0');
INSERT INTO `PREFIX_DB_product_to_category` (`product_id`, `category_id`, `main_category`) VALUES ('82', '78', '0');
INSERT INTO `PREFIX_DB_product_to_category` (`product_id`, `category_id`, `main_category`) VALUES ('82', '85', '0');
INSERT INTO `PREFIX_DB_product_to_category` (`product_id`, `category_id`, `main_category`) VALUES ('82', '82', '0');
INSERT INTO `PREFIX_DB_product_to_category` (`product_id`, `category_id`, `main_category`) VALUES ('82', '71', '0');
INSERT INTO `PREFIX_DB_product_to_category` (`product_id`, `category_id`, `main_category`) VALUES ('82', '89', '0');
INSERT INTO `PREFIX_DB_product_to_category` (`product_id`, `category_id`, `main_category`) VALUES ('82', '77', '0');
INSERT INTO `PREFIX_DB_product_to_category` (`product_id`, `category_id`, `main_category`) VALUES ('82', '90', '0');
INSERT INTO `PREFIX_DB_product_to_category` (`product_id`, `category_id`, `main_category`) VALUES ('82', '69', '0');
INSERT INTO `PREFIX_DB_product_to_category` (`product_id`, `category_id`, `main_category`) VALUES ('82', '68', '0');
INSERT INTO `PREFIX_DB_product_to_category` (`product_id`, `category_id`, `main_category`) VALUES ('82', '72', '0');
INSERT INTO `PREFIX_DB_product_to_category` (`product_id`, `category_id`, `main_category`) VALUES ('82', '67', '0');
INSERT INTO `PREFIX_DB_product_to_category` (`product_id`, `category_id`, `main_category`) VALUES ('82', '26', '0');
INSERT INTO `PREFIX_DB_product_to_category` (`product_id`, `category_id`, `main_category`) VALUES ('82', '95', '0');
INSERT INTO `PREFIX_DB_product_to_category` (`product_id`, `category_id`, `main_category`) VALUES ('82', '61', '0');
INSERT INTO `PREFIX_DB_product_to_category` (`product_id`, `category_id`, `main_category`) VALUES ('82', '60', '0');
INSERT INTO `PREFIX_DB_product_to_category` (`product_id`, `category_id`, `main_category`) VALUES ('82', '70', '0');
INSERT INTO `PREFIX_DB_product_to_category` (`product_id`, `category_id`, `main_category`) VALUES ('82', '62', '0');
INSERT INTO `PREFIX_DB_product_to_category` (`product_id`, `category_id`, `main_category`) VALUES ('82', '59', '0');
INSERT INTO `PREFIX_DB_product_to_category` (`product_id`, `category_id`, `main_category`) VALUES ('82', '80', '0');

TRUNCATE TABLE `PREFIX_DB_product_to_layout`;

INSERT INTO `PREFIX_DB_product_to_layout` (`product_id`, `store_id`, `layout_id`) VALUES ('57', '0', '0');
INSERT INTO `PREFIX_DB_product_to_layout` (`product_id`, `store_id`, `layout_id`) VALUES ('50', '0', '0');
INSERT INTO `PREFIX_DB_product_to_layout` (`product_id`, `store_id`, `layout_id`) VALUES ('51', '0', '0');
INSERT INTO `PREFIX_DB_product_to_layout` (`product_id`, `store_id`, `layout_id`) VALUES ('52', '0', '0');
INSERT INTO `PREFIX_DB_product_to_layout` (`product_id`, `store_id`, `layout_id`) VALUES ('53', '0', '0');
INSERT INTO `PREFIX_DB_product_to_layout` (`product_id`, `store_id`, `layout_id`) VALUES ('54', '0', '0');
INSERT INTO `PREFIX_DB_product_to_layout` (`product_id`, `store_id`, `layout_id`) VALUES ('55', '0', '0');
INSERT INTO `PREFIX_DB_product_to_layout` (`product_id`, `store_id`, `layout_id`) VALUES ('56', '0', '0');
INSERT INTO `PREFIX_DB_product_to_layout` (`product_id`, `store_id`, `layout_id`) VALUES ('58', '0', '0');
INSERT INTO `PREFIX_DB_product_to_layout` (`product_id`, `store_id`, `layout_id`) VALUES ('59', '0', '0');
INSERT INTO `PREFIX_DB_product_to_layout` (`product_id`, `store_id`, `layout_id`) VALUES ('60', '0', '0');
INSERT INTO `PREFIX_DB_product_to_layout` (`product_id`, `store_id`, `layout_id`) VALUES ('61', '0', '0');
INSERT INTO `PREFIX_DB_product_to_layout` (`product_id`, `store_id`, `layout_id`) VALUES ('62', '0', '0');
INSERT INTO `PREFIX_DB_product_to_layout` (`product_id`, `store_id`, `layout_id`) VALUES ('63', '0', '0');
INSERT INTO `PREFIX_DB_product_to_layout` (`product_id`, `store_id`, `layout_id`) VALUES ('64', '0', '0');
INSERT INTO `PREFIX_DB_product_to_layout` (`product_id`, `store_id`, `layout_id`) VALUES ('65', '0', '0');
INSERT INTO `PREFIX_DB_product_to_layout` (`product_id`, `store_id`, `layout_id`) VALUES ('66', '0', '0');
INSERT INTO `PREFIX_DB_product_to_layout` (`product_id`, `store_id`, `layout_id`) VALUES ('67', '0', '0');
INSERT INTO `PREFIX_DB_product_to_layout` (`product_id`, `store_id`, `layout_id`) VALUES ('68', '0', '0');
INSERT INTO `PREFIX_DB_product_to_layout` (`product_id`, `store_id`, `layout_id`) VALUES ('69', '0', '0');
INSERT INTO `PREFIX_DB_product_to_layout` (`product_id`, `store_id`, `layout_id`) VALUES ('70', '0', '0');
INSERT INTO `PREFIX_DB_product_to_layout` (`product_id`, `store_id`, `layout_id`) VALUES ('72', '0', '0');
INSERT INTO `PREFIX_DB_product_to_layout` (`product_id`, `store_id`, `layout_id`) VALUES ('73', '0', '0');
INSERT INTO `PREFIX_DB_product_to_layout` (`product_id`, `store_id`, `layout_id`) VALUES ('74', '0', '0');
INSERT INTO `PREFIX_DB_product_to_layout` (`product_id`, `store_id`, `layout_id`) VALUES ('78', '0', '0');
INSERT INTO `PREFIX_DB_product_to_layout` (`product_id`, `store_id`, `layout_id`) VALUES ('79', '0', '0');
INSERT INTO `PREFIX_DB_product_to_layout` (`product_id`, `store_id`, `layout_id`) VALUES ('80', '0', '0');
INSERT INTO `PREFIX_DB_product_to_layout` (`product_id`, `store_id`, `layout_id`) VALUES ('81', '0', '0');
INSERT INTO `PREFIX_DB_product_to_layout` (`product_id`, `store_id`, `layout_id`) VALUES ('82', '0', '0');


TRUNCATE TABLE `PREFIX_DB_product_to_store`;

INSERT INTO `PREFIX_DB_product_to_store` (`product_id`, `store_id`) VALUES ('50', '0');
INSERT INTO `PREFIX_DB_product_to_store` (`product_id`, `store_id`) VALUES ('51', '0');
INSERT INTO `PREFIX_DB_product_to_store` (`product_id`, `store_id`) VALUES ('52', '0');
INSERT INTO `PREFIX_DB_product_to_store` (`product_id`, `store_id`) VALUES ('53', '0');
INSERT INTO `PREFIX_DB_product_to_store` (`product_id`, `store_id`) VALUES ('54', '0');
INSERT INTO `PREFIX_DB_product_to_store` (`product_id`, `store_id`) VALUES ('55', '0');
INSERT INTO `PREFIX_DB_product_to_store` (`product_id`, `store_id`) VALUES ('56', '0');
INSERT INTO `PREFIX_DB_product_to_store` (`product_id`, `store_id`) VALUES ('57', '0');
INSERT INTO `PREFIX_DB_product_to_store` (`product_id`, `store_id`) VALUES ('58', '0');
INSERT INTO `PREFIX_DB_product_to_store` (`product_id`, `store_id`) VALUES ('59', '0');
INSERT INTO `PREFIX_DB_product_to_store` (`product_id`, `store_id`) VALUES ('60', '0');
INSERT INTO `PREFIX_DB_product_to_store` (`product_id`, `store_id`) VALUES ('61', '0');
INSERT INTO `PREFIX_DB_product_to_store` (`product_id`, `store_id`) VALUES ('62', '0');
INSERT INTO `PREFIX_DB_product_to_store` (`product_id`, `store_id`) VALUES ('63', '0');
INSERT INTO `PREFIX_DB_product_to_store` (`product_id`, `store_id`) VALUES ('64', '0');
INSERT INTO `PREFIX_DB_product_to_store` (`product_id`, `store_id`) VALUES ('65', '0');
INSERT INTO `PREFIX_DB_product_to_store` (`product_id`, `store_id`) VALUES ('66', '0');
INSERT INTO `PREFIX_DB_product_to_store` (`product_id`, `store_id`) VALUES ('67', '0');
INSERT INTO `PREFIX_DB_product_to_store` (`product_id`, `store_id`) VALUES ('68', '0');
INSERT INTO `PREFIX_DB_product_to_store` (`product_id`, `store_id`) VALUES ('69', '0');
INSERT INTO `PREFIX_DB_product_to_store` (`product_id`, `store_id`) VALUES ('70', '0');
INSERT INTO `PREFIX_DB_product_to_store` (`product_id`, `store_id`) VALUES ('72', '0');
INSERT INTO `PREFIX_DB_product_to_store` (`product_id`, `store_id`) VALUES ('73', '0');
INSERT INTO `PREFIX_DB_product_to_store` (`product_id`, `store_id`) VALUES ('74', '0');
INSERT INTO `PREFIX_DB_product_to_store` (`product_id`, `store_id`) VALUES ('78', '0');
INSERT INTO `PREFIX_DB_product_to_store` (`product_id`, `store_id`) VALUES ('79', '0');
INSERT INTO `PREFIX_DB_product_to_store` (`product_id`, `store_id`) VALUES ('80', '0');
INSERT INTO `PREFIX_DB_product_to_store` (`product_id`, `store_id`) VALUES ('81', '0');
INSERT INTO `PREFIX_DB_product_to_store` (`product_id`, `store_id`) VALUES ('82', '0');


TRUNCATE TABLE `PREFIX_DB_return_action`;

INSERT INTO `PREFIX_DB_return_action` (`return_action_id`, `language_id`, `name`) VALUES ('1', '1', 'Возвращены средства');
INSERT INTO `PREFIX_DB_return_action` (`return_action_id`, `language_id`, `name`) VALUES ('2', '1', 'Выдан в кредит');
INSERT INTO `PREFIX_DB_return_action` (`return_action_id`, `language_id`, `name`) VALUES ('3', '1', 'Отправлена замена (отправлен другой товар для замены)');
INSERT INTO `PREFIX_DB_return_action` (`return_action_id`, `language_id`, `name`) VALUES ('1', '2', 'Refunded');
INSERT INTO `PREFIX_DB_return_action` (`return_action_id`, `language_id`, `name`) VALUES ('2', '2', 'Credit Issued');
INSERT INTO `PREFIX_DB_return_action` (`return_action_id`, `language_id`, `name`) VALUES ('3', '2', 'Replacement Sent');


TRUNCATE TABLE `PREFIX_DB_return_reason`;

INSERT INTO `PREFIX_DB_return_reason` (`return_reason_id`, `language_id`, `name`) VALUES ('1', '1', 'Получен/доставлен неисправным (сломанным)');
INSERT INTO `PREFIX_DB_return_reason` (`return_reason_id`, `language_id`, `name`) VALUES ('2', '1', 'Получен не тот (ошибочный) товар');
INSERT INTO `PREFIX_DB_return_reason` (`return_reason_id`, `language_id`, `name`) VALUES ('4', '1', 'Ошибочный, пожалуйста, укажите/приложите подробности');
INSERT INTO `PREFIX_DB_return_reason` (`return_reason_id`, `language_id`, `name`) VALUES ('5', '1', 'Другое (другая причина), пожалуйста, укажите/приложите подробности');
INSERT INTO `PREFIX_DB_return_reason` (`return_reason_id`, `language_id`, `name`) VALUES ('1', '2', 'Dead On Arrival');
INSERT INTO `PREFIX_DB_return_reason` (`return_reason_id`, `language_id`, `name`) VALUES ('2', '2', 'Received Wrong Item');
INSERT INTO `PREFIX_DB_return_reason` (`return_reason_id`, `language_id`, `name`) VALUES ('4', '2', 'Faulty, please supply details');
INSERT INTO `PREFIX_DB_return_reason` (`return_reason_id`, `language_id`, `name`) VALUES ('5', '2', 'Other, please supply details');


TRUNCATE TABLE `PREFIX_DB_return_status`;

INSERT INTO `PREFIX_DB_return_status` (`return_status_id`, `language_id`, `name`) VALUES ('1', '1', 'В обработке');
INSERT INTO `PREFIX_DB_return_status` (`return_status_id`, `language_id`, `name`) VALUES ('3', '1', 'Готов (к отправке) / или Завершен');
INSERT INTO `PREFIX_DB_return_status` (`return_status_id`, `language_id`, `name`) VALUES ('2', '1', 'В ожидании');
INSERT INTO `PREFIX_DB_return_status` (`return_status_id`, `language_id`, `name`) VALUES ('1', '2', 'Pending');
INSERT INTO `PREFIX_DB_return_status` (`return_status_id`, `language_id`, `name`) VALUES ('3', '2', 'Complete');
INSERT INTO `PREFIX_DB_return_status` (`return_status_id`, `language_id`, `name`) VALUES ('2', '2', 'Awaiting Products');


TRUNCATE TABLE `PREFIX_DB_review`;

INSERT INTO `PREFIX_DB_review` (`review_id`, `product_id`, `customer_id`, `author`, `text`, `rating`, `status`, `date_added`, `date_modified`) VALUES ('26', '72', '0', 'Инна', 'Только купила, не могу о каких-то тонкостях судить, но это не смартфон, а вертолёт)). Реакция на клик не больше двух секунд, хотя установила туда точную копию рабочего компа, кроме AutoCad. За счёт формы задней панели очень удобный в руке, несмотря на внушительные габариты. Вопрос быстрой разрядки телефона легко сняла автономной батареей на 12000. Всегда пользовалась Самсунгами, думала настроиться на новый интерфейс будет сложно, но он на столько понятен, что разобралась со всем в течение часа.', '4', '1', '2017-03-10 15:53:17', '2017-03-10 18:59:09');
INSERT INTO `PREFIX_DB_review` (`review_id`, `product_id`, `customer_id`, `author`, `text`, `rating`, `status`, `date_added`, `date_modified`) VALUES ('27', '73', '0', 'Андрей', 'Телефон супер! Фотографии получаются даже в темноте и движении(на фронтальной тоже), нужно иметь совсем кривые руки, чтобы испортить их. Батарея держит хорошо, заряжается быстро. При играх почти не нагревается.', '5', '1', '2017-03-10 15:54:26', '2017-03-10 18:59:05');
INSERT INTO `PREFIX_DB_review` (`review_id`, `product_id`, `customer_id`, `author`, `text`, `rating`, `status`, `date_added`, `date_modified`) VALUES ('28', '74', '0', 'Александр', 'Пользуюсь уже три месяца, официал. Телефон разочаровал больше чем порадовал. Глючит когда открываешь телефонную книгу. Во время входящего звонка ему нужно 15 секунд чтобы высветить имя контакта.', '3', '1', '2017-03-10 15:56:17', '2017-03-10 18:59:00');
INSERT INTO `PREFIX_DB_review` (`review_id`, `product_id`, `customer_id`, `author`, `text`, `rating`, `status`, `date_added`, `date_modified`) VALUES ('45', '65', '0', 'Анатолий', 'Работаю уже два месяца на оном.Одно удовольствие. Игры типа доты 2 идут в 4к нормально, единственное что -- нагревается сильно, решил покупкой внешнего охлаждения.Экран превосходный, радость для глаз.Тачскрин работает без нареканей. Так же порадовал тачпад, очень отзывчивый, почти что как на маке.Отлично тянет два монитора через док-станцию calDigit usb-c.К сожалению док-станции dell дают ощутимую задержку для внешнего монитора.Сборка очень плотная, ничего не скрипит, как в acer, lenovo, asus etc.Отдельно отмечу звуковую карту, звук в профессионалньных просто невероятный.Еще из минусов -- маркая карбоновая поверхность, втроенное по лучше сразу сносить, камера смотрит снизу - ваше лицо становится толще :)', '5', '1', '2017-03-11 08:29:07', '2017-03-11 08:41:29');
INSERT INTO `PREFIX_DB_review` (`review_id`, `product_id`, `customer_id`, `author`, `text`, `rating`, `status`, `date_added`, `date_modified`) VALUES ('29', '78', '0', 'Вячеслав', 'Для меня достаточно тех функций, которые обеспечивает сей аппарат. Есть модели более навороченные, но тут совпали критерии: цена, качество, дизайн.', '5', '1', '2017-03-10 15:57:12', '2017-03-10 18:58:50');
INSERT INTO `PREFIX_DB_review` (`review_id`, `product_id`, `customer_id`, `author`, `text`, `rating`, `status`, `date_added`, `date_modified`) VALUES ('30', '52', '0', 'Артем', 'Отличный телевизор. Своих денег стоит. Смотрим по нему местное ТВ.', '5', '1', '2017-03-10 15:58:28', '2017-03-10 18:58:46');
INSERT INTO `PREFIX_DB_review` (`review_id`, `product_id`, `customer_id`, `author`, `text`, `rating`, `status`, `date_added`, `date_modified`) VALUES ('31', '80', '0', 'Вячеслав', 'Купил в надежде что очередное зарядное окажется способным заряжать, увы, даже за такие деньги продукт оказался не качественным.', '2', '1', '2017-03-10 15:59:44', '2017-03-10 18:58:38');
INSERT INTO `PREFIX_DB_review` (`review_id`, `product_id`, `customer_id`, `author`, `text`, `rating`, `status`, `date_added`, `date_modified`) VALUES ('32', '58', '0', 'Александр ', 'Подскажите стоит брать эту модель или Кронштейн X-DIGITAL 30-52&quot; PLB109M Black', '5', '1', '2017-03-10 16:07:39', '2017-03-10 18:59:36');
INSERT INTO `PREFIX_DB_review` (`review_id`, `product_id`, `customer_id`, `author`, `text`, `rating`, `status`, `date_added`, `date_modified`) VALUES ('33', '57', '0', 'Рома', 'Вопрос к представителю компании Asus, каким образом измерялась длина монитора от одно края точки до другого прямой линией или изогнутой как и сам монитор?', '5', '1', '2017-03-10 16:09:08', '2017-03-10 18:58:14');
INSERT INTO `PREFIX_DB_review` (`review_id`, `product_id`, `customer_id`, `author`, `text`, `rating`, `status`, `date_added`, `date_modified`) VALUES ('34', '54', '0', 'Юрий', 'Отличный монитор, засветов нет, битых пикселей нет. Качество картинки на высоте.', '4', '1', '2017-03-10 16:11:09', '2017-03-10 18:58:10');
INSERT INTO `PREFIX_DB_review` (`review_id`, `product_id`, `customer_id`, `author`, `text`, `rating`, `status`, `date_added`, `date_modified`) VALUES ('35', '55', '0', 'Роман', 'В целом монитор хороший! Брал для веб дизайна, и не жалею.Цветопередача отличная, насыщенный желтый, естественный синий. Видно что калибровка с завода была сделана на совесть.Даже не пришлось подстраивать яркость и контрастность, она уже стоит в оптимально удобном для глаз режиме.По сути включил, и сразу стал работать.Мониторов у меня было много, я их меняю каждые 2-3 года, так как после этого периода лампы уже садиться и цветопередача немного отличается от реальности, для обычного пользователя этого не заметно, но для веб дизайна это критично. Особенно в серых тонах.Так вот по сравнению с предыдущими, могу сказать, что вариант вполне достойный!', '5', '1', '2017-03-10 16:12:04', '2017-03-10 18:58:06');
INSERT INTO `PREFIX_DB_review` (`review_id`, `product_id`, `customer_id`, `author`, `text`, `rating`, `status`, `date_added`, `date_modified`) VALUES ('36', '56', '0', 'Владимир', 'Брал вместо Apple Cinema Display 27. Искал только с USB-C с зарядкой для нового Macbook Pro 2016.', '4', '1', '2017-03-10 16:13:00', '2017-03-10 18:57:57');
INSERT INTO `PREFIX_DB_review` (`review_id`, `product_id`, `customer_id`, `author`, `text`, `rating`, `status`, `date_added`, `date_modified`) VALUES ('37', '61', '0', 'Евгений', 'Ноутбук подойдёт для офисной работы, просмотр фильмов, сёрфинг в интернете. Поиграть не получится, но за такую цену глупо ожидать игровой ноутбук', '4', '1', '2017-03-10 18:48:41', '2017-03-10 18:57:46');
INSERT INTO `PREFIX_DB_review` (`review_id`, `product_id`, `customer_id`, `author`, `text`, `rating`, `status`, `date_added`, `date_modified`) VALUES ('38', '62', '0', 'Владислав', 'Получил в подарок, юзаю второй день , ничего пока толкового не напишу... но внешне- зачетный ., приятно работать. Отпишусь еще.', '5', '1', '2017-03-10 18:49:45', '2017-03-10 18:57:40');
INSERT INTO `PREFIX_DB_review` (`review_id`, `product_id`, `customer_id`, `author`, `text`, `rating`, `status`, `date_added`, `date_modified`) VALUES ('39', '67', '0', 'Дмитрий', 'Достаточно тонкий как для игрового ноута! Качество сборки хорошее!', '5', '1', '2017-03-10 18:50:44', '2017-03-10 18:57:30');
INSERT INTO `PREFIX_DB_review` (`review_id`, `product_id`, `customer_id`, `author`, `text`, `rating`, `status`, `date_added`, `date_modified`) VALUES ('40', '68', '0', 'Сергей', 'Покупался для работы. Печатная машинка.', '5', '1', '2017-03-10 18:52:27', '2017-03-10 18:57:24');
INSERT INTO `PREFIX_DB_review` (`review_id`, `product_id`, `customer_id`, `author`, `text`, `rating`, `status`, `date_added`, `date_modified`) VALUES ('41', '69', '0', 'Руслана', 'У самого такой доволен игры тянетВопрос к представителям Dell или тех.отделу компании, в этой модели есть RJ-45? Для меня это критично, хотел брать но и за RJ-45 передумал( в описании его нет ,может опечатка).', '5', '1', '2017-03-10 18:53:41', '2017-03-10 18:57:19');
INSERT INTO `PREFIX_DB_review` (`review_id`, `product_id`, `customer_id`, `author`, `text`, `rating`, `status`, `date_added`, `date_modified`) VALUES ('42', '70', '0', 'Денис ', 'Добротно сделанная машинка, легкая и приятная на ощупь. Радует отсутствие привода и возможность установить на это место SSD. Мама пользуется с удовольствием.', '4', '1', '2017-03-10 18:54:32', '2017-03-10 18:57:15');
INSERT INTO `PREFIX_DB_review` (`review_id`, `product_id`, `customer_id`, `author`, `text`, `rating`, `status`, `date_added`, `date_modified`) VALUES ('43', '66', '0', 'Сергей', 'Добротно сделанная машинка, легкая и приятная на ощупь. Радует отсутствие привода и возможность установить на это место SSD. Мама пользуется с удовольствием.', '5', '1', '2017-03-10 18:55:14', '2017-03-10 18:57:11');
INSERT INTO `PREFIX_DB_review` (`review_id`, `product_id`, `customer_id`, `author`, `text`, `rating`, `status`, `date_added`, `date_modified`) VALUES ('44', '64', '0', 'Влад ', 'Как на него поставить windows 7? Включил Legacy Support, загрузился с флешки (фоновое изображение как будто битности не хватает в графике), затем пишет ошибку драйвера оптического диска. Пробовал на всех USB портах, не помогает.', '5', '1', '2017-03-10 18:56:20', '2017-03-10 18:57:07');
INSERT INTO `PREFIX_DB_review` (`review_id`, `product_id`, `customer_id`, `author`, `text`, `rating`, `status`, `date_added`, `date_modified`) VALUES ('46', '63', '0', 'Дима', 'Он игровой а значит он тянет игры такие как world of tanks , counter-strike global ofensive и так далле', '4', '1', '2017-03-11 08:29:50', '2017-03-11 08:41:26');
INSERT INTO `PREFIX_DB_review` (`review_id`, `product_id`, `customer_id`, `author`, `text`, `rating`, `status`, `date_added`, `date_modified`) VALUES ('47', '60', '0', 'Александр', 'Достался в комплекте с телевизором. Требует привычки рук, но это все мелочи. Субьективно, на много удобнее клавиатуры и мыши. Клавиатуру держать не шибко удобно, а для мыши нужно покрытие, по которому ее ялозить можно. Короче, рекомендую.', '5', '1', '2017-03-11 08:30:39', '2017-03-11 08:41:23');
INSERT INTO `PREFIX_DB_review` (`review_id`, `product_id`, `customer_id`, `author`, `text`, `rating`, `status`, `date_added`, `date_modified`) VALUES ('48', '82', '0', 'Олег', 'Больше всего смущает соединение смарт часов по блютуз, понятно, что все смартчасы соединяются по синему зубу, но, при этом батарея очень быстро разряжается на смртфоне.', '5', '1', '2017-03-11 08:32:03', '2017-03-11 08:41:21');
INSERT INTO `PREFIX_DB_review` (`review_id`, `product_id`, `customer_id`, `author`, `text`, `rating`, `status`, `date_added`, `date_modified`) VALUES ('49', '51', '0', 'Егор', 'Огромный экран з невероятно чёткой картинкой и сочными цветами и оттенками. Смарт удивил простым смарт-меню и возможностями, от простого просмотра фильмов с браузера. до загрузки собственных плейлистов. Телевизор совместим с обычной клавиатурой и обычной мышкой от компьютера и в нете как за компом, разве что нельзя ничего скачивать... Точнее можно, но только с магазина приложений LG store. Скачивать, точнее устанавливать есть что: много виджетов с фильмами, мультами и сериалами, игры, а также информационные виджеты или виджеты для загрузки плейлистов &quot;Комфортное ТВ&quot; или SSIPTV. Телевизор не просто оправдал ожидания, а даже удивил возможностями и продуманным и отлично адаптированным по пользователя роботой в интернете.', '5', '1', '2017-03-11 08:33:07', '2017-03-11 08:41:18');
INSERT INTO `PREFIX_DB_review` (`review_id`, `product_id`, `customer_id`, `author`, `text`, `rating`, `status`, `date_added`, `date_modified`) VALUES ('51', '50', '0', 'Богдан', 'Показывает красиво, работает быстро. Оформил подписку на oll.tv - доволен. Вайфай связь держит нормально, онлайн просмотр без тормозов и &quot;выкидываний&quot; с приложений. Да нет браузера, но я для себя сразу решил, что на телевизоре по интернету лазить не буду. А смотреть фильмы в браузере очень не комфортно, на сайтах где фильмы бесплатно, они как правило в плохом качестве. Так что мне браузер оказался совсем не нужен. Телик зачётный и качественный.', '4', '1', '2017-03-11 08:35:58', '2017-03-11 08:41:12');
INSERT INTO `PREFIX_DB_review` (`review_id`, `product_id`, `customer_id`, `author`, `text`, `rating`, `status`, `date_added`, `date_modified`) VALUES ('52', '59', '0', 'Андрей', 'Купили. Подключили. Сначала нашел все 32 канала. На второй день половину пропало. А на выходных или ловило 8 или не ловило ничего. Прошло 2 недели - перестал нормально работать пульт от устройства. При этом проблема с сигналом не пропадала. Дом стоит на возвышении и в зоне покрытия вышки. Антенна с усилителем и направлена в сторону источника сигнала. Позвонили консультанту - либо антенна плохая, либо мы неправильно настроили, либо нам усилитель надо, либо еще что-то.ВЕРДИКТ: не рекомендую брать вообще этого производителя. Оно того не стоит.', '3', '1', '2017-03-11 08:37:13', '2017-03-11 08:41:07');
INSERT INTO `PREFIX_DB_review` (`review_id`, `product_id`, `customer_id`, `author`, `text`, `rating`, `status`, `date_added`, `date_modified`) VALUES ('53', '81', '0', 'Олег', 'Захват прикольный, купил несколько месяцев назад, держится на панели отлично, телефон (Moto X Play 5.5&quot;) держит хорошо, но есть два нюанса которые несколько портят впечатление1. NFC - время от времени повторно срабатывает когда телефон уже зафиксирован в держателе. Независимо, в движении или нет. Возможно из-за выгнутой спинки телефона2. При езде по нашим ровным дорогам поскрипывает та часть, которая именно держит телефон, и шарнир возле неё. Сам телефон лёгкий', '5', '1', '2017-03-11 08:38:08', '2017-03-11 08:41:04');
INSERT INTO `PREFIX_DB_review` (`review_id`, `product_id`, `customer_id`, `author`, `text`, `rating`, `status`, `date_added`, `date_modified`) VALUES ('54', '79', '0', 'Настя', 'Сел отлично без люфтов и зазоров. качеством доволен. ', '5', '1', '2017-03-11 08:40:29', '2017-03-11 08:41:01');


TRUNCATE TABLE `PREFIX_DB_review_dig_lim`;

INSERT INTO `PREFIX_DB_review_dig_lim` (`review_id`, `dignity`, `limitations`) VALUES ('26', 'Скорость, удобный дизайн, камеры', 'Цена');
INSERT INTO `PREFIX_DB_review_dig_lim` (`review_id`, `dignity`, `limitations`) VALUES ('27', 'Отличная камера, батарея, сканер отпечатка', 'Нестандартный разъем для зарядки');
INSERT INTO `PREFIX_DB_review_dig_lim` (`review_id`, `dignity`, `limitations`) VALUES ('28', 'Дизайн, имидж ', 'Тормозит при работе с телефонной книгой, камера не очень, бетарея');
INSERT INTO `PREFIX_DB_review_dig_lim` (`review_id`, `dignity`, `limitations`) VALUES ('45', 'Экран, сборка, тачпад, скорость работы hdd, тачскрин', 'немного шумит, немного греется, по dell, были проблемы с по для bios, решились обновлением');
INSERT INTO `PREFIX_DB_review_dig_lim` (`review_id`, `dignity`, `limitations`) VALUES ('29', 'Компактность, дизайн, характеристики. ', 'Не обнаружил.');
INSERT INTO `PREFIX_DB_review_dig_lim` (`review_id`, `dignity`, `limitations`) VALUES ('30', 'БОЛЬШОЙ И красивый! ', 'Короткий кабель питания. ');
INSERT INTO `PREFIX_DB_review_dig_lim` (`review_id`, `dignity`, `limitations`) VALUES ('31', 'Внешний вид, добротная конструкция', 'Зарядный ток на замере не превысил 0,4А в отличие от ноунэйм который выдал 1,6А.');
INSERT INTO `PREFIX_DB_review_dig_lim` (`review_id`, `dignity`, `limitations`) VALUES ('32', 'опишите про эту модель поподробнее сумма немаленькая', '');
INSERT INTO `PREFIX_DB_review_dig_lim` (`review_id`, `dignity`, `limitations`) VALUES ('33', 'Хорошо подходит для чата ', 'Нет');
INSERT INTO `PREFIX_DB_review_dig_lim` (`review_id`, `dignity`, `limitations`) VALUES ('34', 'Цена - качество ', ' При выключении компьютера не переходит в спящий режим, но скорее всего это проблема с HDMI кабелем');
INSERT INTO `PREFIX_DB_review_dig_lim` (`review_id`, `dignity`, `limitations`) VALUES ('35', 'USB-концентратор ', 'Ціна, комплектація ');
INSERT INTO `PREFIX_DB_review_dig_lim` (`review_id`, `dignity`, `limitations`) VALUES ('36', 'USB-C с зарядкой для нового Macbook Pro 2016, высокое разрешение + синхронизация портов USB с Macbook через USB-C', 'Блеклая картинка, яркости на 30% меньше чем в Macbook Pro 2016');
INSERT INTO `PREFIX_DB_review_dig_lim` (`review_id`, `dignity`, `limitations`) VALUES ('37', 'Для своей категории нормальный ноутбук', 'Качество пластика не очень, на моём ACER по-лучше, но он в 2 раза дороже');
INSERT INTO `PREFIX_DB_review_dig_lim` (`review_id`, `dignity`, `limitations`) VALUES ('38', 'Внешний вид, экран', 'Нет');
INSERT INTO `PREFIX_DB_review_dig_lim` (`review_id`, `dignity`, `limitations`) VALUES ('39', 'Экран', 'Не вижу ');
INSERT INTO `PREFIX_DB_review_dig_lim` (`review_id`, `dignity`, `limitations`) VALUES ('40', 'Маркий пластик корпуса. Отсутствие Ethernet разъема.', 'Некоторые трудности установки драйверов под W7.');
INSERT INTO `PREFIX_DB_review_dig_lim` (`review_id`, `dignity`, `limitations`) VALUES ('41', 'Съёмная батарея, два слота под оперативную память.', 'Крепление батареи, рамка экрана, штекер питания.');
INSERT INTO `PREFIX_DB_review_dig_lim` (`review_id`, `dignity`, `limitations`) VALUES ('42', 'цена, качество сборки, звук ', 'бюджетная матрица с большой инверсией цветов при взгляде под углом');
INSERT INTO `PREFIX_DB_review_dig_lim` (`review_id`, `dignity`, `limitations`) VALUES ('43', 'цена, качество сборки, звук ', 'бюджетная матрица с большой инверсией цветов при взгляде под углом ');
INSERT INTO `PREFIX_DB_review_dig_lim` (`review_id`, `dignity`, `limitations`) VALUES ('44', 'лёгкий, приятный, на вин10 очень шустрый ', ' головняк с установкой, немного трешит жесткий диск, корпус дешевенький, немножко громкие как по мне кнопки. ');
INSERT INTO `PREFIX_DB_review_dig_lim` (`review_id`, `dignity`, `limitations`) VALUES ('46', ' Квадратный экран и игру или игры лучше видно', 'Дорого');
INSERT INTO `PREFIX_DB_review_dig_lim` (`review_id`, `dignity`, `limitations`) VALUES ('47', 'Удобен. Прост в управлении ', 'Не хватает кнопок перемотки, следующий/предыдущий трек');
INSERT INTO `PREFIX_DB_review_dig_lim` (`review_id`, `dignity`, `limitations`) VALUES ('48', 'пылевлагозащита, софт ', 'пока не совершенно работают с iOS, но думаю поправят ');
INSERT INTO `PREFIX_DB_review_dig_lim` (`review_id`, `dignity`, `limitations`) VALUES ('49', 'Телевизор отличный, качество изображения супер. ', 'Нет');
INSERT INTO `PREFIX_DB_review_dig_lim` (`review_id`, `dignity`, `limitations`) VALUES ('51', ' Хорошая цена, нормальное изображение', 'Ужасный звук');
INSERT INTO `PREFIX_DB_review_dig_lim` (`review_id`, `dignity`, `limitations`) VALUES ('52', 'Красив внешне и работает без проблем.', 'хлипенький, пульт - кошмар ');
INSERT INTO `PREFIX_DB_review_dig_lim` (`review_id`, `dignity`, `limitations`) VALUES ('53', 'Крепко держится на панели и крепко держит телефон, автозахват, NFC метка', 'Поскрипывает, повторно срабатывает NFC на телефоне');
INSERT INTO `PREFIX_DB_review_dig_lim` (`review_id`, `dignity`, `limitations`) VALUES ('54', 'Хороший, мягкий и удобный', 'Рисунок на задней крышке смазаный');


TRUNCATE TABLE `PREFIX_DB_setting`;

INSERT INTO `PREFIX_DB_setting` (`setting_id`, `store_id`, `code`, `key`, `value`, `serialized`) VALUES ('4', '0', 'voucher', 'voucher_sort_order', '8', '0');
INSERT INTO `PREFIX_DB_setting` (`setting_id`, `store_id`, `code`, `key`, `value`, `serialized`) VALUES ('5', '0', 'voucher', 'voucher_status', '1', '0');
INSERT INTO `PREFIX_DB_setting` (`setting_id`, `store_id`, `code`, `key`, `value`, `serialized`) VALUES ('26886', '0', 'config', 'config_encryption', 'fdscRbs7UKHm3Knw4vZaQgP2q5PGZ03BbBp7SxABKBvyTVuFwBv6S40zXJp6ZqhcfSQM4RL5JmXolMEi6KEGvaA9JjvE67UQXK6wK9xFWopBMKpXu6THvvUnzADdXJg0qLIqmufoS8hqCSzjKA5RDLNQCoJQf5VzAMO6Mq3H29TzjdQfXs5fkAmZqLTcePu6JPaijJYIfyXjDmKPvCsFj1xWIQpAnf56LOvi7bTVtrx6nPbL4eghoiQWIAVBS9kpbul7FmXONuXydIjGqhg1lQdhJI9uZXDezyMYtwdjc1CY7kPfsBQC5sQLm1LQSsuHVtdr4NEvmIyMOgYlLZwKusffjgrIdd21hO3WSMmul1ZgfLkN7IXnbLTMbNdr4koAHcmuw9ickCu9Xfa0hMsQYWVSk0YZMcXXK1ejSm4zqVWPhRI90GY6tlJMaJbf8CDirIc7Ur2D61BrQVtVKJa7y1gIK6RcmsC9dORUEq2fCIN9BW876xmfEdJqjl1dr7bw9YHkmyCQrkQkVOkP5Do8TjSHSTd1Gm0vc1gUqdkDccdsfqLw6kZNcej8HtsNcLUT7WLIvtaGNuLtHAngZsTsIQBTGwFEMkWaMpo6pZQG0Csepc6zuBkhAQ5P2NHvqYqcCFhWkgYo9ToqLedJaAw7Rb2ggEVTPZjmAjl7viZABO1rhdLnrAihHvErkAvsa4ulpxqYEAjjPX4UunTK9OhyaOg5koLcaBh43p1SyQclXkuA4ns5vX3yDsV7w9LYIt8pKWeJWOEC8jzgekIytZt4M135DhmKKYlicKrZU0kIPogIL8urX3kub1axVB93rPcuYRoQLe1H84qqIBEntTKVmXRt05ngAVphtkZgomWPVbBM2pO44zQUrRX3UB58E1zE0vf44iSlBYd810vZQeSeUghnUjeGYXkqhu2V1O8dmjMMBw6Le4SEjAM6FY1M1tD6EyIF8Nlg6XzrO4OhTdPjuHZcqGtUjxUu3hSl5J8VsFrfrGjDBffgQMrKJHkGcJQU', '0');
INSERT INTO `PREFIX_DB_setting` (`setting_id`, `store_id`, `code`, `key`, `value`, `serialized`) VALUES ('26885', '0', 'config', 'config_shared', '0', '0');
INSERT INTO `PREFIX_DB_setting` (`setting_id`, `store_id`, `code`, `key`, `value`, `serialized`) VALUES ('26884', '0', 'config', 'config_password', '1', '0');
INSERT INTO `PREFIX_DB_setting` (`setting_id`, `store_id`, `code`, `key`, `value`, `serialized`) VALUES ('26883', '0', 'config', 'config_secure', '0', '0');
INSERT INTO `PREFIX_DB_setting` (`setting_id`, `store_id`, `code`, `key`, `value`, `serialized`) VALUES ('26880', '0', 'config', 'config_compression', '0', '0');
INSERT INTO `PREFIX_DB_setting` (`setting_id`, `store_id`, `code`, `key`, `value`, `serialized`) VALUES ('26881', '0', 'config', 'config_mail_regexp', '/^[^@]+@.*.[a-z]{2,15}$/i', '0');
INSERT INTO `PREFIX_DB_setting` (`setting_id`, `store_id`, `code`, `key`, `value`, `serialized`) VALUES ('26882', '0', 'config', 'config_editor_default', '0', '0');
INSERT INTO `PREFIX_DB_setting` (`setting_id`, `store_id`, `code`, `key`, `value`, `serialized`) VALUES ('96', '0', 'free_checkout', 'free_checkout_status', '1', '0');
INSERT INTO `PREFIX_DB_setting` (`setting_id`, `store_id`, `code`, `key`, `value`, `serialized`) VALUES ('97', '0', 'free_checkout', 'free_checkout_order_status_id', '1', '0');
INSERT INTO `PREFIX_DB_setting` (`setting_id`, `store_id`, `code`, `key`, `value`, `serialized`) VALUES ('98', '0', 'shipping', 'shipping_sort_order', '3', '0');
INSERT INTO `PREFIX_DB_setting` (`setting_id`, `store_id`, `code`, `key`, `value`, `serialized`) VALUES ('99', '0', 'sub_total', 'sub_total_sort_order', '1', '0');
INSERT INTO `PREFIX_DB_setting` (`setting_id`, `store_id`, `code`, `key`, `value`, `serialized`) VALUES ('100', '0', 'sub_total', 'sub_total_status', '1', '0');
INSERT INTO `PREFIX_DB_setting` (`setting_id`, `store_id`, `code`, `key`, `value`, `serialized`) VALUES ('6668', '0', 'tax', 'tax_sort_order', '5', '0');
INSERT INTO `PREFIX_DB_setting` (`setting_id`, `store_id`, `code`, `key`, `value`, `serialized`) VALUES ('102', '0', 'total', 'total_sort_order', '9', '0');
INSERT INTO `PREFIX_DB_setting` (`setting_id`, `store_id`, `code`, `key`, `value`, `serialized`) VALUES ('103', '0', 'total', 'total_status', '1', '0');
INSERT INTO `PREFIX_DB_setting` (`setting_id`, `store_id`, `code`, `key`, `value`, `serialized`) VALUES ('6667', '0', 'tax', 'tax_status', '0', '0');
INSERT INTO `PREFIX_DB_setting` (`setting_id`, `store_id`, `code`, `key`, `value`, `serialized`) VALUES ('105', '0', 'free_checkout', 'free_checkout_sort_order', '1', '0');
INSERT INTO `PREFIX_DB_setting` (`setting_id`, `store_id`, `code`, `key`, `value`, `serialized`) VALUES ('106', '0', 'cod', 'cod_sort_order', '5', '0');
INSERT INTO `PREFIX_DB_setting` (`setting_id`, `store_id`, `code`, `key`, `value`, `serialized`) VALUES ('107', '0', 'cod', 'cod_total', '0.01', '0');
INSERT INTO `PREFIX_DB_setting` (`setting_id`, `store_id`, `code`, `key`, `value`, `serialized`) VALUES ('108', '0', 'cod', 'cod_order_status_id', '1', '0');
INSERT INTO `PREFIX_DB_setting` (`setting_id`, `store_id`, `code`, `key`, `value`, `serialized`) VALUES ('109', '0', 'cod', 'cod_geo_zone_id', '0', '0');
INSERT INTO `PREFIX_DB_setting` (`setting_id`, `store_id`, `code`, `key`, `value`, `serialized`) VALUES ('110', '0', 'cod', 'cod_status', '1', '0');
INSERT INTO `PREFIX_DB_setting` (`setting_id`, `store_id`, `code`, `key`, `value`, `serialized`) VALUES ('111', '0', 'shipping', 'shipping_status', '1', '0');
INSERT INTO `PREFIX_DB_setting` (`setting_id`, `store_id`, `code`, `key`, `value`, `serialized`) VALUES ('112', '0', 'shipping', 'shipping_estimator', '1', '0');
INSERT INTO `PREFIX_DB_setting` (`setting_id`, `store_id`, `code`, `key`, `value`, `serialized`) VALUES ('113', '0', 'coupon', 'coupon_sort_order', '4', '0');
INSERT INTO `PREFIX_DB_setting` (`setting_id`, `store_id`, `code`, `key`, `value`, `serialized`) VALUES ('114', '0', 'coupon', 'coupon_status', '1', '0');
INSERT INTO `PREFIX_DB_setting` (`setting_id`, `store_id`, `code`, `key`, `value`, `serialized`) VALUES ('115', '0', 'flat', 'flat_sort_order', '1', '0');
INSERT INTO `PREFIX_DB_setting` (`setting_id`, `store_id`, `code`, `key`, `value`, `serialized`) VALUES ('116', '0', 'flat', 'flat_status', '1', '0');
INSERT INTO `PREFIX_DB_setting` (`setting_id`, `store_id`, `code`, `key`, `value`, `serialized`) VALUES ('117', '0', 'flat', 'flat_geo_zone_id', '0', '0');
INSERT INTO `PREFIX_DB_setting` (`setting_id`, `store_id`, `code`, `key`, `value`, `serialized`) VALUES ('118', '0', 'flat', 'flat_tax_class_id', '9', '0');
INSERT INTO `PREFIX_DB_setting` (`setting_id`, `store_id`, `code`, `key`, `value`, `serialized`) VALUES ('119', '0', 'flat', 'flat_cost', '5.00', '0');
INSERT INTO `PREFIX_DB_setting` (`setting_id`, `store_id`, `code`, `key`, `value`, `serialized`) VALUES ('120', '0', 'credit', 'credit_sort_order', '7', '0');
INSERT INTO `PREFIX_DB_setting` (`setting_id`, `store_id`, `code`, `key`, `value`, `serialized`) VALUES ('121', '0', 'credit', 'credit_status', '1', '0');
INSERT INTO `PREFIX_DB_setting` (`setting_id`, `store_id`, `code`, `key`, `value`, `serialized`) VALUES ('122', '0', 'reward', 'reward_sort_order', '2', '0');
INSERT INTO `PREFIX_DB_setting` (`setting_id`, `store_id`, `code`, `key`, `value`, `serialized`) VALUES ('123', '0', 'reward', 'reward_status', '1', '0');
INSERT INTO `PREFIX_DB_setting` (`setting_id`, `store_id`, `code`, `key`, `value`, `serialized`) VALUES ('124', '0', 'category', 'category_status', '1', '0');
INSERT INTO `PREFIX_DB_setting` (`setting_id`, `store_id`, `code`, `key`, `value`, `serialized`) VALUES ('125', '0', 'account', 'account_status', '1', '0');
INSERT INTO `PREFIX_DB_setting` (`setting_id`, `store_id`, `code`, `key`, `value`, `serialized`) VALUES ('126', '0', 'affiliate', 'affiliate_status', '1', '0');
INSERT INTO `PREFIX_DB_setting` (`setting_id`, `store_id`, `code`, `key`, `value`, `serialized`) VALUES ('127', '0', 'theme_default', 'theme_default_product_limit', '15', '0');
INSERT INTO `PREFIX_DB_setting` (`setting_id`, `store_id`, `code`, `key`, `value`, `serialized`) VALUES ('128', '0', 'theme_default', 'theme_default_product_description_length', '100', '0');
INSERT INTO `PREFIX_DB_setting` (`setting_id`, `store_id`, `code`, `key`, `value`, `serialized`) VALUES ('129', '0', 'theme_default', 'theme_default_image_thumb_width', '228', '0');
INSERT INTO `PREFIX_DB_setting` (`setting_id`, `store_id`, `code`, `key`, `value`, `serialized`) VALUES ('130', '0', 'theme_default', 'theme_default_image_thumb_height', '228', '0');
INSERT INTO `PREFIX_DB_setting` (`setting_id`, `store_id`, `code`, `key`, `value`, `serialized`) VALUES ('131', '0', 'theme_default', 'theme_default_image_popup_width', '500', '0');
INSERT INTO `PREFIX_DB_setting` (`setting_id`, `store_id`, `code`, `key`, `value`, `serialized`) VALUES ('132', '0', 'theme_default', 'theme_default_image_popup_height', '500', '0');
INSERT INTO `PREFIX_DB_setting` (`setting_id`, `store_id`, `code`, `key`, `value`, `serialized`) VALUES ('133', '0', 'theme_default', 'theme_default_image_category_width', '80', '0');
INSERT INTO `PREFIX_DB_setting` (`setting_id`, `store_id`, `code`, `key`, `value`, `serialized`) VALUES ('134', '0', 'theme_default', 'theme_default_image_category_height', '80', '0');
INSERT INTO `PREFIX_DB_setting` (`setting_id`, `store_id`, `code`, `key`, `value`, `serialized`) VALUES ('135', '0', 'theme_default', 'theme_default_image_product_width', '228', '0');
INSERT INTO `PREFIX_DB_setting` (`setting_id`, `store_id`, `code`, `key`, `value`, `serialized`) VALUES ('136', '0', 'theme_default', 'theme_default_image_product_height', '228', '0');
INSERT INTO `PREFIX_DB_setting` (`setting_id`, `store_id`, `code`, `key`, `value`, `serialized`) VALUES ('137', '0', 'theme_default', 'theme_default_image_additional_width', '74', '0');
INSERT INTO `PREFIX_DB_setting` (`setting_id`, `store_id`, `code`, `key`, `value`, `serialized`) VALUES ('138', '0', 'theme_default', 'theme_default_image_additional_height', '74', '0');
INSERT INTO `PREFIX_DB_setting` (`setting_id`, `store_id`, `code`, `key`, `value`, `serialized`) VALUES ('139', '0', 'theme_default', 'theme_default_image_related_width', '200', '0');
INSERT INTO `PREFIX_DB_setting` (`setting_id`, `store_id`, `code`, `key`, `value`, `serialized`) VALUES ('140', '0', 'theme_default', 'theme_default_image_related_height', '200', '0');
INSERT INTO `PREFIX_DB_setting` (`setting_id`, `store_id`, `code`, `key`, `value`, `serialized`) VALUES ('141', '0', 'theme_default', 'theme_default_image_compare_width', '90', '0');
INSERT INTO `PREFIX_DB_setting` (`setting_id`, `store_id`, `code`, `key`, `value`, `serialized`) VALUES ('142', '0', 'theme_default', 'theme_default_image_compare_height', '90', '0');
INSERT INTO `PREFIX_DB_setting` (`setting_id`, `store_id`, `code`, `key`, `value`, `serialized`) VALUES ('143', '0', 'theme_default', 'theme_default_image_wishlist_width', '47', '0');
INSERT INTO `PREFIX_DB_setting` (`setting_id`, `store_id`, `code`, `key`, `value`, `serialized`) VALUES ('144', '0', 'theme_default', 'theme_default_image_wishlist_height', '47', '0');
INSERT INTO `PREFIX_DB_setting` (`setting_id`, `store_id`, `code`, `key`, `value`, `serialized`) VALUES ('145', '0', 'theme_default', 'theme_default_image_cart_height', '47', '0');
INSERT INTO `PREFIX_DB_setting` (`setting_id`, `store_id`, `code`, `key`, `value`, `serialized`) VALUES ('146', '0', 'theme_default', 'theme_default_image_cart_width', '47', '0');
INSERT INTO `PREFIX_DB_setting` (`setting_id`, `store_id`, `code`, `key`, `value`, `serialized`) VALUES ('147', '0', 'theme_default', 'theme_default_image_location_height', '50', '0');
INSERT INTO `PREFIX_DB_setting` (`setting_id`, `store_id`, `code`, `key`, `value`, `serialized`) VALUES ('148', '0', 'theme_default', 'theme_default_image_location_width', '268', '0');
INSERT INTO `PREFIX_DB_setting` (`setting_id`, `store_id`, `code`, `key`, `value`, `serialized`) VALUES ('149', '0', 'theme_default', 'theme_default_directory', 'default', '0');
INSERT INTO `PREFIX_DB_setting` (`setting_id`, `store_id`, `code`, `key`, `value`, `serialized`) VALUES ('150', '0', 'theme_default', 'theme_default_status', '1', '0');
INSERT INTO `PREFIX_DB_setting` (`setting_id`, `store_id`, `code`, `key`, `value`, `serialized`) VALUES ('151', '0', 'dashboard_activity', 'dashboard_activity_status', '1', '0');
INSERT INTO `PREFIX_DB_setting` (`setting_id`, `store_id`, `code`, `key`, `value`, `serialized`) VALUES ('152', '0', 'dashboard_activity', 'dashboard_activity_sort_order', '7', '0');
INSERT INTO `PREFIX_DB_setting` (`setting_id`, `store_id`, `code`, `key`, `value`, `serialized`) VALUES ('153', '0', 'dashboard_sale', 'dashboard_sale_status', '1', '0');
INSERT INTO `PREFIX_DB_setting` (`setting_id`, `store_id`, `code`, `key`, `value`, `serialized`) VALUES ('154', '0', 'dashboard_sale', 'dashboard_sale_width', '3', '0');
INSERT INTO `PREFIX_DB_setting` (`setting_id`, `store_id`, `code`, `key`, `value`, `serialized`) VALUES ('155', '0', 'dashboard_chart', 'dashboard_chart_status', '1', '0');
INSERT INTO `PREFIX_DB_setting` (`setting_id`, `store_id`, `code`, `key`, `value`, `serialized`) VALUES ('156', '0', 'dashboard_chart', 'dashboard_chart_width', '6', '0');
INSERT INTO `PREFIX_DB_setting` (`setting_id`, `store_id`, `code`, `key`, `value`, `serialized`) VALUES ('157', '0', 'dashboard_customer', 'dashboard_customer_status', '1', '0');
INSERT INTO `PREFIX_DB_setting` (`setting_id`, `store_id`, `code`, `key`, `value`, `serialized`) VALUES ('158', '0', 'dashboard_customer', 'dashboard_customer_width', '3', '0');
INSERT INTO `PREFIX_DB_setting` (`setting_id`, `store_id`, `code`, `key`, `value`, `serialized`) VALUES ('159', '0', 'dashboard_map', 'dashboard_map_status', '1', '0');
INSERT INTO `PREFIX_DB_setting` (`setting_id`, `store_id`, `code`, `key`, `value`, `serialized`) VALUES ('160', '0', 'dashboard_map', 'dashboard_map_width', '6', '0');
INSERT INTO `PREFIX_DB_setting` (`setting_id`, `store_id`, `code`, `key`, `value`, `serialized`) VALUES ('161', '0', 'dashboard_online', 'dashboard_online_status', '1', '0');
INSERT INTO `PREFIX_DB_setting` (`setting_id`, `store_id`, `code`, `key`, `value`, `serialized`) VALUES ('162', '0', 'dashboard_online', 'dashboard_online_width', '3', '0');
INSERT INTO `PREFIX_DB_setting` (`setting_id`, `store_id`, `code`, `key`, `value`, `serialized`) VALUES ('163', '0', 'dashboard_order', 'dashboard_order_sort_order', '1', '0');
INSERT INTO `PREFIX_DB_setting` (`setting_id`, `store_id`, `code`, `key`, `value`, `serialized`) VALUES ('164', '0', 'dashboard_order', 'dashboard_order_status', '1', '0');
INSERT INTO `PREFIX_DB_setting` (`setting_id`, `store_id`, `code`, `key`, `value`, `serialized`) VALUES ('165', '0', 'dashboard_order', 'dashboard_order_width', '3', '0');
INSERT INTO `PREFIX_DB_setting` (`setting_id`, `store_id`, `code`, `key`, `value`, `serialized`) VALUES ('166', '0', 'dashboard_sale', 'dashboard_sale_sort_order', '2', '0');
INSERT INTO `PREFIX_DB_setting` (`setting_id`, `store_id`, `code`, `key`, `value`, `serialized`) VALUES ('167', '0', 'dashboard_customer', 'dashboard_customer_sort_order', '3', '0');
INSERT INTO `PREFIX_DB_setting` (`setting_id`, `store_id`, `code`, `key`, `value`, `serialized`) VALUES ('168', '0', 'dashboard_online', 'dashboard_online_sort_order', '4', '0');
INSERT INTO `PREFIX_DB_setting` (`setting_id`, `store_id`, `code`, `key`, `value`, `serialized`) VALUES ('169', '0', 'dashboard_map', 'dashboard_map_sort_order', '5', '0');
INSERT INTO `PREFIX_DB_setting` (`setting_id`, `store_id`, `code`, `key`, `value`, `serialized`) VALUES ('170', '0', 'dashboard_chart', 'dashboard_chart_sort_order', '6', '0');
INSERT INTO `PREFIX_DB_setting` (`setting_id`, `store_id`, `code`, `key`, `value`, `serialized`) VALUES ('171', '0', 'dashboard_recent', 'dashboard_recent_status', '1', '0');
INSERT INTO `PREFIX_DB_setting` (`setting_id`, `store_id`, `code`, `key`, `value`, `serialized`) VALUES ('172', '0', 'dashboard_recent', 'dashboard_recent_sort_order', '8', '0');
INSERT INTO `PREFIX_DB_setting` (`setting_id`, `store_id`, `code`, `key`, `value`, `serialized`) VALUES ('173', '0', 'dashboard_activity', 'dashboard_activity_width', '4', '0');
INSERT INTO `PREFIX_DB_setting` (`setting_id`, `store_id`, `code`, `key`, `value`, `serialized`) VALUES ('174', '0', 'dashboard_recent', 'dashboard_recent_width', '8', '0');
INSERT INTO `PREFIX_DB_setting` (`setting_id`, `store_id`, `code`, `key`, `value`, `serialized`) VALUES ('21312', '0', 'aridius_faq', 'aridius_faq_status', '1', '0');
INSERT INTO `PREFIX_DB_setting` (`setting_id`, `store_id`, `code`, `key`, `value`, `serialized`) VALUES ('21309', '0', 'aridius_faq', 'aridius_faq_meta_title', '{"1":"FAQ","2":"FAQ"}', '1');
INSERT INTO `PREFIX_DB_setting` (`setting_id`, `store_id`, `code`, `key`, `value`, `serialized`) VALUES ('15327', '0', 'aridius_category_accordion', 'aridius_category_accordion_status', '1', '0');
INSERT INTO `PREFIX_DB_setting` (`setting_id`, `store_id`, `code`, `key`, `value`, `serialized`) VALUES ('23306', '0', 'aridius_letters', 'aridius_letters_status', '1', '0');
INSERT INTO `PREFIX_DB_setting` (`setting_id`, `store_id`, `code`, `key`, `value`, `serialized`) VALUES ('24054', '0', 'aridius_news', 'aridius_news_mail', '0', '0');
INSERT INTO `PREFIX_DB_setting` (`setting_id`, `store_id`, `code`, `key`, `value`, `serialized`) VALUES ('26854', '0', 'config', 'config_captcha', '', '0');
INSERT INTO `PREFIX_DB_setting` (`setting_id`, `store_id`, `code`, `key`, `value`, `serialized`) VALUES ('26855', '0', 'config', 'config_captcha_page', '["review","return","contact"]', '1');
INSERT INTO `PREFIX_DB_setting` (`setting_id`, `store_id`, `code`, `key`, `value`, `serialized`) VALUES ('26856', '0', 'config', 'config_logo', 'catalog/modern/logo.png', '0');
INSERT INTO `PREFIX_DB_setting` (`setting_id`, `store_id`, `code`, `key`, `value`, `serialized`) VALUES ('26857', '0', 'config', 'config_icon', 'catalog/cart.png', '0');
INSERT INTO `PREFIX_DB_setting` (`setting_id`, `store_id`, `code`, `key`, `value`, `serialized`) VALUES ('26858', '0', 'config', 'config_ftp_hostname', 'modern1.aridius.ru', '0');
INSERT INTO `PREFIX_DB_setting` (`setting_id`, `store_id`, `code`, `key`, `value`, `serialized`) VALUES ('26859', '0', 'config', 'config_ftp_port', '21', '0');
INSERT INTO `PREFIX_DB_setting` (`setting_id`, `store_id`, `code`, `key`, `value`, `serialized`) VALUES ('26860', '0', 'config', 'config_ftp_username', '', '0');
INSERT INTO `PREFIX_DB_setting` (`setting_id`, `store_id`, `code`, `key`, `value`, `serialized`) VALUES ('26861', '0', 'config', 'config_ftp_password', '', '0');
INSERT INTO `PREFIX_DB_setting` (`setting_id`, `store_id`, `code`, `key`, `value`, `serialized`) VALUES ('26862', '0', 'config', 'config_ftp_root', '', '0');
INSERT INTO `PREFIX_DB_setting` (`setting_id`, `store_id`, `code`, `key`, `value`, `serialized`) VALUES ('26863', '0', 'config', 'config_ftp_status', '0', '0');
INSERT INTO `PREFIX_DB_setting` (`setting_id`, `store_id`, `code`, `key`, `value`, `serialized`) VALUES ('26864', '0', 'config', 'config_mail_protocol', 'mail', '0');
INSERT INTO `PREFIX_DB_setting` (`setting_id`, `store_id`, `code`, `key`, `value`, `serialized`) VALUES ('26865', '0', 'config', 'config_mail_parameter', '', '0');
INSERT INTO `PREFIX_DB_setting` (`setting_id`, `store_id`, `code`, `key`, `value`, `serialized`) VALUES ('26866', '0', 'config', 'config_mail_smtp_hostname', '', '0');
INSERT INTO `PREFIX_DB_setting` (`setting_id`, `store_id`, `code`, `key`, `value`, `serialized`) VALUES ('26867', '0', 'config', 'config_mail_smtp_username', '', '0');
INSERT INTO `PREFIX_DB_setting` (`setting_id`, `store_id`, `code`, `key`, `value`, `serialized`) VALUES ('26868', '0', 'config', 'config_mail_smtp_password', '', '0');
INSERT INTO `PREFIX_DB_setting` (`setting_id`, `store_id`, `code`, `key`, `value`, `serialized`) VALUES ('26869', '0', 'config', 'config_mail_smtp_port', '25', '0');
INSERT INTO `PREFIX_DB_setting` (`setting_id`, `store_id`, `code`, `key`, `value`, `serialized`) VALUES ('26870', '0', 'config', 'config_mail_smtp_timeout', '5', '0');
INSERT INTO `PREFIX_DB_setting` (`setting_id`, `store_id`, `code`, `key`, `value`, `serialized`) VALUES ('26871', '0', 'config', 'config_mail_alert', '["account","affiliate","order","review"]', '1');
INSERT INTO `PREFIX_DB_setting` (`setting_id`, `store_id`, `code`, `key`, `value`, `serialized`) VALUES ('26873', '0', 'config', 'config_maintenance', '0', '0');
INSERT INTO `PREFIX_DB_setting` (`setting_id`, `store_id`, `code`, `key`, `value`, `serialized`) VALUES ('26874', '0', 'config', 'config_seo_url', '1', '0');
INSERT INTO `PREFIX_DB_setting` (`setting_id`, `store_id`, `code`, `key`, `value`, `serialized`) VALUES ('26875', '0', 'config', 'config_seo_url_type', 'seo_pro', '0');
INSERT INTO `PREFIX_DB_setting` (`setting_id`, `store_id`, `code`, `key`, `value`, `serialized`) VALUES ('26876', '0', 'config', 'config_seo_url_include_path', '1', '0');
INSERT INTO `PREFIX_DB_setting` (`setting_id`, `store_id`, `code`, `key`, `value`, `serialized`) VALUES ('26877', '0', 'config', 'config_seo_url_postfix', '', '0');
INSERT INTO `PREFIX_DB_setting` (`setting_id`, `store_id`, `code`, `key`, `value`, `serialized`) VALUES ('26878', '0', 'config', 'config_seo_PREFIX_DB_utm', 'blockfrommarketgclidkeywordlist_typeopenstatopenstat_serviceopenstat_campaignopenstat_adopenstat_sourcepositionsourcetrackingtypeyclidymcliduriurltypeutm_sourceutm_mediumutm_campaignutm_termutm_content', '0');
INSERT INTO `PREFIX_DB_setting` (`setting_id`, `store_id`, `code`, `key`, `value`, `serialized`) VALUES ('26879', '0', 'config', 'config_robots', 'abotdbotebothbotkbotlbotmbotnbotobotpbotrbotsbottbotvbotybotzbotbot.bot/_bot.bot/bot-bot:bot(botcrawlslurpspiderseekaccoonaacoonadressendeutschlandah-ha.comahoyaltavistaananzianthillappiearachnophiliaaralearaneoaranhaarchitextarethaarksasteriasatlocalatnatomzaugurfindbackrubbannana_botbaypupbdfetchbig brotherbiglotronbjaalandblackwidowblaizblogblo.bloodhoundboithoboochbradleybutterflycalifcassandraccubeecfetchcharlottechurlcienciaficcioncmccollectivecomagentcombinecomputingsitecscicurlcuscodaumoadeepindexdeloriedepspiddewebdie blinde kuhdiggerdittodmozdocomodownload expressdtaagentdwcpebinessebingbonge-collectorejupiteremacs-w3 search engineestherevliya celebiezresultfalconfelix ideferretfetchroverfidofindlinksfireballfish searchfouineurfunnelwebgazzgcreepgenieknowsgetterroboplusgeturlglxgoforitgolemgrabbergrapnelgralongriffongromitgrubgulliverhamahakkiharvesthavindexhelixheritrixhku www octopushomerwebhtdightml indexhtml_analyzerhtmlgobblehubaterhyper-decontextualizeria_archiveribm_planetwideichiroiconsurfiltrovatoreimage.kapsi.netimagelockincywincyindexerinfobeeinformantingridinktomisearch.cominspector webintelliagentinternet shinchakubinip3000iron33israeli-searchiviajackjakartajavabeejetbotjumpstationkatipokdd-explorerkilroyknowledgekototoikretrievelabelgrabberlachesislarbinlegslibwwwlinkalarmlink validatorlinkscanlockonlwplycosmagpiemantraagentmapoftheinternetmarvin/mattiemediafoxmediapartnersmercatormerzscopemicrosoft url controlminirankmivamj12mnogosearchmogetmonstermoosemotormultitextmunchermuscatferretmwd.searchmywebnajdinameprotectnationaldirectorynazillancsa betanec-meshexplorernederland.zoeknetcarta webmap enginenetmechanicnetresearchservernetscoopnewscan-onlinenhsenokia6682/nomadnoyonanutchnzexplorerobjectssearchoccamomniopen textopenfindopenintelligencedataorb searchosis-projectpack ratpageboypagebullpage_verifierpanscientparasitepartnersitepatricpear.pegasusperegrinatorpgp key agentphantomphpdigpicosearchpiltdownmanpimptrainpinpointpioneerpiranhaplumtreewebaccessorpogodakpoirotpompospoppelsdorfpoppipopular iconoclastpsycheclonepublisherpythonramblerraven searchroachroad runnerroadhouserobbierobofoxrobozillarulessaltysbiderscooterscoutjetscrubbysearch.searchprocesssemanticdiscoverysenrigansg-scoutshai\'huludsharkshopwikisidewindersiftsilksimmanysite searchersite valetsitetech-roverskymob.comsleeksmartwitsna-snappysnoopersohuspeedfindspheresphiderspinnerspydersteeler/sukesunteksupersnoopersurfnomoresvensygolszukacztach black widowtarantulatempleton/teomat-h-u-n-d-e-r-s-t-o-n-etheophrastustitantitintkwwwtoutatist-rextutorgigtwicelertwisteducsdudmsearchurl checkupdatedvagabondovalkyrieverticrawlvictoriavision-searchvolcanovoyager/voyager-hcw3c_validatorw3m2w3mirwalkerwallpaperwandererwauuuwavefireweb coreweb hopperweb wombatwebbanditwebcatcherwebcopywebfootweblayersweblinkerweblog monitorwebmirrorwebmonkeywebquestwebreaperwebsitepulsewebsnarfwebstolpererwebvacwebwalkwebwatchwebwombatwebzingerwhizbangwhowherewild ferretworldlightwwwcwwwsterxenuxgetxiftxirqyandexyangayetiyodaozaozipppzyborg', '0');
INSERT INTO `PREFIX_DB_setting` (`setting_id`, `store_id`, `code`, `key`, `value`, `serialized`) VALUES ('26850', '0', 'config', 'config_affiliate_commission', '5', '0');
INSERT INTO `PREFIX_DB_setting` (`setting_id`, `store_id`, `code`, `key`, `value`, `serialized`) VALUES ('26851', '0', 'config', 'config_affiliate_id', '4', '0');
INSERT INTO `PREFIX_DB_setting` (`setting_id`, `store_id`, `code`, `key`, `value`, `serialized`) VALUES ('26852', '0', 'config', 'config_return_id', '0', '0');
INSERT INTO `PREFIX_DB_setting` (`setting_id`, `store_id`, `code`, `key`, `value`, `serialized`) VALUES ('26853', '0', 'config', 'config_return_status_id', '2', '0');
INSERT INTO `PREFIX_DB_setting` (`setting_id`, `store_id`, `code`, `key`, `value`, `serialized`) VALUES ('26849', '0', 'config', 'config_affiliate_auto', '0', '0');
INSERT INTO `PREFIX_DB_setting` (`setting_id`, `store_id`, `code`, `key`, `value`, `serialized`) VALUES ('24053', '0', 'aridius_news', 'aridius_news_limite_page', '10', '0');
INSERT INTO `PREFIX_DB_setting` (`setting_id`, `store_id`, `code`, `key`, `value`, `serialized`) VALUES ('24052', '0', 'aridius_news', 'aridius_news_display_captcha', '0', '0');
INSERT INTO `PREFIX_DB_setting` (`setting_id`, `store_id`, `code`, `key`, `value`, `serialized`) VALUES ('24051', '0', 'aridius_news', 'aridius_news_display_answer_button', '0', '0');
INSERT INTO `PREFIX_DB_setting` (`setting_id`, `store_id`, `code`, `key`, `value`, `serialized`) VALUES ('26848', '0', 'config', 'config_affiliate_approval', '0', '0');
INSERT INTO `PREFIX_DB_setting` (`setting_id`, `store_id`, `code`, `key`, `value`, `serialized`) VALUES ('26847', '0', 'config', 'config_stock_checkout', '1', '0');
INSERT INTO `PREFIX_DB_setting` (`setting_id`, `store_id`, `code`, `key`, `value`, `serialized`) VALUES ('26846', '0', 'config', 'config_stock_warning', '0', '0');
INSERT INTO `PREFIX_DB_setting` (`setting_id`, `store_id`, `code`, `key`, `value`, `serialized`) VALUES ('26845', '0', 'config', 'config_stock_display', '0', '0');
INSERT INTO `PREFIX_DB_setting` (`setting_id`, `store_id`, `code`, `key`, `value`, `serialized`) VALUES ('26844', '0', 'config', 'config_api_id', '1', '0');
INSERT INTO `PREFIX_DB_setting` (`setting_id`, `store_id`, `code`, `key`, `value`, `serialized`) VALUES ('26843', '0', 'config', 'config_fraud_status_id', '2', '0');
INSERT INTO `PREFIX_DB_setting` (`setting_id`, `store_id`, `code`, `key`, `value`, `serialized`) VALUES ('26842', '0', 'config', 'config_complete_status', '["3","5"]', '1');
INSERT INTO `PREFIX_DB_setting` (`setting_id`, `store_id`, `code`, `key`, `value`, `serialized`) VALUES ('26841', '0', 'config', 'config_processing_status', '["2","3","1","12","5"]', '1');
INSERT INTO `PREFIX_DB_setting` (`setting_id`, `store_id`, `code`, `key`, `value`, `serialized`) VALUES ('26840', '0', 'config', 'config_order_status_id', '1', '0');
INSERT INTO `PREFIX_DB_setting` (`setting_id`, `store_id`, `code`, `key`, `value`, `serialized`) VALUES ('26839', '0', 'config', 'config_checkout_id', '5', '0');
INSERT INTO `PREFIX_DB_setting` (`setting_id`, `store_id`, `code`, `key`, `value`, `serialized`) VALUES ('26838', '0', 'config', 'config_checkout_guest', '1', '0');
INSERT INTO `PREFIX_DB_setting` (`setting_id`, `store_id`, `code`, `key`, `value`, `serialized`) VALUES ('28271', '0', 'modern', 'modern_color_tittle_news', 'A7A7A7', '0');
INSERT INTO `PREFIX_DB_setting` (`setting_id`, `store_id`, `code`, `key`, `value`, `serialized`) VALUES ('28270', '0', 'modern', 'modern_color_callback', 'A99D90', '0');
INSERT INTO `PREFIX_DB_setting` (`setting_id`, `store_id`, `code`, `key`, `value`, `serialized`) VALUES ('28164', '0', 'modern', 'modern_voucher_footer', '0', '0');
INSERT INTO `PREFIX_DB_setting` (`setting_id`, `store_id`, `code`, `key`, `value`, `serialized`) VALUES ('28269', '0', 'modern', 'modern_text_color_border_btn_hover', '737373', '0');
INSERT INTO `PREFIX_DB_setting` (`setting_id`, `store_id`, `code`, `key`, `value`, `serialized`) VALUES ('28268', '0', 'modern', 'modern_text_color_btn_hover', 'FFFFFF', '0');
INSERT INTO `PREFIX_DB_setting` (`setting_id`, `store_id`, `code`, `key`, `value`, `serialized`) VALUES ('28267', '0', 'modern', 'modern_background_btn_hover', '51473C', '0');
INSERT INTO `PREFIX_DB_setting` (`setting_id`, `store_id`, `code`, `key`, `value`, `serialized`) VALUES ('28266', '0', 'modern', 'modern_text_color_border_btn', '737373', '0');
INSERT INTO `PREFIX_DB_setting` (`setting_id`, `store_id`, `code`, `key`, `value`, `serialized`) VALUES ('28265', '0', 'modern', 'modern_text_color_btn', 'FFFFFF', '0');
INSERT INTO `PREFIX_DB_setting` (`setting_id`, `store_id`, `code`, `key`, `value`, `serialized`) VALUES ('28264', '0', 'modern', 'modern_background_btn', '2F2F2F', '0');
INSERT INTO `PREFIX_DB_setting` (`setting_id`, `store_id`, `code`, `key`, `value`, `serialized`) VALUES ('28263', '0', 'modern', 'modern_main_color_text3', '737373', '0');
INSERT INTO `PREFIX_DB_setting` (`setting_id`, `store_id`, `code`, `key`, `value`, `serialized`) VALUES ('28262', '0', 'modern', 'modern_main_color_text2', '79C1D4', '0');
INSERT INTO `PREFIX_DB_setting` (`setting_id`, `store_id`, `code`, `key`, `value`, `serialized`) VALUES ('28261', '0', 'modern', 'modern_main_color_text', 'FFFFFF', '0');
INSERT INTO `PREFIX_DB_setting` (`setting_id`, `store_id`, `code`, `key`, `value`, `serialized`) VALUES ('25192', '0', 'aridius_popupsize', 'aridius_popupsize_status', '1', '0');
INSERT INTO `PREFIX_DB_setting` (`setting_id`, `store_id`, `code`, `key`, `value`, `serialized`) VALUES ('26107', '0', 'aridius_popupmail', 'aridius_popupmail_time', '15', '0');
INSERT INTO `PREFIX_DB_setting` (`setting_id`, `store_id`, `code`, `key`, `value`, `serialized`) VALUES ('23305', '0', 'aridius_letters', 'aridius_letters_footer_back', 'catalog/modern/letters_back.jpg', '0');
INSERT INTO `PREFIX_DB_setting` (`setting_id`, `store_id`, `code`, `key`, `value`, `serialized`) VALUES ('23304', '0', 'aridius_letters', 'aridius_letters_pl', '{"1":"\\u041f\\u041e\\u0414\\u041f\\u0418\\u0421\\u0410\\u0422\\u042c\\u0421\\u042f","2":"\\u041f\\u041e\\u0414\\u041f\\u0418\\u0421\\u0410\\u0422\\u042c\\u0421\\u042f"}', '1');
INSERT INTO `PREFIX_DB_setting` (`setting_id`, `store_id`, `code`, `key`, `value`, `serialized`) VALUES ('24050', '0', 'aridius_news', 'aridius_news_status_review', '0', '0');
INSERT INTO `PREFIX_DB_setting` (`setting_id`, `store_id`, `code`, `key`, `value`, `serialized`) VALUES ('24049', '0', 'aridius_news', 'aridius_news_review_guest', '0', '0');
INSERT INTO `PREFIX_DB_setting` (`setting_id`, `store_id`, `code`, `key`, `value`, `serialized`) VALUES ('24048', '0', 'aridius_news', 'aridius_news_status', '1', '0');
INSERT INTO `PREFIX_DB_setting` (`setting_id`, `store_id`, `code`, `key`, `value`, `serialized`) VALUES ('24047', '0', 'aridius_news', 'aridius_news_footer_back', 'catalog/modern/fon.jpg', '0');
INSERT INTO `PREFIX_DB_setting` (`setting_id`, `store_id`, `code`, `key`, `value`, `serialized`) VALUES ('24046', '0', 'aridius_news', 'aridius_news_thumb_height', '315', '0');
INSERT INTO `PREFIX_DB_setting` (`setting_id`, `store_id`, `code`, `key`, `value`, `serialized`) VALUES ('24045', '0', 'aridius_news', 'aridius_news_thumb_width', '560', '0');
INSERT INTO `PREFIX_DB_setting` (`setting_id`, `store_id`, `code`, `key`, `value`, `serialized`) VALUES ('24044', '0', 'aridius_news', 'aridius_news_show_description', '0', '0');
INSERT INTO `PREFIX_DB_setting` (`setting_id`, `store_id`, `code`, `key`, `value`, `serialized`) VALUES ('24043', '0', 'aridius_news', 'aridius_news_show_img', '0', '0');
INSERT INTO `PREFIX_DB_setting` (`setting_id`, `store_id`, `code`, `key`, `value`, `serialized`) VALUES ('24042', '0', 'aridius_news', 'aridius_news_show_date', '0', '0');
INSERT INTO `PREFIX_DB_setting` (`setting_id`, `store_id`, `code`, `key`, `value`, `serialized`) VALUES ('765', '0', 'aridiuscallback', 'aridiuscallback_adddescriptionshow', '1', '0');
INSERT INTO `PREFIX_DB_setting` (`setting_id`, `store_id`, `code`, `key`, `value`, `serialized`) VALUES ('766', '0', 'aridiuscallback', 'aridiuscallback_firstnameshow', '0', '0');
INSERT INTO `PREFIX_DB_setting` (`setting_id`, `store_id`, `code`, `key`, `value`, `serialized`) VALUES ('767', '0', 'aridiuscallback', 'aridiuscallback_firstnamevalid', '0', '0');
INSERT INTO `PREFIX_DB_setting` (`setting_id`, `store_id`, `code`, `key`, `value`, `serialized`) VALUES ('768', '0', 'aridiuscallback', 'aridiuscallback_placeholderfirstname', '{"1":"\\u0424\\u0418\\u041e","2":"\\u0424\\u0418\\u041e"}', '1');
INSERT INTO `PREFIX_DB_setting` (`setting_id`, `store_id`, `code`, `key`, `value`, `serialized`) VALUES ('769', '0', 'aridiuscallback', 'aridiuscallback_mask', '{"1":"+7(999) 999-9999","2":"+7(999) 999-9999"}', '1');
INSERT INTO `PREFIX_DB_setting` (`setting_id`, `store_id`, `code`, `key`, `value`, `serialized`) VALUES ('770', '0', 'aridiuscallback', 'aridiuscallback_placeholdertell', '{"1":"\\u0422\\u0435\\u043b\\u0435\\u0444\\u043e\\u043d","2":"\\u0422\\u0435\\u043b\\u0435\\u0444\\u043e\\u043d"}', '1');
INSERT INTO `PREFIX_DB_setting` (`setting_id`, `store_id`, `code`, `key`, `value`, `serialized`) VALUES ('771', '0', 'aridiuscallback', 'aridiuscallback_emailshow', '0', '0');
INSERT INTO `PREFIX_DB_setting` (`setting_id`, `store_id`, `code`, `key`, `value`, `serialized`) VALUES ('772', '0', 'aridiuscallback', 'aridiuscallback_emailvalid', '0', '0');
INSERT INTO `PREFIX_DB_setting` (`setting_id`, `store_id`, `code`, `key`, `value`, `serialized`) VALUES ('773', '0', 'aridiuscallback', 'aridiuscallback_placeholderemail', '{"1":"E-mail","2":"E-mail"}', '1');
INSERT INTO `PREFIX_DB_setting` (`setting_id`, `store_id`, `code`, `key`, `value`, `serialized`) VALUES ('774', '0', 'aridiuscallback', 'aridiuscallback_commentshow', '0', '0');
INSERT INTO `PREFIX_DB_setting` (`setting_id`, `store_id`, `code`, `key`, `value`, `serialized`) VALUES ('775', '0', 'aridiuscallback', 'aridiuscallback_placeholdercomment', '{"1":"\\u041a\\u043e\\u043c\\u043c\\u0435\\u043d\\u0442\\u0430\\u0440\\u0438\\u0439","2":"\\u041a\\u043e\\u043c\\u043c\\u0435\\u043d\\u0442\\u0430\\u0440\\u0438\\u0439"}', '1');
INSERT INTO `PREFIX_DB_setting` (`setting_id`, `store_id`, `code`, `key`, `value`, `serialized`) VALUES ('776', '0', 'aridiuscallback', 'aridiuscallback_timetshow', '0', '0');
INSERT INTO `PREFIX_DB_setting` (`setting_id`, `store_id`, `code`, `key`, `value`, `serialized`) VALUES ('777', '0', 'aridiuscallback', 'aridiuscallback_placeholdertimein', '{"1":"\\u0441","2":"\\u0441"}', '1');
INSERT INTO `PREFIX_DB_setting` (`setting_id`, `store_id`, `code`, `key`, `value`, `serialized`) VALUES ('778', '0', 'aridiuscallback', 'aridiuscallback_placeholdertimeoff', '{"1":"\\u0434\\u043e","2":"\\u0434\\u043e"}', '1');
INSERT INTO `PREFIX_DB_setting` (`setting_id`, `store_id`, `code`, `key`, `value`, `serialized`) VALUES ('779', '0', 'aridiuscallback', 'aridiuscallback_status', '1', '0');
INSERT INTO `PREFIX_DB_setting` (`setting_id`, `store_id`, `code`, `key`, `value`, `serialized`) VALUES ('780', '0', 'aridiuscallback', 'aridiuscallback_description', '{"1":"&lt;span style=&quot;font-size: 11px;&quot;&gt;\\u041d\\u0430\\u0436\\u0438\\u043c\\u0430\\u044f \\u043d\\u0430 \\u043a\\u043d\\u043e\\u043f\\u043a\\u0443 \\u00ab\\u041e\\u0442\\u043f\\u0440\\u0430\\u0432\\u0438\\u0442\\u044c\\u00bb, \\u044f \\u0434\\u0430\\u044e c\\u043e\\u0433\\u043b\\u0430\\u0441\\u0438\\u0435 \\u043d\\u0430 &lt;a href=&quot;person_danie&quot; target=&quot;_blank&quot;&gt;\\u043e\\u0431\\u0440\\u0430\\u0431\\u043e\\u0442\\u043a\\u0443 \\u043f\\u0435\\u0440\\u0441\\u043e\\u043d\\u0430\\u043b\\u044c\\u043d\\u044b\\u0445 \\u0434\\u0430\\u043d\\u043d\\u044b\\u0445.&lt;\\/a&gt;&lt;\\/span&gt;","2":"&lt;span style=&quot;font-size: 11px;&quot;&gt;\\u041d\\u0430\\u0436\\u0438\\u043c\\u0430\\u044f \\u043d\\u0430 \\u043a\\u043d\\u043e\\u043f\\u043a\\u0443 \\u00ab\\u041e\\u0442\\u043f\\u0440\\u0430\\u0432\\u0438\\u0442\\u044c\\u00bb, \\u044f \\u0434\\u0430\\u044e c\\u043e\\u0433\\u043b\\u0430\\u0441\\u0438\\u0435 \\u043d\\u0430 &lt;a href=&quot;person_danie&quot; target=&quot;_blank&quot;&gt;\\u043e\\u0431\\u0440\\u0430\\u0431\\u043e\\u0442\\u043a\\u0443 \\u043f\\u0435\\u0440\\u0441\\u043e\\u043d\\u0430\\u043b\\u044c\\u043d\\u044b\\u0445 \\u0434\\u0430\\u043d\\u043d\\u044b\\u0445.&lt;\\/a&gt;&lt;\\/span&gt;"}', '1');
INSERT INTO `PREFIX_DB_setting` (`setting_id`, `store_id`, `code`, `key`, `value`, `serialized`) VALUES ('781', '0', 'aridiuscallback', 'aridiuscallback_description2', '{"1":"&lt;p&gt;\\u0421\\u043f\\u0430\\u0441\\u0438\\u0431\\u043e \\u0437\\u0430 \\u0437\\u0430\\u043a\\u0430\\u0437 \\u0437\\u0432\\u043e\\u043d\\u043a\\u0430. \\u0421 \\u0432\\u0430\\u043c\\u0438 \\u0441\\u0432\\u044f\\u0436\\u0443\\u0442\\u0441\\u044f \\u0432 \\u0442\\u0435\\u0447\\u0435\\u043d\\u0438\\u0438 \\u0447\\u0430\\u0441\\u0430!&lt;br&gt;&lt;\\/p&gt;","2":"&lt;p&gt;\\u0421\\u043f\\u0430\\u0441\\u0438\\u0431\\u043e \\u0437\\u0430 \\u0437\\u0430\\u043a\\u0430\\u0437 \\u0437\\u0432\\u043e\\u043d\\u043a\\u0430. \\u0421 \\u0432\\u0430\\u043c\\u0438 \\u0441\\u0432\\u044f\\u0436\\u0443\\u0442\\u0441\\u044f \\u0432 \\u0442\\u0435\\u0447\\u0435\\u043d\\u0438\\u0438 \\u0447\\u0430\\u0441\\u0430!&lt;br&gt;&lt;\\/p&gt;"}', '1');
INSERT INTO `PREFIX_DB_setting` (`setting_id`, `store_id`, `code`, `key`, `value`, `serialized`) VALUES ('782', '0', 'aridius_livesearch', 'aridius_livesearch_livesearch_model', '0', '0');
INSERT INTO `PREFIX_DB_setting` (`setting_id`, `store_id`, `code`, `key`, `value`, `serialized`) VALUES ('783', '0', 'aridius_livesearch', 'aridius_livesearch_description', '0', '0');
INSERT INTO `PREFIX_DB_setting` (`setting_id`, `store_id`, `code`, `key`, `value`, `serialized`) VALUES ('784', '0', 'aridius_livesearch', 'aridius_livesearch_sku', '0', '0');
INSERT INTO `PREFIX_DB_setting` (`setting_id`, `store_id`, `code`, `key`, `value`, `serialized`) VALUES ('785', '0', 'aridius_livesearch', 'aridius_livesearch_tag', '0', '0');
INSERT INTO `PREFIX_DB_setting` (`setting_id`, `store_id`, `code`, `key`, `value`, `serialized`) VALUES ('786', '0', 'aridius_livesearch', 'aridius_livesearch_img', '0', '0');
INSERT INTO `PREFIX_DB_setting` (`setting_id`, `store_id`, `code`, `key`, `value`, `serialized`) VALUES ('787', '0', 'aridius_livesearch', 'aridius_livesearch_symbol', '1', '0');
INSERT INTO `PREFIX_DB_setting` (`setting_id`, `store_id`, `code`, `key`, `value`, `serialized`) VALUES ('788', '0', 'aridius_livesearch', 'aridius_livesearch_limit', '5', '0');
INSERT INTO `PREFIX_DB_setting` (`setting_id`, `store_id`, `code`, `key`, `value`, `serialized`) VALUES ('789', '0', 'aridius_livesearch', 'aridius_livesearch_width', '40', '0');
INSERT INTO `PREFIX_DB_setting` (`setting_id`, `store_id`, `code`, `key`, `value`, `serialized`) VALUES ('790', '0', 'aridius_livesearch', 'aridius_livesearch_height', '40', '0');
INSERT INTO `PREFIX_DB_setting` (`setting_id`, `store_id`, `code`, `key`, `value`, `serialized`) VALUES ('791', '0', 'aridius_livesearch', 'aridius_livesearch_status', '1', '0');
INSERT INTO `PREFIX_DB_setting` (`setting_id`, `store_id`, `code`, `key`, `value`, `serialized`) VALUES ('21306', '0', 'aridius_faq', 'aridius_faq_top_links', '{"1":{"title":{"1":"\\u041a\\u0430\\u043a \\u043a\\u0443\\u043f\\u0438\\u0442\\u044c","2":"\\u041a\\u0430\\u043a \\u043a\\u0443\\u043f\\u0438\\u0442\\u044c"},"faicons_faq":"fa fa-usd","id":"tabfaq1","description":{"1":"&lt;p&gt;\\u0412\\u044b \\u043c\\u043e\\u0436\\u0435\\u0442\\u0435 \\u0437\\u0430\\u043a\\u0430\\u0437\\u0430\\u0442\\u044c \\u0442\\u043e\\u0432\\u0430\\u0440 \\u0447\\u0435\\u0440\\u0435\\u0437 \\u0441\\u0430\\u0439\\u0442, \\u043f\\u043e\\u0441\\u043b\\u0435 \\u0447\\u0435\\u0433\\u043e \\u0412\\u0430\\u043c \\u043f\\u043e\\u0437\\u0432\\u043e\\u043d\\u0438\\u0442 \\u043d\\u0430\\u0448 \\u043c\\u0435\\u043d\\u0435\\u0434\\u0436\\u0435\\u0440 \\u0438 \\u043e\\u0431\\u0441\\u0443\\u0434\\u0438\\u0442 \\u0432\\u0441\\u0435 \\u0434\\u0435\\u0442\\u0430\\u043b\\u0438 \\u0437\\u0430\\u043a\\u0430\\u0437\\u0430, \\u0438\\u043b\\u0438 \\u0441\\u0434\\u0435\\u043b\\u0430\\u0442\\u044c \\u0437\\u0430\\u043a\\u0430\\u0437 \\u043f\\u043e \\u043e\\u0434\\u043d\\u043e\\u043c\\u0443 \\u0438\\u0437 \\u0442\\u0435\\u043b\\u0435\\u0444\\u043e\\u043d\\u043e\\u0432: (xxx) xxx-xx-xx, (xxx) xxx-xx-xx, \\u0432\\u0440\\u0435\\u043c\\u044f \\u0440\\u0430\\u0431\\u043e\\u0442\\u044b \\u0432 \\u0431\\u0443\\u0434\\u043d\\u0438\\u0435 \\u0434\\u043d\\u0438 \\u0441 9:00 \\u0434\\u043e 18:00, \\u0441\\u0443\\u0431\\u0431\\u043e\\u0442\\u0430 \\u0441 10:00 \\u0434\\u043e 16:00, \\u0432\\u043e\\u0441\\u043a\\u0440\\u0435\\u0441\\u0435\\u043d\\u044c\\u0435 \\u0432\\u044b\\u0445\\u043e\\u0434\\u043d\\u043e\\u0439.&lt;\\/p&gt;","2":"&lt;p&gt;\\u0412\\u044b \\u043c\\u043e\\u0436\\u0435\\u0442\\u0435 \\u0437\\u0430\\u043a\\u0430\\u0437\\u0430\\u0442\\u044c \\u0442\\u043e\\u0432\\u0430\\u0440 \\u0447\\u0435\\u0440\\u0435\\u0437 \\u0441\\u0430\\u0439\\u0442, \\u043f\\u043e\\u0441\\u043b\\u0435 \\u0447\\u0435\\u0433\\u043e \\u0412\\u0430\\u043c \\u043f\\u043e\\u0437\\u0432\\u043e\\u043d\\u0438\\u0442 \\u043d\\u0430\\u0448 \\u043c\\u0435\\u043d\\u0435\\u0434\\u0436\\u0435\\u0440 \\u0438 \\u043e\\u0431\\u0441\\u0443\\u0434\\u0438\\u0442 \\u0432\\u0441\\u0435 \\u0434\\u0435\\u0442\\u0430\\u043b\\u0438 \\u0437\\u0430\\u043a\\u0430\\u0437\\u0430, \\u0438\\u043b\\u0438 \\u0441\\u0434\\u0435\\u043b\\u0430\\u0442\\u044c \\u0437\\u0430\\u043a\\u0430\\u0437 \\u043f\\u043e \\u043e\\u0434\\u043d\\u043e\\u043c\\u0443 \\u0438\\u0437 \\u0442\\u0435\\u043b\\u0435\\u0444\\u043e\\u043d\\u043e\\u0432: (xxx) xxx-xx-xx, (xxx) xxx-xx-xx, \\u0432\\u0440\\u0435\\u043c\\u044f \\u0440\\u0430\\u0431\\u043e\\u0442\\u044b \\u0432 \\u0431\\u0443\\u0434\\u043d\\u0438\\u0435 \\u0434\\u043d\\u0438 \\u0441 9:00 \\u0434\\u043e 18:00, \\u0441\\u0443\\u0431\\u0431\\u043e\\u0442\\u0430 \\u0441 10:00 \\u0434\\u043e 16:00, \\u0432\\u043e\\u0441\\u043a\\u0440\\u0435\\u0441\\u0435\\u043d\\u044c\\u0435 \\u0432\\u044b\\u0445\\u043e\\u0434\\u043d\\u043e\\u0439.&lt;\\/p&gt;"}},"2":{"title":{"1":"\\u0414\\u043e\\u0441\\u0442\\u0430\\u0432\\u043a\\u0430 \\u0438 \\u043e\\u043f\\u043b\\u0430\\u0442\\u0430","2":"\\u0414\\u043e\\u0441\\u0442\\u0430\\u0432\\u043a\\u0430 \\u0438 \\u043e\\u043f\\u043b\\u0430\\u0442\\u0430"},"faicons_faq":"fa fa-truck","id":"tabfaq2","description":{"1":"&lt;p&gt;\\u041f\\u0440\\u0438 \\u0432\\u044b\\u0431\\u043e\\u0440\\u0435 \\u0434\\u043e\\u0441\\u0442\\u0430\\u0432\\u043a\\u0438 \\u2013 \\u043d\\u0430\\u0448\\u0438\\u043c \\u0442\\u0440\\u0430\\u043d\\u0441\\u043f\\u043e\\u0440\\u0442\\u043e\\u043c, \\u0412\\u0430\\u043c \\u043d\\u0443\\u0436\\u043d\\u043e \\u043e\\u043f\\u043b\\u0430\\u0442\\u0438\\u0442\\u044c \\u043f\\u043e\\u043b\\u043d\\u0443\\u044e \\u0441\\u0442\\u043e\\u0438\\u043c\\u043e\\u0441\\u0442\\u044c \\u043f\\u043e\\u043a\\u0443\\u043f\\u043a\\u0438 \\u043d\\u0430 \\u043d\\u0430\\u0448 \\u0440\\u0430\\u0441\\u0447\\u0435\\u0442\\u043d\\u044b\\u0439 \\u0441\\u0447\\u0435\\u0442 \\u0432 \\u0431\\u0430\\u043d\\u043a\\u0435, \\u044d\\u0442\\u043e \\u043c\\u043e\\u0436\\u043d\\u043e \\u0441\\u0434\\u0435\\u043b\\u0430\\u0442\\u044c \\u0447\\u0435\\u0440\\u0435\\u0437 \\u043a\\u0430\\u0441\\u0441\\u0443 \\u0432 \\u043b\\u044e\\u0431\\u043e\\u043c \\u0431\\u0430\\u043d\\u043a\\u0435, \\u0438\\u043b\\u0438 \\u0441 \\u043f\\u043e\\u043c\\u043e\\u0449\\u044c\\u044e \\u0431\\u0430\\u043d\\u043a\\u043e\\u0432\\u0441\\u043a\\u043e\\u0439 \\u043a\\u0430\\u0440\\u0442\\u044b (\\u0432\\u044b\\u0431\\u0440\\u0430\\u0432 \\u0441\\u043f\\u043e\\u0441\\u043e\\u0431 \\u043e\\u043f\\u043b\\u0430\\u0442\\u044b \\u00ab\\u041e\\u043f\\u043b\\u0430\\u0442\\u0430 \\u043a\\u0430\\u0440\\u0442\\u043e\\u0439 \\u043b\\u044e\\u0431\\u043e\\u0433\\u043e \\u0431\\u0430\\u043d\\u043a\\u0430\\u00bb \\u043f\\u0440\\u0438 \\u043e\\u0444\\u043e\\u0440\\u043c\\u043b\\u0435\\u043d\\u0438\\u0438 \\u0437\\u0430\\u043a\\u0430\\u0437\\u0430 \\u043d\\u0430 \\u043d\\u0430\\u0448\\u0435\\u043c \\u0441\\u0430\\u0439\\u0442\\u0435).&lt;\\/p&gt;","2":"&lt;p&gt;\\u041f\\u0440\\u0438 \\u0432\\u044b\\u0431\\u043e\\u0440\\u0435 \\u0434\\u043e\\u0441\\u0442\\u0430\\u0432\\u043a\\u0438 \\u2013 \\u043d\\u0430\\u0448\\u0438\\u043c \\u0442\\u0440\\u0430\\u043d\\u0441\\u043f\\u043e\\u0440\\u0442\\u043e\\u043c, \\u0412\\u0430\\u043c \\u043d\\u0443\\u0436\\u043d\\u043e \\u043e\\u043f\\u043b\\u0430\\u0442\\u0438\\u0442\\u044c \\u043f\\u043e\\u043b\\u043d\\u0443\\u044e \\u0441\\u0442\\u043e\\u0438\\u043c\\u043e\\u0441\\u0442\\u044c \\u043f\\u043e\\u043a\\u0443\\u043f\\u043a\\u0438 \\u043d\\u0430 \\u043d\\u0430\\u0448 \\u0440\\u0430\\u0441\\u0447\\u0435\\u0442\\u043d\\u044b\\u0439 \\u0441\\u0447\\u0435\\u0442 \\u0432 \\u0431\\u0430\\u043d\\u043a\\u0435, \\u044d\\u0442\\u043e \\u043c\\u043e\\u0436\\u043d\\u043e \\u0441\\u0434\\u0435\\u043b\\u0430\\u0442\\u044c \\u0447\\u0435\\u0440\\u0435\\u0437 \\u043a\\u0430\\u0441\\u0441\\u0443 \\u0432 \\u043b\\u044e\\u0431\\u043e\\u043c \\u0431\\u0430\\u043d\\u043a\\u0435, \\u0438\\u043b\\u0438 \\u0441 \\u043f\\u043e\\u043c\\u043e\\u0449\\u044c\\u044e \\u0431\\u0430\\u043d\\u043a\\u043e\\u0432\\u0441\\u043a\\u043e\\u0439 \\u043a\\u0430\\u0440\\u0442\\u044b (\\u0432\\u044b\\u0431\\u0440\\u0430\\u0432 \\u0441\\u043f\\u043e\\u0441\\u043e\\u0431 \\u043e\\u043f\\u043b\\u0430\\u0442\\u044b \\u00ab\\u041e\\u043f\\u043b\\u0430\\u0442\\u0430 \\u043a\\u0430\\u0440\\u0442\\u043e\\u0439 \\u043b\\u044e\\u0431\\u043e\\u0433\\u043e \\u0431\\u0430\\u043d\\u043a\\u0430\\u00bb \\u043f\\u0440\\u0438 \\u043e\\u0444\\u043e\\u0440\\u043c\\u043b\\u0435\\u043d\\u0438\\u0438 \\u0437\\u0430\\u043a\\u0430\\u0437\\u0430 \\u043d\\u0430 \\u043d\\u0430\\u0448\\u0435\\u043c \\u0441\\u0430\\u0439\\u0442\\u0435).&lt;\\/p&gt;"}},"3":{"title":{"1":"\\u041e \\u043d\\u0430\\u0448\\u0435\\u043c \\u043c\\u0430\\u0433\\u0430\\u0437\\u0438\\u043d\\u0435","2":"\\u041e \\u043d\\u0430\\u0448\\u0435\\u043c \\u043c\\u0430\\u0433\\u0430\\u0437\\u0438\\u043d\\u0435"},"faicons_faq":"fa fa-gift","id":"tabfaq3","description":{"1":"&lt;p&gt;\\u0418\\u043d\\u0442\\u0435\\u0440\\u043d\\u0435\\u0442-\\u043c\\u0430\\u0433\\u0430\\u0437\\u0438\\u043d (\\u0430\\u043d\\u0433\\u043b. online shop \\u0438\\u043b\\u0438 e-shop) \\u2014 \\u0441\\u0430\\u0439\\u0442, \\u0442\\u043e\\u0440\\u0433\\u0443\\u044e\\u0449\\u0438\\u0439 \\u0442\\u043e\\u0432\\u0430\\u0440\\u0430\\u043c\\u0438 \\u043f\\u043e\\u0441\\u0440\\u0435\\u0434\\u0441\\u0442\\u0432\\u043e\\u043c \\u0441\\u0435\\u0442\\u0438 \\u0418\\u043d\\u0442\\u0435\\u0440\\u043d\\u0435\\u0442. \\u041f\\u043e\\u0437\\u0432\\u043e\\u043b\\u044f\\u0435\\u0442 \\u043f\\u043e\\u043b\\u044c\\u0437\\u043e\\u0432\\u0430\\u0442\\u0435\\u043b\\u044f\\u043c \\u043e\\u043d\\u043b\\u0430\\u0439\\u043d, \\u0432 \\u0441\\u0432\\u043e\\u0451\\u043c \\u0431\\u0440\\u0430\\u0443\\u0437\\u0435\\u0440\\u0435 \\u0438\\u043b\\u0438 \\u0447\\u0435\\u0440\\u0435\\u0437 \\u043c\\u043e\\u0431\\u0438\\u043b\\u044c\\u043d\\u043e\\u0435 \\u043f\\u0440\\u0438\\u043b\\u043e\\u0436\\u0435\\u043d\\u0438\\u0435&lt;\\/p&gt;&lt;p&gt;&amp;nbsp;&lt;\\/p&gt;","2":"&lt;p&gt;\\u0418\\u043d\\u0442\\u0435\\u0440\\u043d\\u0435\\u0442-\\u043c\\u0430\\u0433\\u0430\\u0437\\u0438\\u043d (\\u0430\\u043d\\u0433\\u043b. online shop \\u0438\\u043b\\u0438 e-shop) \\u2014 \\u0441\\u0430\\u0439\\u0442, \\u0442\\u043e\\u0440\\u0433\\u0443\\u044e\\u0449\\u0438\\u0439 \\u0442\\u043e\\u0432\\u0430\\u0440\\u0430\\u043c\\u0438 \\u043f\\u043e\\u0441\\u0440\\u0435\\u0434\\u0441\\u0442\\u0432\\u043e\\u043c \\u0441\\u0435\\u0442\\u0438 \\u0418\\u043d\\u0442\\u0435\\u0440\\u043d\\u0435\\u0442. \\u041f\\u043e\\u0437\\u0432\\u043e\\u043b\\u044f\\u0435\\u0442 \\u043f\\u043e\\u043b\\u044c\\u0437\\u043e\\u0432\\u0430\\u0442\\u0435\\u043b\\u044f\\u043c \\u043e\\u043d\\u043b\\u0430\\u0439\\u043d, \\u0432 \\u0441\\u0432\\u043e\\u0451\\u043c \\u0431\\u0440\\u0430\\u0443\\u0437\\u0435\\u0440\\u0435 \\u0438\\u043b\\u0438 \\u0447\\u0435\\u0440\\u0435\\u0437 \\u043c\\u043e\\u0431\\u0438\\u043b\\u044c\\u043d\\u043e\\u0435 \\u043f\\u0440\\u0438\\u043b\\u043e\\u0436\\u0435\\u043d\\u0438\\u0435&lt;\\/p&gt;&lt;p&gt;&amp;nbsp;&lt;\\/p&gt;"}}}', '1');
INSERT INTO `PREFIX_DB_setting` (`setting_id`, `store_id`, `code`, `key`, `value`, `serialized`) VALUES ('21311', '0', 'aridius_faq', 'aridius_faq_meta_keyword', '{"1":"FAQ","2":"FAQ"}', '1');
INSERT INTO `PREFIX_DB_setting` (`setting_id`, `store_id`, `code`, `key`, `value`, `serialized`) VALUES ('21310', '0', 'aridius_faq', 'aridius_faq_meta_description', '{"1":"FAQ","2":"FAQ"}', '1');
INSERT INTO `PREFIX_DB_setting` (`setting_id`, `store_id`, `code`, `key`, `value`, `serialized`) VALUES ('21307', '0', 'aridius_faq', 'aridius_faq_description', '{"1":"&lt;p&gt;\\u041d\\u0430\\u0448\\u0430 \\u043a\\u043e\\u043c\\u043f\\u0430\\u043d\\u0438\\u044f \\u0437\\u0430\\u0431\\u043e\\u0442\\u0438\\u0442\\u044c\\u0441\\u044f \\u043e \\u043a\\u0430\\u0436\\u0434\\u043e\\u043c \\u043a\\u043b\\u0438\\u0435\\u043d\\u0442\\u0435 \\u0438 \\u0441\\u0442\\u0430\\u0440\\u0430\\u0435\\u0442\\u0441\\u044f \\u043f\\u043e\\u0441\\u0442\\u043e\\u044f\\u043d\\u043d\\u043e \\u0443\\u0441\\u043e\\u0432\\u0435\\u0440\\u0448\\u0435\\u043d\\u0441\\u0442\\u0432\\u043e\\u0432\\u0430\\u0442\\u044c\\u0441\\u044f. \\u041f\\u043e\\u044d\\u0442\\u043e\\u043c\\u0443 \\u0441\\u043e\\u0433\\u043b\\u0430\\u0441\\u043d\\u043e \\u0437\\u0430\\u043a\\u043e\\u043d\\u0430 \\u00ab\\u041f\\u0440\\u043e \\u0437\\u0430\\u0449\\u0438\\u0442\\u0443 \\u043f\\u0440\\u0430\\u0432 \\u043f\\u043e\\u0442\\u0440\\u0435\\u0431\\u0438\\u0442\\u0435\\u043b\\u044f\\u00bb \\u0435\\u0441\\u043b\\u0438 \\u043a\\u0443\\u043f\\u043b\\u0435\\u043d\\u043d\\u044b\\u0439 \\u0442\\u043e\\u0432\\u0430\\u0440 \\u0432\\u0430\\u043c \\u043d\\u0435 \\u043f\\u043e\\u0434\\u043e\\u0448\\u0435\\u043b \\u043f\\u043e \\u043a\\u0430\\u043a\\u043e\\u0439 - \\u0442\\u043e \\u0438\\u0437 \\u043f\\u0440\\u0438\\u0447\\u0438\\u043d, \\u0438\\u043c\\u0435\\u0435\\u0442 \\u0437\\u0430\\u0432\\u043e\\u0434\\u0441\\u043a\\u0438\\u0435 \\u0434\\u0435\\u0444\\u0435\\u043a\\u0442\\u044b, \\u0412\\u044b \\u0438\\u043c\\u0435\\u0435\\u0442\\u0435 \\u043f\\u0440\\u0430\\u0432\\u043e \\u0432\\u0435\\u0440\\u043d\\u0443\\u0442\\u044c \\u0438\\u043b\\u0438 \\u043e\\u0431\\u043c\\u0435\\u043d\\u044f\\u0442\\u044c \\u0442\\u043e\\u0432\\u0430\\u0440 \\u0432 \\u0442\\u0435\\u0447\\u0435\\u043d\\u0438\\u0438 14 \\u0434\\u043d\\u0435\\u0439 \\u0441 \\u043c\\u043e\\u043c\\u0435\\u043d\\u0442\\u0430 \\u0435\\u0433\\u043e \\u043f\\u043e\\u043a\\u0443\\u043f\\u043a\\u0438.&lt;\\/p&gt;","2":""}', '1');
INSERT INTO `PREFIX_DB_setting` (`setting_id`, `store_id`, `code`, `key`, `value`, `serialized`) VALUES ('21308', '0', 'aridius_faq', 'aridius_faq_description2', '{"1":"&lt;p&gt;&lt;span style=&quot;font-size:14px&quot;&gt;\\u041a\\u0443\\u043f\\u0438\\u0442\\u044c \\u0442\\u043e\\u0432\\u0430\\u0440 \\u0443 \\u043d\\u0430\\u0441 \\u0412\\u044b \\u043c\\u043e\\u0436\\u0435\\u0442\\u0435, \\u043f\\u043e\\u0437\\u0432\\u043e\\u043d\\u0438\\u043c \\u043f\\u043e \\u043e\\u0434\\u043d\\u043e\\u043c\\u0443 \\u0438\\u0437 \\u043d\\u0430\\u0448\\u0438\\u0445 \\u0442\\u0435\\u043b\\u0435\\u0444\\u043e\\u043d\\u043e\\u0432 \\u0438\\u043b\\u0438 \\u043e\\u0444\\u043e\\u0440\\u043c\\u0438\\u0442\\u044c \\u0442\\u043e\\u0432\\u0430\\u0440 \\u043a\\u0443\\u043f\\u0438\\u0432 \\u0435\\u0433\\u043e \\u0447\\u0435\\u0440\\u0435\\u0437 \\u043d\\u0430\\u0448 \\u043c\\u0430\\u0433\\u0430\\u0437\\u0438\\u043d, \\u043f\\u043e\\u0441\\u043b\\u0435 \\u0447\\u0435\\u0433\\u043e \\u0441 \\u0412\\u0430\\u043c\\u0438 \\u0441\\u0432\\u044f\\u0436\\u0435\\u0442\\u0441\\u044f \\u043d\\u0430\\u0448 \\u043c\\u0435\\u043d\\u0435\\u0434\\u0436\\u0435\\u0440 \\u0438 \\u043e\\u0431\\u0433\\u043e\\u0432\\u043e\\u0440\\u0438\\u0442\\u044c \\u0432\\u0441\\u0435 \\u0434\\u0435\\u0442\\u0430\\u043b\\u0438.&lt;\\/span&gt;&lt;\\/p&gt;","2":""}', '1');
INSERT INTO `PREFIX_DB_setting` (`setting_id`, `store_id`, `code`, `key`, `value`, `serialized`) VALUES ('21305', '0', 'aridius_faq', 'aridius_faq_name', '{"1":"FAQ","2":"FAQ"}', '1');
INSERT INTO `PREFIX_DB_setting` (`setting_id`, `store_id`, `code`, `key`, `value`, `serialized`) VALUES ('800', '0', 'aridius_qckview', 'aridius_qckview_tabs', '0', '0');
INSERT INTO `PREFIX_DB_setting` (`setting_id`, `store_id`, `code`, `key`, `value`, `serialized`) VALUES ('801', '0', 'aridius_qckview', 'aridius_qckview_tab_description', '0', '0');
INSERT INTO `PREFIX_DB_setting` (`setting_id`, `store_id`, `code`, `key`, `value`, `serialized`) VALUES ('802', '0', 'aridius_qckview', 'aridius_qckview_tab_character', '0', '0');
INSERT INTO `PREFIX_DB_setting` (`setting_id`, `store_id`, `code`, `key`, `value`, `serialized`) VALUES ('803', '0', 'aridius_qckview', 'aridius_qckview_tab_reviews', '0', '0');
INSERT INTO `PREFIX_DB_setting` (`setting_id`, `store_id`, `code`, `key`, `value`, `serialized`) VALUES ('804', '0', 'aridius_qckview', 'aridius_qckview_tab_additional', '0', '0');
INSERT INTO `PREFIX_DB_setting` (`setting_id`, `store_id`, `code`, `key`, `value`, `serialized`) VALUES ('805', '0', 'aridius_qckview', 'aridius_qckview_image', '0', '0');
INSERT INTO `PREFIX_DB_setting` (`setting_id`, `store_id`, `code`, `key`, `value`, `serialized`) VALUES ('806', '0', 'aridius_qckview', 'aridius_qckview_additional_image', '0', '0');
INSERT INTO `PREFIX_DB_setting` (`setting_id`, `store_id`, `code`, `key`, `value`, `serialized`) VALUES ('807', '0', 'aridius_qckview', 'aridius_qckview_rating', '0', '0');
INSERT INTO `PREFIX_DB_setting` (`setting_id`, `store_id`, `code`, `key`, `value`, `serialized`) VALUES ('808', '0', 'aridius_qckview', 'aridius_qckview_short_info', '0', '0');
INSERT INTO `PREFIX_DB_setting` (`setting_id`, `store_id`, `code`, `key`, `value`, `serialized`) VALUES ('809', '0', 'aridius_qckview', 'aridius_qckview_manufacturer', '0', '0');
INSERT INTO `PREFIX_DB_setting` (`setting_id`, `store_id`, `code`, `key`, `value`, `serialized`) VALUES ('810', '0', 'aridius_qckview', 'aridius_qckview_stock', '0', '0');
INSERT INTO `PREFIX_DB_setting` (`setting_id`, `store_id`, `code`, `key`, `value`, `serialized`) VALUES ('811', '0', 'aridius_qckview', 'aridius_qckview_code_product', '0', '0');
INSERT INTO `PREFIX_DB_setting` (`setting_id`, `store_id`, `code`, `key`, `value`, `serialized`) VALUES ('812', '0', 'aridius_qckview', 'aridius_qckview_button_wish', '0', '0');
INSERT INTO `PREFIX_DB_setting` (`setting_id`, `store_id`, `code`, `key`, `value`, `serialized`) VALUES ('813', '0', 'aridius_qckview', 'aridius_qckview_button_compare', '0', '0');
INSERT INTO `PREFIX_DB_setting` (`setting_id`, `store_id`, `code`, `key`, `value`, `serialized`) VALUES ('814', '0', 'aridius_qckview', 'aridius_qckview_icons_likes', '0', '0');
INSERT INTO `PREFIX_DB_setting` (`setting_id`, `store_id`, `code`, `key`, `value`, `serialized`) VALUES ('815', '0', 'aridius_qckview', 'aridius_qckview_status', '1', '0');
INSERT INTO `PREFIX_DB_setting` (`setting_id`, `store_id`, `code`, `key`, `value`, `serialized`) VALUES ('15326', '0', 'aridius_category_accordion', 'aridius_category_accordion_child_visible', '["26","60","61","62","63","64","65","66","67","68","69","70","73","75","76","77","78","79","80","81","82","83","84","85","87","88","90","92","93","94","95","96","97","98","99","100","101","20","27","72","91","59","71","74","89"]', '1');
INSERT INTO `PREFIX_DB_setting` (`setting_id`, `store_id`, `code`, `key`, `value`, `serialized`) VALUES ('818', '0', 'aridiusfastorder', 'aridiusfastorder_descriptionshow', '0', '0');
INSERT INTO `PREFIX_DB_setting` (`setting_id`, `store_id`, `code`, `key`, `value`, `serialized`) VALUES ('819', '0', 'aridiusfastorder', 'aridiusfastorder_adddescriptionshow', '1', '0');
INSERT INTO `PREFIX_DB_setting` (`setting_id`, `store_id`, `code`, `key`, `value`, `serialized`) VALUES ('820', '0', 'aridiusfastorder', 'aridiusfastorder_img', '0', '0');
INSERT INTO `PREFIX_DB_setting` (`setting_id`, `store_id`, `code`, `key`, `value`, `serialized`) VALUES ('821', '0', 'aridiusfastorder', 'aridiusfastorder_price', '0', '0');
INSERT INTO `PREFIX_DB_setting` (`setting_id`, `store_id`, `code`, `key`, `value`, `serialized`) VALUES ('822', '0', 'aridiusfastorder', 'aridiusfastorder_quantity', '0', '0');
INSERT INTO `PREFIX_DB_setting` (`setting_id`, `store_id`, `code`, `key`, `value`, `serialized`) VALUES ('823', '0', 'aridiusfastorder', 'aridiusfastorder_firstnameshow', '0', '0');
INSERT INTO `PREFIX_DB_setting` (`setting_id`, `store_id`, `code`, `key`, `value`, `serialized`) VALUES ('824', '0', 'aridiusfastorder', 'aridiusfastorder_firstnamevalid', '0', '0');
INSERT INTO `PREFIX_DB_setting` (`setting_id`, `store_id`, `code`, `key`, `value`, `serialized`) VALUES ('825', '0', 'aridiusfastorder', 'aridiusfastorder_placeholderfirstname', '{"1":"\\u0424\\u0418\\u041e","2":"\\u0424\\u0418\\u041e"}', '1');
INSERT INTO `PREFIX_DB_setting` (`setting_id`, `store_id`, `code`, `key`, `value`, `serialized`) VALUES ('826', '0', 'aridiusfastorder', 'aridiusfastorder_mask', '{"1":"+38(999) 999-9999","2":"+7(999) 999-9999"}', '1');
INSERT INTO `PREFIX_DB_setting` (`setting_id`, `store_id`, `code`, `key`, `value`, `serialized`) VALUES ('827', '0', 'aridiusfastorder', 'aridiusfastorder_placeholdertell', '{"1":"\\u0422\\u0435\\u043b\\u0435\\u0444\\u043e\\u043d","2":"\\u0422\\u0435\\u043b\\u0435\\u0444\\u043e\\u043d"}', '1');
INSERT INTO `PREFIX_DB_setting` (`setting_id`, `store_id`, `code`, `key`, `value`, `serialized`) VALUES ('828', '0', 'aridiusfastorder', 'aridiusfastorder_emailshow', '0', '0');
INSERT INTO `PREFIX_DB_setting` (`setting_id`, `store_id`, `code`, `key`, `value`, `serialized`) VALUES ('829', '0', 'aridiusfastorder', 'aridiusfastorder_emailvalid', '0', '0');
INSERT INTO `PREFIX_DB_setting` (`setting_id`, `store_id`, `code`, `key`, `value`, `serialized`) VALUES ('830', '0', 'aridiusfastorder', 'aridiusfastorder_placeholderemail', '{"1":"E-mail","2":"E-mail"}', '1');
INSERT INTO `PREFIX_DB_setting` (`setting_id`, `store_id`, `code`, `key`, `value`, `serialized`) VALUES ('831', '0', 'aridiusfastorder', 'aridiusfastorder_commentshow', '0', '0');
INSERT INTO `PREFIX_DB_setting` (`setting_id`, `store_id`, `code`, `key`, `value`, `serialized`) VALUES ('832', '0', 'aridiusfastorder', 'aridiusfastorder_placeholdercomment', '{"1":"\\u041a\\u043e\\u043c\\u043c\\u0435\\u043d\\u0442\\u0430\\u0440\\u0438\\u0439","2":"\\u041a\\u043e\\u043c\\u043c\\u0435\\u043d\\u0442\\u0430\\u0440\\u0438\\u0439"}', '1');
INSERT INTO `PREFIX_DB_setting` (`setting_id`, `store_id`, `code`, `key`, `value`, `serialized`) VALUES ('833', '0', 'aridiusfastorder', 'aridiusfastorder_status', '1', '0');
INSERT INTO `PREFIX_DB_setting` (`setting_id`, `store_id`, `code`, `key`, `value`, `serialized`) VALUES ('834', '0', 'aridiusfastorder', 'aridiusfastorder_description', '{"1":"&lt;span style=&quot;font-size: 11px;&quot;&gt;\\u041d\\u0430\\u0436\\u0438\\u043c\\u0430\\u044f \\u043d\\u0430 \\u043a\\u043d\\u043e\\u043f\\u043a\\u0443 \\u00ab\\u041e\\u0442\\u043f\\u0440\\u0430\\u0432\\u0438\\u0442\\u044c\\u00bb, \\u044f \\u0434\\u0430\\u044e c\\u043e\\u0433\\u043b\\u0430\\u0441\\u0438\\u0435 \\u043d\\u0430 &lt;a href=&quot;person_danie&quot; target=&quot;_blank&quot;&gt;\\u043e\\u0431\\u0440\\u0430\\u0431\\u043e\\u0442\\u043a\\u0443 \\u043f\\u0435\\u0440\\u0441\\u043e\\u043d\\u0430\\u043b\\u044c\\u043d\\u044b\\u0445 \\u0434\\u0430\\u043d\\u043d\\u044b\\u0445.&lt;\\/a&gt;&lt;\\/span&gt;","2":"&lt;span style=&quot;font-size: 11px;&quot;&gt;\\u041d\\u0430\\u0436\\u0438\\u043c\\u0430\\u044f \\u043d\\u0430 \\u043a\\u043d\\u043e\\u043f\\u043a\\u0443 \\u00ab\\u041e\\u0442\\u043f\\u0440\\u0430\\u0432\\u0438\\u0442\\u044c\\u00bb, \\u044f \\u0434\\u0430\\u044e c\\u043e\\u0433\\u043b\\u0430\\u0441\\u0438\\u0435 \\u043d\\u0430 &lt;a href=&quot;person_danie&quot; target=&quot;_blank&quot;&gt;\\u043e\\u0431\\u0440\\u0430\\u0431\\u043e\\u0442\\u043a\\u0443 \\u043f\\u0435\\u0440\\u0441\\u043e\\u043d\\u0430\\u043b\\u044c\\u043d\\u044b\\u0445 \\u0434\\u0430\\u043d\\u043d\\u044b\\u0445.&lt;\\/a&gt;&lt;\\/span&gt;"}', '1');
INSERT INTO `PREFIX_DB_setting` (`setting_id`, `store_id`, `code`, `key`, `value`, `serialized`) VALUES ('835', '0', 'aridiusfastorder', 'aridiusfastorder_description2', '{"1":"&lt;p&gt;\\u0421\\u043f\\u0430\\u0441\\u0438\\u0431\\u043e \\u0437\\u0430 \\u0431\\u044b\\u0441\\u0442\\u0440\\u044b\\u0439 \\u0437\\u0430\\u043a\\u0430\\u0437. \\u0421 \\u0432\\u0430\\u043c\\u0438 \\u0441\\u0432\\u044f\\u0436\\u0443\\u0442\\u0441\\u044f \\u0432 \\u0442\\u0435\\u0447\\u0435\\u043d\\u0438\\u0438 \\u0447\\u0430\\u0441\\u0430!&lt;br&gt;&lt;\\/p&gt;","2":"&lt;p&gt;\\u0421\\u043f\\u0430\\u0441\\u0438\\u0431\\u043e \\u0437\\u0430 \\u0431\\u044b\\u0441\\u0442\\u0440\\u044b\\u0439 \\u0437\\u0430\\u043a\\u0430\\u0437. \\u0421 \\u0432\\u0430\\u043c\\u0438 \\u0441\\u0432\\u044f\\u0436\\u0443\\u0442\\u0441\\u044f \\u0432 \\u0442\\u0435\\u0447\\u0435\\u043d\\u0438\\u0438 \\u0447\\u0430\\u0441\\u0430!&lt;br&gt;&lt;\\/p&gt;"}', '1');
INSERT INTO `PREFIX_DB_setting` (`setting_id`, `store_id`, `code`, `key`, `value`, `serialized`) VALUES ('836', '0', 'aridiusundersell', 'aridiusundersell_descriptionshow', '0', '0');
INSERT INTO `PREFIX_DB_setting` (`setting_id`, `store_id`, `code`, `key`, `value`, `serialized`) VALUES ('837', '0', 'aridiusundersell', 'aridiusundersell_adddescriptionshow', '1', '0');
INSERT INTO `PREFIX_DB_setting` (`setting_id`, `store_id`, `code`, `key`, `value`, `serialized`) VALUES ('838', '0', 'aridiusundersell', 'aridiusundersell_img', '0', '0');
INSERT INTO `PREFIX_DB_setting` (`setting_id`, `store_id`, `code`, `key`, `value`, `serialized`) VALUES ('839', '0', 'aridiusundersell', 'aridiusundersell_price', '0', '0');
INSERT INTO `PREFIX_DB_setting` (`setting_id`, `store_id`, `code`, `key`, `value`, `serialized`) VALUES ('840', '0', 'aridiusundersell', 'aridiusundersell_quantity', '0', '0');
INSERT INTO `PREFIX_DB_setting` (`setting_id`, `store_id`, `code`, `key`, `value`, `serialized`) VALUES ('841', '0', 'aridiusundersell', 'aridiusundersell_firstnameshow', '0', '0');
INSERT INTO `PREFIX_DB_setting` (`setting_id`, `store_id`, `code`, `key`, `value`, `serialized`) VALUES ('842', '0', 'aridiusundersell', 'aridiusundersell_firstnamevalid', '0', '0');
INSERT INTO `PREFIX_DB_setting` (`setting_id`, `store_id`, `code`, `key`, `value`, `serialized`) VALUES ('843', '0', 'aridiusundersell', 'aridiusundersell_placeholderfirstname', '{"1":"\\u0424\\u0418\\u041e","2":"\\u0424\\u0418\\u041e"}', '1');
INSERT INTO `PREFIX_DB_setting` (`setting_id`, `store_id`, `code`, `key`, `value`, `serialized`) VALUES ('844', '0', 'aridiusundersell', 'aridiusundersell_mask', '{"1":"+7(999) 999-9999","2":"+7(999) 999-9999"}', '1');
INSERT INTO `PREFIX_DB_setting` (`setting_id`, `store_id`, `code`, `key`, `value`, `serialized`) VALUES ('845', '0', 'aridiusundersell', 'aridiusundersell_placeholdertell', '{"1":"\\u0422\\u0435\\u043b\\u0435\\u0444\\u043e\\u043d","2":"\\u0422\\u0435\\u043b\\u0435\\u0444\\u043e\\u043d"}', '1');
INSERT INTO `PREFIX_DB_setting` (`setting_id`, `store_id`, `code`, `key`, `value`, `serialized`) VALUES ('846', '0', 'aridiusundersell', 'aridiusundersell_emailshow', '0', '0');
INSERT INTO `PREFIX_DB_setting` (`setting_id`, `store_id`, `code`, `key`, `value`, `serialized`) VALUES ('847', '0', 'aridiusundersell', 'aridiusundersell_emailvalid', '0', '0');
INSERT INTO `PREFIX_DB_setting` (`setting_id`, `store_id`, `code`, `key`, `value`, `serialized`) VALUES ('848', '0', 'aridiusundersell', 'aridiusundersell_placeholderemail', '{"1":"E-mail","2":"E-mail"}', '1');
INSERT INTO `PREFIX_DB_setting` (`setting_id`, `store_id`, `code`, `key`, `value`, `serialized`) VALUES ('849', '0', 'aridiusundersell', 'aridiusundersell_commentshow', '0', '0');
INSERT INTO `PREFIX_DB_setting` (`setting_id`, `store_id`, `code`, `key`, `value`, `serialized`) VALUES ('850', '0', 'aridiusundersell', 'aridiusundersell_placeholdercomment', '{"1":"\\u041a\\u043e\\u043c\\u043c\\u0435\\u043d\\u0442\\u0430\\u0440\\u0438\\u0439","2":"\\u041a\\u043e\\u043c\\u043c\\u0435\\u043d\\u0442\\u0430\\u0440\\u0438\\u0439"}', '1');
INSERT INTO `PREFIX_DB_setting` (`setting_id`, `store_id`, `code`, `key`, `value`, `serialized`) VALUES ('851', '0', 'aridiusundersell', 'aridiusundersell_linkshow', '0', '0');
INSERT INTO `PREFIX_DB_setting` (`setting_id`, `store_id`, `code`, `key`, `value`, `serialized`) VALUES ('852', '0', 'aridiusundersell', 'aridiusundersell_linkvalid', '0', '0');
INSERT INTO `PREFIX_DB_setting` (`setting_id`, `store_id`, `code`, `key`, `value`, `serialized`) VALUES ('853', '0', 'aridiusundersell', 'aridiusundersell_placeholderlink', '{"1":"\\u0421\\u0441\\u044b\\u043b\\u043a\\u0430 \\u043d\\u0430 \\u0442\\u043e\\u0432\\u0430\\u0440","2":"\\u0421\\u0441\\u044b\\u043b\\u043a\\u0430 \\u043d\\u0430 \\u0442\\u043e\\u0432\\u0430\\u0440"}', '1');
INSERT INTO `PREFIX_DB_setting` (`setting_id`, `store_id`, `code`, `key`, `value`, `serialized`) VALUES ('854', '0', 'aridiusundersell', 'aridiusundersell_status', '1', '0');
INSERT INTO `PREFIX_DB_setting` (`setting_id`, `store_id`, `code`, `key`, `value`, `serialized`) VALUES ('855', '0', 'aridiusundersell', 'aridiusundersell_description', '{"1":"&lt;span style=&quot;font-size: 11px;&quot;&gt;\\u041d\\u0430\\u0436\\u0438\\u043c\\u0430\\u044f \\u043d\\u0430 \\u043a\\u043d\\u043e\\u043f\\u043a\\u0443 \\u00ab\\u041e\\u0442\\u043f\\u0440\\u0430\\u0432\\u0438\\u0442\\u044c\\u00bb, \\u044f \\u0434\\u0430\\u044e c\\u043e\\u0433\\u043b\\u0430\\u0441\\u0438\\u0435 \\u043d\\u0430 &lt;a href=&quot;person_danie&quot; target=&quot;_blank&quot;&gt;\\u043e\\u0431\\u0440\\u0430\\u0431\\u043e\\u0442\\u043a\\u0443 \\u043f\\u0435\\u0440\\u0441\\u043e\\u043d\\u0430\\u043b\\u044c\\u043d\\u044b\\u0445 \\u0434\\u0430\\u043d\\u043d\\u044b\\u0445.&lt;\\/a&gt;&lt;\\/span&gt;","2":"&lt;span style=&quot;font-size: 11px;&quot;&gt;\\u041d\\u0430\\u0436\\u0438\\u043c\\u0430\\u044f \\u043d\\u0430 \\u043a\\u043d\\u043e\\u043f\\u043a\\u0443 \\u00ab\\u041e\\u0442\\u043f\\u0440\\u0430\\u0432\\u0438\\u0442\\u044c\\u00bb, \\u044f \\u0434\\u0430\\u044e c\\u043e\\u0433\\u043b\\u0430\\u0441\\u0438\\u0435 \\u043d\\u0430 &lt;a href=&quot;person_danie&quot; target=&quot;_blank&quot;&gt;\\u043e\\u0431\\u0440\\u0430\\u0431\\u043e\\u0442\\u043a\\u0443 \\u043f\\u0435\\u0440\\u0441\\u043e\\u043d\\u0430\\u043b\\u044c\\u043d\\u044b\\u0445 \\u0434\\u0430\\u043d\\u043d\\u044b\\u0445.&lt;\\/a&gt;&lt;\\/span&gt;"}', '1');
INSERT INTO `PREFIX_DB_setting` (`setting_id`, `store_id`, `code`, `key`, `value`, `serialized`) VALUES ('856', '0', 'aridiusundersell', 'aridiusundersell_description2', '{"1":"&lt;p&gt;\\u0421\\u043f\\u0430\\u0441\\u0438\\u0431\\u043e. \\u0421 \\u0432\\u0430\\u043c\\u0438 \\u0441\\u0432\\u044f\\u0436\\u0443\\u0442\\u0441\\u044f \\u0432 \\u0442\\u0435\\u0447\\u0435\\u043d\\u0438\\u0438 \\u0447\\u0430\\u0441\\u0430!&lt;\\/p&gt;","2":"&lt;p&gt;\\u0421\\u043f\\u0430\\u0441\\u0438\\u0431\\u043e. \\u0421 \\u0432\\u0430\\u043c\\u0438 \\u0441\\u0432\\u044f\\u0436\\u0443\\u0442\\u0441\\u044f \\u0432 \\u0442\\u0435\\u0447\\u0435\\u043d\\u0438\\u0438 \\u0447\\u0430\\u0441\\u0430!&lt;br&gt;&lt;\\/p&gt;"}', '1');
INSERT INTO `PREFIX_DB_setting` (`setting_id`, `store_id`, `code`, `key`, `value`, `serialized`) VALUES ('857', '0', 'aridius_store_review', 'aridius_store_review_review_guest', '0', '0');
INSERT INTO `PREFIX_DB_setting` (`setting_id`, `store_id`, `code`, `key`, `value`, `serialized`) VALUES ('858', '0', 'aridius_store_review', 'aridius_store_review_display_answer_button', '0', '0');
INSERT INTO `PREFIX_DB_setting` (`setting_id`, `store_id`, `code`, `key`, `value`, `serialized`) VALUES ('859', '0', 'aridius_store_review', 'aridius_store_review_display_average_rating', '0', '0');
INSERT INTO `PREFIX_DB_setting` (`setting_id`, `store_id`, `code`, `key`, `value`, `serialized`) VALUES ('860', '0', 'aridius_store_review', 'aridius_store_review_default_rating', '1', '0');
INSERT INTO `PREFIX_DB_setting` (`setting_id`, `store_id`, `code`, `key`, `value`, `serialized`) VALUES ('861', '0', 'aridius_store_review', 'aridius_store_review_limite_page', '20', '0');
INSERT INTO `PREFIX_DB_setting` (`setting_id`, `store_id`, `code`, `key`, `value`, `serialized`) VALUES ('862', '0', 'aridius_store_review', 'aridius_store_review_display_captcha', '0', '0');
INSERT INTO `PREFIX_DB_setting` (`setting_id`, `store_id`, `code`, `key`, `value`, `serialized`) VALUES ('863', '0', 'aridius_store_review', 'aridius_store_review_mail', '0', '0');
INSERT INTO `PREFIX_DB_setting` (`setting_id`, `store_id`, `code`, `key`, `value`, `serialized`) VALUES ('864', '0', 'aridius_store_review', 'aridius_store_review_meta_title', '{"1":"\\u041e\\u0442\\u0437\\u044b\\u0432\\u044b \\u043e \\u043c\\u0430\\u0433\\u0430\\u0437\\u0438\\u043d\\u0435","2":"\\u041e\\u0442\\u0437\\u044b\\u0432\\u044b \\u043e \\u043c\\u0430\\u0433\\u0430\\u0437\\u0438\\u043d\\u0435"}', '1');
INSERT INTO `PREFIX_DB_setting` (`setting_id`, `store_id`, `code`, `key`, `value`, `serialized`) VALUES ('865', '0', 'aridius_store_review', 'aridius_store_review_meta_description', '{"1":"\\u041e\\u0442\\u0437\\u044b\\u0432\\u044b \\u043e \\u043c\\u0430\\u0433\\u0430\\u0437\\u0438\\u043d\\u0435","2":"\\u041e\\u0442\\u0437\\u044b\\u0432\\u044b \\u043e \\u043c\\u0430\\u0433\\u0430\\u0437\\u0438\\u043d\\u0435"}', '1');
INSERT INTO `PREFIX_DB_setting` (`setting_id`, `store_id`, `code`, `key`, `value`, `serialized`) VALUES ('866', '0', 'aridius_store_review', 'aridius_store_review_meta_keyword', '{"1":"\\u041e\\u0442\\u0437\\u044b\\u0432\\u044b \\u043e \\u043c\\u0430\\u0433\\u0430\\u0437\\u0438\\u043d\\u0435","2":"\\u041e\\u0442\\u0437\\u044b\\u0432\\u044b \\u043e \\u043c\\u0430\\u0433\\u0430\\u0437\\u0438\\u043d\\u0435"}', '1');
INSERT INTO `PREFIX_DB_setting` (`setting_id`, `store_id`, `code`, `key`, `value`, `serialized`) VALUES ('867', '0', 'aridius_store_review', 'aridius_store_review_status', '1', '0');
INSERT INTO `PREFIX_DB_setting` (`setting_id`, `store_id`, `code`, `key`, `value`, `serialized`) VALUES ('8424', '0', 'aridiusinstock', 'aridiusinstock_emailshow', '0', '0');
INSERT INTO `PREFIX_DB_setting` (`setting_id`, `store_id`, `code`, `key`, `value`, `serialized`) VALUES ('8425', '0', 'aridiusinstock', 'aridiusinstock_emailvalid', '0', '0');
INSERT INTO `PREFIX_DB_setting` (`setting_id`, `store_id`, `code`, `key`, `value`, `serialized`) VALUES ('8426', '0', 'aridiusinstock', 'aridiusinstock_placeholderemail', '{"1":"E-mail","2":"E-mail"}', '1');
INSERT INTO `PREFIX_DB_setting` (`setting_id`, `store_id`, `code`, `key`, `value`, `serialized`) VALUES ('8427', '0', 'aridiusinstock', 'aridiusinstock_status', '1', '0');
INSERT INTO `PREFIX_DB_setting` (`setting_id`, `store_id`, `code`, `key`, `value`, `serialized`) VALUES ('8428', '0', 'aridiusinstock', 'aridiusinstock_description', '{"1":"&lt;span style=&quot;font-size: 11px;&quot;&gt;\\u041d\\u0430\\u0436\\u0438\\u043c\\u0430\\u044f \\u043d\\u0430 \\u043a\\u043d\\u043e\\u043f\\u043a\\u0443 \\u00ab\\u041e\\u0442\\u043f\\u0440\\u0430\\u0432\\u0438\\u0442\\u044c\\u00bb, \\u044f \\u0434\\u0430\\u044e c\\u043e\\u0433\\u043b\\u0430\\u0441\\u0438\\u0435 \\u043d\\u0430 &lt;a href=&quot;person_danie&quot; target=&quot;_blank&quot;&gt;\\u043e\\u0431\\u0440\\u0430\\u0431\\u043e\\u0442\\u043a\\u0443 \\u043f\\u0435\\u0440\\u0441\\u043e\\u043d\\u0430\\u043b\\u044c\\u043d\\u044b\\u0445 \\u0434\\u0430\\u043d\\u043d\\u044b\\u0445.&lt;\\/a&gt;&lt;\\/span&gt;","2":"&lt;span style=&quot;font-size: 11px;&quot;&gt;\\u041d\\u0430\\u0436\\u0438\\u043c\\u0430\\u044f \\u043d\\u0430 \\u043a\\u043d\\u043e\\u043f\\u043a\\u0443 \\u00ab\\u041e\\u0442\\u043f\\u0440\\u0430\\u0432\\u0438\\u0442\\u044c\\u00bb, \\u044f \\u0434\\u0430\\u044e c\\u043e\\u0433\\u043b\\u0430\\u0441\\u0438\\u0435 \\u043d\\u0430 &lt;a href=&quot;person_danie&quot; target=&quot;_blank&quot;&gt;\\u043e\\u0431\\u0440\\u0430\\u0431\\u043e\\u0442\\u043a\\u0443 \\u043f\\u0435\\u0440\\u0441\\u043e\\u043d\\u0430\\u043b\\u044c\\u043d\\u044b\\u0445 \\u0434\\u0430\\u043d\\u043d\\u044b\\u0445.&lt;\\/a&gt;&lt;\\/span&gt;"}', '1');
INSERT INTO `PREFIX_DB_setting` (`setting_id`, `store_id`, `code`, `key`, `value`, `serialized`) VALUES ('8429', '0', 'aridiusinstock', 'aridiusinstock_description2', '{"1":"&lt;p&gt;\\u0421\\u043f\\u0430\\u0441\\u0438\\u0431\\u043e, \\u043c\\u044b \\u0440\\u0430\\u0434\\u044b \\u0437\\u0430 \\u043f\\u0440\\u043e\\u044f\\u0432\\u043b\\u0435\\u043d\\u043d\\u044b\\u0439 \\u0438\\u043d\\u0442\\u0435\\u0440\\u0435\\u0441. \\u041f\\u043e\\u0441\\u043b\\u0435 \\u043f\\u043e\\u043b\\u0443\\u0447\\u0435\\u043d\\u0438\\u044f \\u0442\\u043e\\u0432\\u0430\\u0440\\u0430 \\u043c\\u044b \\u0441\\u0432\\u044f\\u0436\\u0435\\u043c\\u0441\\u044f \\u0441 \\u0432\\u0430\\u043c\\u0438!&lt;br&gt;&lt;\\/p&gt;","2":"&lt;p&gt;\\u0421\\u043f\\u0430\\u0441\\u0438\\u0431\\u043e, \\u043c\\u044b \\u0440\\u0430\\u0434\\u044b \\u0437\\u0430 \\u043f\\u0440\\u043e\\u044f\\u0432\\u043b\\u0435\\u043d\\u043d\\u044b\\u0439 \\u0438\\u043d\\u0442\\u0435\\u0440\\u0435\\u0441. \\u041f\\u043e\\u0441\\u043b\\u0435 \\u043f\\u043e\\u043b\\u0443\\u0447\\u0435\\u043d\\u0438\\u044f \\u0442\\u043e\\u0432\\u0430\\u0440\\u0430 \\u043c\\u044b \\u0441\\u0432\\u044f\\u0436\\u0435\\u043c\\u0441\\u044f \\u0441 \\u0432\\u0430\\u043c\\u0438!&lt;br&gt;&lt;\\/p&gt;"}', '1');
INSERT INTO `PREFIX_DB_setting` (`setting_id`, `store_id`, `code`, `key`, `value`, `serialized`) VALUES ('8423', '0', 'aridiusinstock', 'aridiusinstock_placeholdertell', '{"1":"\\u0422\\u0435\\u043b\\u0435\\u0444\\u043e\\u043d","2":"\\u0422\\u0435\\u043b\\u0435\\u0444\\u043e\\u043d"}', '1');
INSERT INTO `PREFIX_DB_setting` (`setting_id`, `store_id`, `code`, `key`, `value`, `serialized`) VALUES ('8422', '0', 'aridiusinstock', 'aridiusinstock_mask', '{"1":"+7(999) 999-9999","2":"+7(999) 999-9999"}', '1');
INSERT INTO `PREFIX_DB_setting` (`setting_id`, `store_id`, `code`, `key`, `value`, `serialized`) VALUES ('8421', '0', 'aridiusinstock', 'aridiusinstock_tellvalid', '0', '0');
INSERT INTO `PREFIX_DB_setting` (`setting_id`, `store_id`, `code`, `key`, `value`, `serialized`) VALUES ('8420', '0', 'aridiusinstock', 'aridiusinstock_tellshow', '0', '0');
INSERT INTO `PREFIX_DB_setting` (`setting_id`, `store_id`, `code`, `key`, `value`, `serialized`) VALUES ('8419', '0', 'aridiusinstock', 'aridiusinstock_placeholderfirstname', '{"1":"\\u0424\\u0418\\u041e","2":"\\u0424\\u0418\\u041e"}', '1');
INSERT INTO `PREFIX_DB_setting` (`setting_id`, `store_id`, `code`, `key`, `value`, `serialized`) VALUES ('8418', '0', 'aridiusinstock', 'aridiusinstock_firstnamevalid', '0', '0');
INSERT INTO `PREFIX_DB_setting` (`setting_id`, `store_id`, `code`, `key`, `value`, `serialized`) VALUES ('8417', '0', 'aridiusinstock', 'aridiusinstock_firstnameshow', '0', '0');
INSERT INTO `PREFIX_DB_setting` (`setting_id`, `store_id`, `code`, `key`, `value`, `serialized`) VALUES ('8416', '0', 'aridiusinstock', 'aridiusinstock_img', '0', '0');
INSERT INTO `PREFIX_DB_setting` (`setting_id`, `store_id`, `code`, `key`, `value`, `serialized`) VALUES ('8413', '0', 'aridiusinstock', 'aridiusinstock_mail_send', '0', '0');
INSERT INTO `PREFIX_DB_setting` (`setting_id`, `store_id`, `code`, `key`, `value`, `serialized`) VALUES ('8414', '0', 'aridiusinstock', 'aridiusinstock_descriptionshow', '0', '0');
INSERT INTO `PREFIX_DB_setting` (`setting_id`, `store_id`, `code`, `key`, `value`, `serialized`) VALUES ('8415', '0', 'aridiusinstock', 'aridiusinstock_adddescriptionshow', '1', '0');
INSERT INTO `PREFIX_DB_setting` (`setting_id`, `store_id`, `code`, `key`, `value`, `serialized`) VALUES ('25191', '0', 'aridius_popupsize', 'aridius_popupsize_top_links', '{"1":{"title":{"1":"\\u0416\\u0435\\u043d\\u0441\\u043a\\u0438\\u0435","2":"\\u0416\\u0435\\u043d\\u0441\\u043a\\u0438\\u0435"},"id":"tabpopup1","description":{"1":"&lt;img class=&quot;img-responsive&quot; alt=&quot;size&quot; src=&quot;image\\/catalog\\/modern\\/size-women.jpg&quot;&gt;     ","2":"&lt;img class=&quot;img-responsive&quot; alt=&quot;size&quot; src=&quot;image\\/catalog\\/modern\\/size-women.jpg&quot;&gt;     "}},"2":{"title":{"1":"\\u0414\\u0435\\u0442\\u0441\\u043a\\u0438\\u0435","2":"\\u0414\\u0435\\u0442\\u0441\\u043a\\u0438\\u0435"},"id":"tabpopup2","description":{"1":"&lt;p&gt;\\u041f\\u0440\\u0430\\u0432\\u0438\\u043b\\u044c\\u043d\\u0435\\u0435 \\u0432\\u0441\\u0435\\u0433\\u043e \\u043f\\u0440\\u0438\\u043e\\u0431\\u0440\\u0435\\u0442\\u0430\\u0442\\u044c \\u043e\\u0431\\u0443\\u0432\\u044c \\u0441 \\u0437\\u0430\\u043f\\u0430\\u0441\\u043e\\u043c \\u0434\\u043e \\u043f\\u043e\\u043b\\u0443\\u0442\\u043e\\u0440\\u0430 \\u0441\\u0430\\u043d\\u0442\\u0438\\u043c\\u0435\\u0442\\u0440\\u043e\\u0432, \\u043f\\u0440\\u0438\\u0447\\u0435\\u043c, \\u043f\\u043e\\u043a\\u0443\\u043f\\u0430\\u044f \\u0437\\u0438\\u043c\\u043d\\u044e\\u044e \\u043e\\u0431\\u0443\\u0432\\u044c, \\u0443\\u0447\\u0438\\u0442\\u044b\\u0432\\u0430\\u0439\\u0442\\u0435, \\u0431\\u0443\\u0434\\u0435\\u0442\\u0435 \\u043b\\u0438 \\u0412\\u044b \\u043d\\u0430\\u0434\\u0435\\u0432\\u0430\\u0442\\u044c \\u043f\\u043e\\u0434 \\u043d\\u0435\\u0435 \\u043c\\u0430\\u043b\\u044b\\u0448\\u0443 \\u0434\\u043e\\u043f\\u043e\\u043b\\u043d\\u0438\\u0442\\u0435\\u043b\\u044c\\u043d\\u044b\\u0435 \\u043d\\u043e\\u0441\\u043e\\u0447\\u043a\\u0438. \\u0424\\u0438\\u0437\\u0438\\u043e\\u043b\\u043e\\u0433\\u0438\\u0447\\u0435\\u0441\\u043a\\u0438\\u0439 \\u0437\\u0430\\u043f\\u0430\\u0441 \\u043e\\u0431\\u0435\\u0441\\u043f\\u0435\\u0447\\u0438\\u0442 \\u0447\\u0443\\u0432\\u0441\\u0442\\u0432\\u043e \\u043a\\u043e\\u043c\\u0444\\u043e\\u0440\\u0442\\u0430: \\u0441\\u043b\\u0430\\u0431\\u044b\\u0435 \\u0434\\u0435\\u0442\\u0441\\u043a\\u0438\\u0435 \\u0441\\u0443\\u0441\\u0442\\u0430\\u0432\\u043d\\u044b\\u0435 \\u0441\\u0432\\u044f\\u0437\\u043a\\u0438 \\u0434\\u043e\\u0441\\u0442\\u0430\\u0442\\u043e\\u0447\\u043d\\u043e \\u0445\\u043e\\u0440\\u043e\\u0448\\u043e \\u0437\\u0430\\u0444\\u0438\\u043a\\u0441\\u0438\\u0440\\u0443\\u044e\\u0442\\u0441\\u044f, \\u043d\\u043e\\u0433\\u0430 \\u043d\\u0435 \\u0431\\u0443\\u0434\\u0435\\u0442 \\u0431\\u043e\\u043b\\u0442\\u0430\\u0442\\u044c\\u0441\\u044f \\u0438 \\u0435\\u0440\\u0437\\u0430\\u0442\\u044c. \\u041f\\u0440\\u0430\\u0432\\u0438\\u043b\\u044c\\u043d\\u043e \\u0432\\u044b\\u0431\\u0440\\u0430\\u043d\\u043d\\u044b\\u0439 \\u0440\\u0430\\u0437\\u043c\\u0435\\u0440 \\u043e\\u0431\\u0435\\u0437\\u043e\\u043f\\u0430\\u0441\\u0438\\u0442 \\u0440\\u0435\\u0431\\u0435\\u043d\\u043a\\u0430 \\u043e\\u0442 \\u0442\\u0440\\u0430\\u0432\\u043c, \\u0440\\u0430\\u0441\\u0442\\u044f\\u0436\\u0435\\u043d\\u0438\\u0439 \\u0438 \\u0432\\u044b\\u0432\\u0438\\u0445\\u043e\\u0432.                         &lt;br&gt;&lt;\\/p&gt;     ","2":"&lt;p&gt;\\u041f\\u0440\\u0430\\u0432\\u0438\\u043b\\u044c\\u043d\\u0435\\u0435 \\u0432\\u0441\\u0435\\u0433\\u043e \\u043f\\u0440\\u0438\\u043e\\u0431\\u0440\\u0435\\u0442\\u0430\\u0442\\u044c \\u043e\\u0431\\u0443\\u0432\\u044c \\u0441 \\u0437\\u0430\\u043f\\u0430\\u0441\\u043e\\u043c \\u0434\\u043e \\u043f\\u043e\\u043b\\u0443\\u0442\\u043e\\u0440\\u0430 \\u0441\\u0430\\u043d\\u0442\\u0438\\u043c\\u0435\\u0442\\u0440\\u043e\\u0432, \\u043f\\u0440\\u0438\\u0447\\u0435\\u043c, \\u043f\\u043e\\u043a\\u0443\\u043f\\u0430\\u044f \\u0437\\u0438\\u043c\\u043d\\u044e\\u044e \\u043e\\u0431\\u0443\\u0432\\u044c, \\u0443\\u0447\\u0438\\u0442\\u044b\\u0432\\u0430\\u0439\\u0442\\u0435, \\u0431\\u0443\\u0434\\u0435\\u0442\\u0435 \\u043b\\u0438 \\u0412\\u044b \\u043d\\u0430\\u0434\\u0435\\u0432\\u0430\\u0442\\u044c \\u043f\\u043e\\u0434 \\u043d\\u0435\\u0435 \\u043c\\u0430\\u043b\\u044b\\u0448\\u0443 \\u0434\\u043e\\u043f\\u043e\\u043b\\u043d\\u0438\\u0442\\u0435\\u043b\\u044c\\u043d\\u044b\\u0435 \\u043d\\u043e\\u0441\\u043e\\u0447\\u043a\\u0438. \\u0424\\u0438\\u0437\\u0438\\u043e\\u043b\\u043e\\u0433\\u0438\\u0447\\u0435\\u0441\\u043a\\u0438\\u0439 \\u0437\\u0430\\u043f\\u0430\\u0441 \\u043e\\u0431\\u0435\\u0441\\u043f\\u0435\\u0447\\u0438\\u0442 \\u0447\\u0443\\u0432\\u0441\\u0442\\u0432\\u043e \\u043a\\u043e\\u043c\\u0444\\u043e\\u0440\\u0442\\u0430: \\u0441\\u043b\\u0430\\u0431\\u044b\\u0435 \\u0434\\u0435\\u0442\\u0441\\u043a\\u0438\\u0435 \\u0441\\u0443\\u0441\\u0442\\u0430\\u0432\\u043d\\u044b\\u0435 \\u0441\\u0432\\u044f\\u0437\\u043a\\u0438 \\u0434\\u043e\\u0441\\u0442\\u0430\\u0442\\u043e\\u0447\\u043d\\u043e \\u0445\\u043e\\u0440\\u043e\\u0448\\u043e \\u0437\\u0430\\u0444\\u0438\\u043a\\u0441\\u0438\\u0440\\u0443\\u044e\\u0442\\u0441\\u044f, \\u043d\\u043e\\u0433\\u0430 \\u043d\\u0435 \\u0431\\u0443\\u0434\\u0435\\u0442 \\u0431\\u043e\\u043b\\u0442\\u0430\\u0442\\u044c\\u0441\\u044f \\u0438 \\u0435\\u0440\\u0437\\u0430\\u0442\\u044c. \\u041f\\u0440\\u0430\\u0432\\u0438\\u043b\\u044c\\u043d\\u043e \\u0432\\u044b\\u0431\\u0440\\u0430\\u043d\\u043d\\u044b\\u0439 \\u0440\\u0430\\u0437\\u043c\\u0435\\u0440 \\u043e\\u0431\\u0435\\u0437\\u043e\\u043f\\u0430\\u0441\\u0438\\u0442 \\u0440\\u0435\\u0431\\u0435\\u043d\\u043a\\u0430 \\u043e\\u0442 \\u0442\\u0440\\u0430\\u0432\\u043c, \\u0440\\u0430\\u0441\\u0442\\u044f\\u0436\\u0435\\u043d\\u0438\\u0439 \\u0438 \\u0432\\u044b\\u0432\\u0438\\u0445\\u043e\\u0432.                         &lt;br&gt;&lt;\\/p&gt;     "}},"3":{"title":{"1":"\\u0414\\u043e\\u0441\\u0442\\u0430\\u0432\\u043a\\u0430 \\u0438 \\u043e\\u043f\\u043b\\u0430\\u0442\\u0430","2":"\\u0414\\u043e\\u0441\\u0442\\u0430\\u0432\\u043a\\u0430 \\u0438 \\u043e\\u043f\\u043b\\u0430\\u0442\\u0430"},"id":"tabpopup3","description":{"1":"&lt;p&gt;\\u041f\\u0440\\u0438 \\u0432\\u044b\\u0431\\u043e\\u0440\\u0435 \\u0434\\u043e\\u0441\\u0442\\u0430\\u0432\\u043a\\u0438 \\u2013 \\u043d\\u0430\\u0448\\u0438\\u043c \\u0442\\u0440\\u0430\\u043d\\u0441\\u043f\\u043e\\u0440\\u0442\\u043e\\u043c, \\u0412\\u0430\\u043c \\u043d\\u0443\\u0436\\u043d\\u043e \\u043e\\u043f\\u043b\\u0430\\u0442\\u0438\\u0442\\u044c \\u043f\\u043e\\u043b\\u043d\\u0443\\u044e \\u0441\\u0442\\u043e\\u0438\\u043c\\u043e\\u0441\\u0442\\u044c \\u043f\\u043e\\u043a\\u0443\\u043f\\u043a\\u0438 \\u043d\\u0430 \\u043d\\u0430\\u0448 \\u0440\\u0430\\u0441\\u0447\\u0435\\u0442\\u043d\\u044b\\u0439 \\u0441\\u0447\\u0435\\u0442 \\u0432 \\u0431\\u0430\\u043d\\u043a\\u0435, \\u044d\\u0442\\u043e \\u043c\\u043e\\u0436\\u043d\\u043e \\u0441\\u0434\\u0435\\u043b\\u0430\\u0442\\u044c \\u0447\\u0435\\u0440\\u0435\\u0437 \\u043a\\u0430\\u0441\\u0441\\u0443 \\u0432 \\u043b\\u044e\\u0431\\u043e\\u043c \\u0431\\u0430\\u043d\\u043a\\u0435, \\u0438\\u043b\\u0438 \\u0441 \\u043f\\u043e\\u043c\\u043e\\u0449\\u044c\\u044e \\u0431\\u0430\\u043d\\u043a\\u043e\\u0432\\u0441\\u043a\\u043e\\u0439 \\u043a\\u0430\\u0440\\u0442\\u044b (\\u0432\\u044b\\u0431\\u0440\\u0430\\u0432 \\u0441\\u043f\\u043e\\u0441\\u043e\\u0431 \\u043e\\u043f\\u043b\\u0430\\u0442\\u044b \\u00ab\\u041e\\u043f\\u043b\\u0430\\u0442\\u0430 \\u043a\\u0430\\u0440\\u0442\\u043e\\u0439 \\u043b\\u044e\\u0431\\u043e\\u0433\\u043e \\u0431\\u0430\\u043d\\u043a\\u0430\\u00bb \\u043f\\u0440\\u0438 \\u043e\\u0444\\u043e\\u0440\\u043c\\u043b\\u0435\\u043d\\u0438\\u0438 \\u0437\\u0430\\u043a\\u0430\\u0437\\u0430 \\u043d\\u0430 \\u043d\\u0430\\u0448\\u0435\\u043c \\u0441\\u0430\\u0439\\u0442\\u0435).&lt;br&gt;&lt;\\/p&gt;     ","2":"&lt;p&gt;\\u041f\\u0440\\u0438 \\u0432\\u044b\\u0431\\u043e\\u0440\\u0435 \\u0434\\u043e\\u0441\\u0442\\u0430\\u0432\\u043a\\u0438 \\u2013 \\u043d\\u0430\\u0448\\u0438\\u043c \\u0442\\u0440\\u0430\\u043d\\u0441\\u043f\\u043e\\u0440\\u0442\\u043e\\u043c, \\u0412\\u0430\\u043c \\u043d\\u0443\\u0436\\u043d\\u043e \\u043e\\u043f\\u043b\\u0430\\u0442\\u0438\\u0442\\u044c \\u043f\\u043e\\u043b\\u043d\\u0443\\u044e \\u0441\\u0442\\u043e\\u0438\\u043c\\u043e\\u0441\\u0442\\u044c \\u043f\\u043e\\u043a\\u0443\\u043f\\u043a\\u0438 \\u043d\\u0430 \\u043d\\u0430\\u0448 \\u0440\\u0430\\u0441\\u0447\\u0435\\u0442\\u043d\\u044b\\u0439 \\u0441\\u0447\\u0435\\u0442 \\u0432 \\u0431\\u0430\\u043d\\u043a\\u0435, \\u044d\\u0442\\u043e \\u043c\\u043e\\u0436\\u043d\\u043e \\u0441\\u0434\\u0435\\u043b\\u0430\\u0442\\u044c \\u0447\\u0435\\u0440\\u0435\\u0437 \\u043a\\u0430\\u0441\\u0441\\u0443 \\u0432 \\u043b\\u044e\\u0431\\u043e\\u043c \\u0431\\u0430\\u043d\\u043a\\u0435, \\u0438\\u043b\\u0438 \\u0441 \\u043f\\u043e\\u043c\\u043e\\u0449\\u044c\\u044e \\u0431\\u0430\\u043d\\u043a\\u043e\\u0432\\u0441\\u043a\\u043e\\u0439 \\u043a\\u0430\\u0440\\u0442\\u044b (\\u0432\\u044b\\u0431\\u0440\\u0430\\u0432 \\u0441\\u043f\\u043e\\u0441\\u043e\\u0431 \\u043e\\u043f\\u043b\\u0430\\u0442\\u044b \\u00ab\\u041e\\u043f\\u043b\\u0430\\u0442\\u0430 \\u043a\\u0430\\u0440\\u0442\\u043e\\u0439 \\u043b\\u044e\\u0431\\u043e\\u0433\\u043e \\u0431\\u0430\\u043d\\u043a\\u0430\\u00bb \\u043f\\u0440\\u0438 \\u043e\\u0444\\u043e\\u0440\\u043c\\u043b\\u0435\\u043d\\u0438\\u0438 \\u0437\\u0430\\u043a\\u0430\\u0437\\u0430 \\u043d\\u0430 \\u043d\\u0430\\u0448\\u0435\\u043c \\u0441\\u0430\\u0439\\u0442\\u0435).&lt;br&gt;&lt;\\/p&gt;     "}}}', '1');
INSERT INTO `PREFIX_DB_setting` (`setting_id`, `store_id`, `code`, `key`, `value`, `serialized`) VALUES ('26837', '0', 'config', 'config_cart_weight', '1', '0');
INSERT INTO `PREFIX_DB_setting` (`setting_id`, `store_id`, `code`, `key`, `value`, `serialized`) VALUES ('26836', '0', 'config', 'config_invoice_prefix', 'INV-2013-00', '0');
INSERT INTO `PREFIX_DB_setting` (`setting_id`, `store_id`, `code`, `key`, `value`, `serialized`) VALUES ('28272', '0', 'modern', 'modern_color_text_news', 'FFFFFF', '0');
INSERT INTO `PREFIX_DB_setting` (`setting_id`, `store_id`, `code`, `key`, `value`, `serialized`) VALUES ('28260', '0', 'modern', 'modern_main_background_color', '2F2F2F', '0');
INSERT INTO `PREFIX_DB_setting` (`setting_id`, `store_id`, `code`, `key`, `value`, `serialized`) VALUES ('28259', '0', 'modern', 'modern_attribute_see', '5', '0');
INSERT INTO `PREFIX_DB_setting` (`setting_id`, `store_id`, `code`, `key`, `value`, `serialized`) VALUES ('28258', '0', 'modern', 'modern_limit_symbolst', '55', '0');
INSERT INTO `PREFIX_DB_setting` (`setting_id`, `store_id`, `code`, `key`, `value`, `serialized`) VALUES ('28257', '0', 'modern', 'modern_arrowup', '0', '0');
INSERT INTO `PREFIX_DB_setting` (`setting_id`, `store_id`, `code`, `key`, `value`, `serialized`) VALUES ('28256', '0', 'modern', 'modern_rating_cat', '0', '0');
INSERT INTO `PREFIX_DB_setting` (`setting_id`, `store_id`, `code`, `key`, `value`, `serialized`) VALUES ('28254', '0', 'modern', 'modern_description_cat', '1', '0');
INSERT INTO `PREFIX_DB_setting` (`setting_id`, `store_id`, `code`, `key`, `value`, `serialized`) VALUES ('28255', '0', 'modern', 'modern_atribute', '0', '0');
INSERT INTO `PREFIX_DB_setting` (`setting_id`, `store_id`, `code`, `key`, `value`, `serialized`) VALUES ('28253', '0', 'modern', 'modern_compare_cat', '0', '0');
INSERT INTO `PREFIX_DB_setting` (`setting_id`, `store_id`, `code`, `key`, `value`, `serialized`) VALUES ('28209', '0', 'modern', 'modern_sticker_top_product_auto', '0', '0');
INSERT INTO `PREFIX_DB_setting` (`setting_id`, `store_id`, `code`, `key`, `value`, `serialized`) VALUES ('28210', '0', 'modern', 'modern_name_sticker_product_new', '{"1":"NEW","2":"NEW"}', '1');
INSERT INTO `PREFIX_DB_setting` (`setting_id`, `store_id`, `code`, `key`, `value`, `serialized`) VALUES ('28211', '0', 'modern', 'modern_name_sticker_product_top', '{"1":"TOP","2":"TOP"}', '1');
INSERT INTO `PREFIX_DB_setting` (`setting_id`, `store_id`, `code`, `key`, `value`, `serialized`) VALUES ('28212', '0', 'modern', 'modern_sticker_product_new_day', '90', '0');
INSERT INTO `PREFIX_DB_setting` (`setting_id`, `store_id`, `code`, `key`, `value`, `serialized`) VALUES ('28213', '0', 'modern', 'modern_sticker_product_top_ratinr', '1', '0');
INSERT INTO `PREFIX_DB_setting` (`setting_id`, `store_id`, `code`, `key`, `value`, `serialized`) VALUES ('28214', '0', 'modern', 'modern_sticker_product_top_rating', '5', '0');
INSERT INTO `PREFIX_DB_setting` (`setting_id`, `store_id`, `code`, `key`, `value`, `serialized`) VALUES ('28215', '0', 'modern', 'modern_sticker_product_top_viewed', '200', '0');
INSERT INTO `PREFIX_DB_setting` (`setting_id`, `store_id`, `code`, `key`, `value`, `serialized`) VALUES ('28216', '0', 'modern', 'modern_categories_2lv', '0', '0');
INSERT INTO `PREFIX_DB_setting` (`setting_id`, `store_id`, `code`, `key`, `value`, `serialized`) VALUES ('28217', '0', 'modern', 'modern_categories_2lv_width', '90', '0');
INSERT INTO `PREFIX_DB_setting` (`setting_id`, `store_id`, `code`, `key`, `value`, `serialized`) VALUES ('28218', '0', 'modern', 'modern_categories_2lv_height', '90', '0');
INSERT INTO `PREFIX_DB_setting` (`setting_id`, `store_id`, `code`, `key`, `value`, `serialized`) VALUES ('28219', '0', 'modern', 'modern_count_cat', '0', '0');
INSERT INTO `PREFIX_DB_setting` (`setting_id`, `store_id`, `code`, `key`, `value`, `serialized`) VALUES ('28220', '0', 'modern', 'modern_sort_cat', '0', '0');
INSERT INTO `PREFIX_DB_setting` (`setting_id`, `store_id`, `code`, `key`, `value`, `serialized`) VALUES ('28221', '0', 'modern', 'modern_description_top_or_bot', '0', '0');
INSERT INTO `PREFIX_DB_setting` (`setting_id`, `store_id`, `code`, `key`, `value`, `serialized`) VALUES ('28222', '0', 'modern', 'modern_elevatezoom', '0', '0');
INSERT INTO `PREFIX_DB_setting` (`setting_id`, `store_id`, `code`, `key`, `value`, `serialized`) VALUES ('28223', '0', 'modern', 'modern_product_size', '1', '0');
INSERT INTO `PREFIX_DB_setting` (`setting_id`, `store_id`, `code`, `key`, `value`, `serialized`) VALUES ('28224', '0', 'modern', 'modern_product_weight', '1', '0');
INSERT INTO `PREFIX_DB_setting` (`setting_id`, `store_id`, `code`, `key`, `value`, `serialized`) VALUES ('28225', '0', 'modern', 'modern_product_kod_tovara', '0', '0');
INSERT INTO `PREFIX_DB_setting` (`setting_id`, `store_id`, `code`, `key`, `value`, `serialized`) VALUES ('28226', '0', 'modern', 'modern_product_man_img', '0', '0');
INSERT INTO `PREFIX_DB_setting` (`setting_id`, `store_id`, `code`, `key`, `value`, `serialized`) VALUES ('28227', '0', 'modern', 'modern_product_raiting', '5', '0');
INSERT INTO `PREFIX_DB_setting` (`setting_id`, `store_id`, `code`, `key`, `value`, `serialized`) VALUES ('28228', '0', 'modern', 'modern_product_timer', '0', '0');
INSERT INTO `PREFIX_DB_setting` (`setting_id`, `store_id`, `code`, `key`, `value`, `serialized`) VALUES ('28229', '0', 'modern', 'modern_product_man_width', '50', '0');
INSERT INTO `PREFIX_DB_setting` (`setting_id`, `store_id`, `code`, `key`, `value`, `serialized`) VALUES ('28230', '0', 'modern', 'modern_product_man_height', '50', '0');
INSERT INTO `PREFIX_DB_setting` (`setting_id`, `store_id`, `code`, `key`, `value`, `serialized`) VALUES ('28231', '0', 'modern', 'modern_product_optionimg_width', '70', '0');
INSERT INTO `PREFIX_DB_setting` (`setting_id`, `store_id`, `code`, `key`, `value`, `serialized`) VALUES ('28232', '0', 'modern', 'modern_product_optionimg_height', '70', '0');
INSERT INTO `PREFIX_DB_setting` (`setting_id`, `store_id`, `code`, `key`, `value`, `serialized`) VALUES ('28233', '0', 'modern', 'modern_product_show_share', '1', '0');
INSERT INTO `PREFIX_DB_setting` (`setting_id`, `store_id`, `code`, `key`, `value`, `serialized`) VALUES ('28234', '0', 'modern', 'modern_share', '&lt;script type=&quot;text/javascript&quot; src=&quot;//yastatic.net/es5-shims/0.0.2/es5-shims.min.js&quot; charset=&quot;utf-8&quot;&gt;&lt;/script&gt;&lt;script type=&quot;text/javascript&quot; src=&quot;//yastatic.net/share2/share.js&quot; charset=&quot;utf-8&quot;&gt;&lt;/script&gt;&lt;div class=&quot;ya-share2&quot; data-services=&quot;vkontakte,facebook,odnoklassniki,moimir,gplus,twitter,viber,whatsapp&quot; data-size=&quot;s&quot;&gt;&lt;/div&gt;', '0');
INSERT INTO `PREFIX_DB_setting` (`setting_id`, `store_id`, `code`, `key`, `value`, `serialized`) VALUES ('28235', '0', 'modern', 'modern_product_show_sku', '1', '0');
INSERT INTO `PREFIX_DB_setting` (`setting_id`, `store_id`, `code`, `key`, `value`, `serialized`) VALUES ('28236', '0', 'modern', 'modern_product_show_upc', '1', '0');
INSERT INTO `PREFIX_DB_setting` (`setting_id`, `store_id`, `code`, `key`, `value`, `serialized`) VALUES ('28237', '0', 'modern', 'modern_product_show_ean', '1', '0');
INSERT INTO `PREFIX_DB_setting` (`setting_id`, `store_id`, `code`, `key`, `value`, `serialized`) VALUES ('28238', '0', 'modern', 'modern_product_show_jan', '1', '0');
INSERT INTO `PREFIX_DB_setting` (`setting_id`, `store_id`, `code`, `key`, `value`, `serialized`) VALUES ('28239', '0', 'modern', 'modern_product_show_isbn', '1', '0');
INSERT INTO `PREFIX_DB_setting` (`setting_id`, `store_id`, `code`, `key`, `value`, `serialized`) VALUES ('28240', '0', 'modern', 'modern_product_show_mpn', '1', '0');
INSERT INTO `PREFIX_DB_setting` (`setting_id`, `store_id`, `code`, `key`, `value`, `serialized`) VALUES ('28241', '0', 'modern', 'modern_product_sku', '{"1":"","2":""}', '1');
INSERT INTO `PREFIX_DB_setting` (`setting_id`, `store_id`, `code`, `key`, `value`, `serialized`) VALUES ('28242', '0', 'modern', 'modern_product_upc', '{"1":"","2":""}', '1');
INSERT INTO `PREFIX_DB_setting` (`setting_id`, `store_id`, `code`, `key`, `value`, `serialized`) VALUES ('28243', '0', 'modern', 'modern_product_ean', '{"1":"","2":""}', '1');
INSERT INTO `PREFIX_DB_setting` (`setting_id`, `store_id`, `code`, `key`, `value`, `serialized`) VALUES ('28244', '0', 'modern', 'modern_product_jan', '{"1":"","2":""}', '1');
INSERT INTO `PREFIX_DB_setting` (`setting_id`, `store_id`, `code`, `key`, `value`, `serialized`) VALUES ('28245', '0', 'modern', 'modern_product_isbn', '{"1":"","2":""}', '1');
INSERT INTO `PREFIX_DB_setting` (`setting_id`, `store_id`, `code`, `key`, `value`, `serialized`) VALUES ('28246', '0', 'modern', 'modern_product_mpn', '{"1":"","2":""}', '1');
INSERT INTO `PREFIX_DB_setting` (`setting_id`, `store_id`, `code`, `key`, `value`, `serialized`) VALUES ('28247', '0', 'modern', 'modern_top_links7', '{"1":{"title":{"1":"\\u0414\\u043e\\u0441\\u0442\\u0430\\u0432\\u043a\\u0430","2":"\\u0414\\u043e\\u0441\\u0442\\u0430\\u0432\\u043a\\u0430"},"id":"tabproduct1","description":{"1":"&lt;p&gt;\\u041f\\u0440\\u0438 \\u0432\\u044b\\u0431\\u043e\\u0440\\u0435 \\u0434\\u043e\\u0441\\u0442\\u0430\\u0432\\u043a\\u0438 \\u2013 \\u043d\\u0430\\u0448\\u0438\\u043c \\u0442\\u0440\\u0430\\u043d\\u0441\\u043f\\u043e\\u0440\\u0442\\u043e\\u043c, \\u0412\\u0430\\u043c \\u043d\\u0443\\u0436\\u043d\\u043e \\u043e\\u043f\\u043b\\u0430\\u0442\\u0438\\u0442\\u044c \\u043f\\u043e\\u043b\\u043d\\u0443\\u044e \\u0441\\u0442\\u043e\\u0438\\u043c\\u043e\\u0441\\u0442\\u044c \\u043f\\u043e\\u043a\\u0443\\u043f\\u043a\\u0438 \\u043d\\u0430 \\u043d\\u0430\\u0448 \\u0440\\u0430\\u0441\\u0447\\u0435\\u0442\\u043d\\u044b\\u0439 \\u0441\\u0447\\u0435\\u0442 \\u0432 \\u0431\\u0430\\u043d\\u043a\\u0435, \\u044d\\u0442\\u043e \\u043c\\u043e\\u0436\\u043d\\u043e \\u0441\\u0434\\u0435\\u043b\\u0430\\u0442\\u044c \\u0447\\u0435\\u0440\\u0435\\u0437 \\u043a\\u0430\\u0441\\u0441\\u0443 \\u0432 \\u043b\\u044e\\u0431\\u043e\\u043c \\u0431\\u0430\\u043d\\u043a\\u0435, \\u0438\\u043b\\u0438 \\u0441 \\u043f\\u043e\\u043c\\u043e\\u0449\\u044c\\u044e \\u0431\\u0430\\u043d\\u043a\\u043e\\u0432\\u0441\\u043a\\u043e\\u0439 \\u043a\\u0430\\u0440\\u0442\\u044b (\\u0432\\u044b\\u0431\\u0440\\u0430\\u0432 \\u0441\\u043f\\u043e\\u0441\\u043e\\u0431 \\u043e\\u043f\\u043b\\u0430\\u0442\\u044b \\u00ab\\u041e\\u043f\\u043b\\u0430\\u0442\\u0430 \\u043a\\u0430\\u0440\\u0442\\u043e\\u0439 \\u043b\\u044e\\u0431\\u043e\\u0433\\u043e \\u0431\\u0430\\u043d\\u043a\\u0430\\u00bb \\u043f\\u0440\\u0438 \\u043e\\u0444\\u043e\\u0440\\u043c\\u043b\\u0435\\u043d\\u0438\\u0438 \\u0437\\u0430\\u043a\\u0430\\u0437\\u0430 \\u043d\\u0430 \\u043d\\u0430\\u0448\\u0435\\u043c \\u0441\\u0430\\u0439\\u0442\\u0435).&lt;\\/p&gt;                                                                                                                   ","2":"&lt;p&gt;\\u041f\\u0440\\u0438 \\u0432\\u044b\\u0431\\u043e\\u0440\\u0435 \\u0434\\u043e\\u0441\\u0442\\u0430\\u0432\\u043a\\u0438 \\u2013 \\u043d\\u0430\\u0448\\u0438\\u043c \\u0442\\u0440\\u0430\\u043d\\u0441\\u043f\\u043e\\u0440\\u0442\\u043e\\u043c, \\u0412\\u0430\\u043c \\u043d\\u0443\\u0436\\u043d\\u043e \\u043e\\u043f\\u043b\\u0430\\u0442\\u0438\\u0442\\u044c \\u043f\\u043e\\u043b\\u043d\\u0443\\u044e \\u0441\\u0442\\u043e\\u0438\\u043c\\u043e\\u0441\\u0442\\u044c \\u043f\\u043e\\u043a\\u0443\\u043f\\u043a\\u0438 \\u043d\\u0430 \\u043d\\u0430\\u0448 \\u0440\\u0430\\u0441\\u0447\\u0435\\u0442\\u043d\\u044b\\u0439 \\u0441\\u0447\\u0435\\u0442 \\u0432 \\u0431\\u0430\\u043d\\u043a\\u0435, \\u044d\\u0442\\u043e \\u043c\\u043e\\u0436\\u043d\\u043e \\u0441\\u0434\\u0435\\u043b\\u0430\\u0442\\u044c \\u0447\\u0435\\u0440\\u0435\\u0437 \\u043a\\u0430\\u0441\\u0441\\u0443 \\u0432 \\u043b\\u044e\\u0431\\u043e\\u043c \\u0431\\u0430\\u043d\\u043a\\u0435, \\u0438\\u043b\\u0438 \\u0441 \\u043f\\u043e\\u043c\\u043e\\u0449\\u044c\\u044e \\u0431\\u0430\\u043d\\u043a\\u043e\\u0432\\u0441\\u043a\\u043e\\u0439 \\u043a\\u0430\\u0440\\u0442\\u044b (\\u0432\\u044b\\u0431\\u0440\\u0430\\u0432 \\u0441\\u043f\\u043e\\u0441\\u043e\\u0431 \\u043e\\u043f\\u043b\\u0430\\u0442\\u044b \\u00ab\\u041e\\u043f\\u043b\\u0430\\u0442\\u0430 \\u043a\\u0430\\u0440\\u0442\\u043e\\u0439 \\u043b\\u044e\\u0431\\u043e\\u0433\\u043e \\u0431\\u0430\\u043d\\u043a\\u0430\\u00bb \\u043f\\u0440\\u0438 \\u043e\\u0444\\u043e\\u0440\\u043c\\u043b\\u0435\\u043d\\u0438\\u0438 \\u0437\\u0430\\u043a\\u0430\\u0437\\u0430 \\u043d\\u0430 \\u043d\\u0430\\u0448\\u0435\\u043c \\u0441\\u0430\\u0439\\u0442\\u0435).&lt;\\/p&gt;                                                                                                                   "}}}', '1');
INSERT INTO `PREFIX_DB_setting` (`setting_id`, `store_id`, `code`, `key`, `value`, `serialized`) VALUES ('26835', '0', 'config', 'config_account_id', '3', '0');
INSERT INTO `PREFIX_DB_setting` (`setting_id`, `store_id`, `code`, `key`, `value`, `serialized`) VALUES ('26834', '0', 'config', 'config_login_attempts', '5', '0');
INSERT INTO `PREFIX_DB_setting` (`setting_id`, `store_id`, `code`, `key`, `value`, `serialized`) VALUES ('26833', '0', 'config', 'config_customer_price', '0', '0');
INSERT INTO `PREFIX_DB_setting` (`setting_id`, `store_id`, `code`, `key`, `value`, `serialized`) VALUES ('26832', '0', 'config', 'config_customer_group_display', '["1"]', '1');
INSERT INTO `PREFIX_DB_setting` (`setting_id`, `store_id`, `code`, `key`, `value`, `serialized`) VALUES ('26831', '0', 'config', 'config_customer_group_id', '1', '0');
INSERT INTO `PREFIX_DB_setting` (`setting_id`, `store_id`, `code`, `key`, `value`, `serialized`) VALUES ('26830', '0', 'config', 'config_customer_search', '0', '0');
INSERT INTO `PREFIX_DB_setting` (`setting_id`, `store_id`, `code`, `key`, `value`, `serialized`) VALUES ('28273', '0', 'modern', 'modern_counter', '', '0');
INSERT INTO `PREFIX_DB_setting` (`setting_id`, `store_id`, `code`, `key`, `value`, `serialized`) VALUES ('28274', '0', 'modern', 'modern_css', '/* ---------------- */ /* ef-slider START */ /* ---------------- */.ef-slider1{-webkit-animation: 2000ms linear 300ms both bounceInLeft;-moz-animation: 2000ms linear 300ms both bounceInLeft;-o-animation: 2000ms linear 300ms both bounceInLeft;-ms-animation: 2000ms linear 300ms both bounceInLeft;animation: 2000ms linear 300ms both bounceInLeft;}.ef-slider2{ -webkit-animation: 500ms linear 500ms both fadeInUp;-moz-animation: 500ms linear 500ms both fadeInUp;-o-animation: 500ms linear 500ms both fadeInUp;-ms-animation: 500ms linear 500ms both fadeInUp;animation: 500ms linear 500ms both fadeInUp;}.ef-slider3{-webkit-animation: 2000ms linear 1200ms both bounceInLeft;-moz-animation: 2000ms linear 1200ms both bounceInLeft;-o-animation: 2000ms linear 1200ms both bounceInLeft;-ms-animation: 2000ms linear 1200ms both bounceInLeft;animation: 2000ms linear 1200ms both bounceInLeft;}.ef-slider4{-webkit-animation: 500ms linear 2600ms both fadeInUp;-moz-animation: 500ms linear 2200ms both fadeInUp;-o-animation: 500ms linear 2600ms both fadeInUp;-ms-animation: 500ms linear 2600ms both fadeInUp;animation: 500ms linear 2600ms both fadeInUp;}.text-slider1{position: absolute;color: #FFFFFF;font-size: 16px;left: 20px; top: 40px;padding: 5px;background: rgba(0, 0, 0, 0.5) none repeat scroll 0 0;}.text-slider2{position: absolute;color: #FFFFFF;font-size: 16px;left: 20px; top: 77px;padding: 5px;background: rgba(0, 0, 0, 0.5) none repeat scroll 0 0;}.text-slider3{position: absolute;color: #FFFFFF;font-size: 16px;left: 20px;top: 114px;padding: 5px;background: rgba(0, 0, 0, 0.5) none repeat scroll 0 0;}.text-slider4{position: absolute;color: white;font-size: 16px;left: 20px;top: 151px;padding: 5px;}.btn-slider {color: #fff;font-size: 14px;border: 1px solid #737373;text-transform: uppercase;padding: 7px;}.btn-slider:hover {background: #51473c;color: #fff;}/* ---------------- */ /* ef-slider END */ /* ---------------- */', '0');
INSERT INTO `PREFIX_DB_setting` (`setting_id`, `store_id`, `code`, `key`, `value`, `serialized`) VALUES ('28252', '0', 'modern', 'modern_wishlist_cat', '0', '0');
INSERT INTO `PREFIX_DB_setting` (`setting_id`, `store_id`, `code`, `key`, `value`, `serialized`) VALUES ('28251', '0', 'modern', 'modern_callleft', '0', '0');
INSERT INTO `PREFIX_DB_setting` (`setting_id`, `store_id`, `code`, `key`, `value`, `serialized`) VALUES ('28249', '0', 'modern', 'modern_header_var', '0', '0');
INSERT INTO `PREFIX_DB_setting` (`setting_id`, `store_id`, `code`, `key`, `value`, `serialized`) VALUES ('28250', '0', 'modern', 'modern_cart_img', 'catalog/modern/basket.png', '0');
INSERT INTO `PREFIX_DB_setting` (`setting_id`, `store_id`, `code`, `key`, `value`, `serialized`) VALUES ('28248', '0', 'modern', 'modern_top_links9', '{"1":{"image":"catalog\\/modern\\/ico_3.png","description":{"1":"&lt;p&gt;&lt;span style=&quot;font-size:20px&quot;&gt;&lt;strong&gt;\\u0414\\u043e\\u0441\\u0442\\u0430\\u0432\\u043a\\u0430&lt;\\/strong&gt;&lt;\\/span&gt;&lt;\\/p&gt;&lt;p&gt;&lt;span style=&quot;color:#8E8E8E&quot;&gt;\\u041d\\u0435\\u0431\\u043e\\u043b\\u044c\\u0448\\u043e\\u0439 \\u0442\\u0435\\u043a\\u0441\\u0442. \\u0443\\u0441\\u043b\\u043e\\u0432\\u0438\\u044f \\u0434\\u043e\\u0441\\u0442\\u0430\\u0432\\u043a\\u0438 \\u0438 \\u043f\\u0440\\u043e\\u0447\\u0435\\u0435&lt;\\/span&gt;&lt;\\/p&gt;                                                                                                                   ","2":"&lt;p&gt;&lt;span style=&quot;font-size:20px&quot;&gt;&lt;strong&gt;\\u0414\\u043e\\u0441\\u0442\\u0430\\u0432\\u043a\\u0430&lt;\\/strong&gt;&lt;\\/span&gt;&lt;\\/p&gt;&lt;p&gt;&lt;span style=&quot;color:#8E8E8E&quot;&gt;\\u041d\\u0435\\u0431\\u043e\\u043b\\u044c\\u0448\\u043e\\u0439 \\u0442\\u0435\\u043a\\u0441\\u0442. \\u0443\\u0441\\u043b\\u043e\\u0432\\u0438\\u044f \\u0434\\u043e\\u0441\\u0442\\u0430\\u0432\\u043a\\u0438 \\u0438 \\u043f\\u0440\\u043e\\u0447\\u0435\\u0435&lt;\\/span&gt;&lt;\\/p&gt;                                                                                                                   "}},"2":{"image":"catalog\\/modern\\/ico_2.png","description":{"1":"&lt;p&gt;&lt;span style=&quot;font-size:20px&quot;&gt;&lt;strong&gt;\\u041e\\u043d-\\u043b\\u0430\\u0439\\u043d 24\\/7&lt;\\/strong&gt;&lt;\\/span&gt;&lt;\\/p&gt;&lt;p&gt;&lt;span style=&quot;color:#8E8E8E&quot;&gt;\\u041d\\u0435\\u0431\\u043e\\u043b\\u044c\\u0448\\u043e\\u0439 \\u0442\\u0435\\u043a\\u0441\\u0442. \\u0443\\u0441\\u043b\\u043e\\u0432\\u0438\\u044f \\u0434\\u043e\\u0441\\u0442\\u0430\\u0432\\u043a\\u0438 \\u0438 \\u043f\\u0440\\u043e\\u0447\\u0435\\u0435&lt;\\/span&gt;&lt;\\/p&gt;                                                                                                                   ","2":"&lt;p&gt;&lt;span style=&quot;font-size:20px&quot;&gt;&lt;strong&gt;\\u041e\\u043d-\\u043b\\u0430\\u0439\\u043d 24\\/7&lt;\\/strong&gt;&lt;\\/span&gt;&lt;\\/p&gt;&lt;p&gt;&lt;span style=&quot;color:#8E8E8E&quot;&gt;\\u041d\\u0435\\u0431\\u043e\\u043b\\u044c\\u0448\\u043e\\u0439 \\u0442\\u0435\\u043a\\u0441\\u0442. \\u0443\\u0441\\u043b\\u043e\\u0432\\u0438\\u044f \\u0434\\u043e\\u0441\\u0442\\u0430\\u0432\\u043a\\u0438 \\u0438 \\u043f\\u0440\\u043e\\u0447\\u0435\\u0435&lt;\\/span&gt;&lt;\\/p&gt;                                                                                                                   "}},"3":{"image":"catalog\\/modern\\/ico_1.png","description":{"1":"&lt;p&gt;&lt;span style=&quot;font-size:20px&quot;&gt;&lt;strong&gt;\\u0417\\u0430\\u0449\\u0438\\u0442\\u0430 \\u043f\\u043e\\u043a\\u0443\\u043f\\u043e\\u043a&lt;\\/strong&gt;&lt;\\/span&gt;&lt;\\/p&gt;&lt;p&gt;&lt;span style=&quot;color:#8E8E8E&quot;&gt;\\u041d\\u0435\\u0431\\u043e\\u043b\\u044c\\u0448\\u043e\\u0439 \\u0442\\u0435\\u043a\\u0441\\u0442. \\u0443\\u0441\\u043b\\u043e\\u0432\\u0438\\u044f \\u0434\\u043e\\u0441\\u0442\\u0430\\u0432\\u043a\\u0438 \\u0438 \\u043f\\u0440\\u043e\\u0447\\u0435\\u0435&lt;\\/span&gt;&lt;\\/p&gt;                                                                                                                   ","2":"&lt;p&gt;&lt;span style=&quot;font-size:20px&quot;&gt;&lt;strong&gt;\\u0417\\u0430\\u0449\\u0438\\u0442\\u0430 \\u043f\\u043e\\u043a\\u0443\\u043f\\u043e\\u043a&lt;\\/strong&gt;&lt;\\/span&gt;&lt;\\/p&gt;&lt;p&gt;&lt;span style=&quot;color:#8E8E8E&quot;&gt;\\u041d\\u0435\\u0431\\u043e\\u043b\\u044c\\u0448\\u043e\\u0439 \\u0442\\u0435\\u043a\\u0441\\u0442. \\u0443\\u0441\\u043b\\u043e\\u0432\\u0438\\u044f \\u0434\\u043e\\u0441\\u0442\\u0430\\u0432\\u043a\\u0438 \\u0438 \\u043f\\u0440\\u043e\\u0447\\u0435\\u0435&lt;\\/span&gt;&lt;\\/p&gt;                                                                                                                   "}}}', '1');
INSERT INTO `PREFIX_DB_setting` (`setting_id`, `store_id`, `code`, `key`, `value`, `serialized`) VALUES ('24041', '0', 'aridius_news', 'aridius_news_aridius_newspage_addthis', '0', '0');
INSERT INTO `PREFIX_DB_setting` (`setting_id`, `store_id`, `code`, `key`, `value`, `serialized`) VALUES ('24040', '0', 'aridius_news', 'aridius_news_headline_chars', '90', '0');
INSERT INTO `PREFIX_DB_setting` (`setting_id`, `store_id`, `code`, `key`, `value`, `serialized`) VALUES ('23303', '0', 'aridius_letters', 'aridius_letters_placeholder', '{"1":"\\u0412\\u0432\\u0435\\u0434\\u0438\\u0442\\u0435 \\u0432\\u0430\\u0448 e-mail","2":"\\u0412\\u0432\\u0435\\u0434\\u0438\\u0442\\u0435 \\u0432\\u0430\\u0448 e-mail"}', '1');
INSERT INTO `PREFIX_DB_setting` (`setting_id`, `store_id`, `code`, `key`, `value`, `serialized`) VALUES ('26829', '0', 'config', 'config_customer_activity', '0', '0');
INSERT INTO `PREFIX_DB_setting` (`setting_id`, `store_id`, `code`, `key`, `value`, `serialized`) VALUES ('26828', '0', 'config', 'config_customer_online', '0', '0');
INSERT INTO `PREFIX_DB_setting` (`setting_id`, `store_id`, `code`, `key`, `value`, `serialized`) VALUES ('26827', '0', 'config', 'config_tax_customer', 'shipping', '0');
INSERT INTO `PREFIX_DB_setting` (`setting_id`, `store_id`, `code`, `key`, `value`, `serialized`) VALUES ('26826', '0', 'config', 'config_tax_default', 'shipping', '0');
INSERT INTO `PREFIX_DB_setting` (`setting_id`, `store_id`, `code`, `key`, `value`, `serialized`) VALUES ('26825', '0', 'config', 'config_tax', '0', '0');
INSERT INTO `PREFIX_DB_setting` (`setting_id`, `store_id`, `code`, `key`, `value`, `serialized`) VALUES ('26824', '0', 'config', 'config_voucher_max', '1000', '0');
INSERT INTO `PREFIX_DB_setting` (`setting_id`, `store_id`, `code`, `key`, `value`, `serialized`) VALUES ('26823', '0', 'config', 'config_voucher_min', '1', '0');
INSERT INTO `PREFIX_DB_setting` (`setting_id`, `store_id`, `code`, `key`, `value`, `serialized`) VALUES ('26822', '0', 'config', 'config_review_guest', '1', '0');
INSERT INTO `PREFIX_DB_setting` (`setting_id`, `store_id`, `code`, `key`, `value`, `serialized`) VALUES ('26821', '0', 'config', 'config_review_status', '1', '0');
INSERT INTO `PREFIX_DB_setting` (`setting_id`, `store_id`, `code`, `key`, `value`, `serialized`) VALUES ('26820', '0', 'config', 'config_product_mpn_hide', '0', '0');
INSERT INTO `PREFIX_DB_setting` (`setting_id`, `store_id`, `code`, `key`, `value`, `serialized`) VALUES ('26819', '0', 'config', 'config_product_isbn_hide', '0', '0');
INSERT INTO `PREFIX_DB_setting` (`setting_id`, `store_id`, `code`, `key`, `value`, `serialized`) VALUES ('26818', '0', 'config', 'config_product_jan_hide', '0', '0');
INSERT INTO `PREFIX_DB_setting` (`setting_id`, `store_id`, `code`, `key`, `value`, `serialized`) VALUES ('26817', '0', 'config', 'config_product_ean_hide', '0', '0');
INSERT INTO `PREFIX_DB_setting` (`setting_id`, `store_id`, `code`, `key`, `value`, `serialized`) VALUES ('26816', '0', 'config', 'config_product_upc_hide', '0', '0');
INSERT INTO `PREFIX_DB_setting` (`setting_id`, `store_id`, `code`, `key`, `value`, `serialized`) VALUES ('26815', '0', 'config', 'config_limit_admin', '20', '0');
INSERT INTO `PREFIX_DB_setting` (`setting_id`, `store_id`, `code`, `key`, `value`, `serialized`) VALUES ('26814', '0', 'config', 'config_product_count', '0', '0');
INSERT INTO `PREFIX_DB_setting` (`setting_id`, `store_id`, `code`, `key`, `value`, `serialized`) VALUES ('26813', '0', 'config', 'config_weight_class_id', '1', '0');
INSERT INTO `PREFIX_DB_setting` (`setting_id`, `store_id`, `code`, `key`, `value`, `serialized`) VALUES ('26812', '0', 'config', 'config_length_class_id', '1', '0');
INSERT INTO `PREFIX_DB_setting` (`setting_id`, `store_id`, `code`, `key`, `value`, `serialized`) VALUES ('26811', '0', 'config', 'config_currency_auto', '1', '0');
INSERT INTO `PREFIX_DB_setting` (`setting_id`, `store_id`, `code`, `key`, `value`, `serialized`) VALUES ('26810', '0', 'config', 'config_autocalc_not_mul_qty', '0', '0');
INSERT INTO `PREFIX_DB_setting` (`setting_id`, `store_id`, `code`, `key`, `value`, `serialized`) VALUES ('24039', '0', 'aridius_news', 'aridius_news_home_chars', '115', '0');
INSERT INTO `PREFIX_DB_setting` (`setting_id`, `store_id`, `code`, `key`, `value`, `serialized`) VALUES ('24038', '0', 'aridius_news', 'aridius_news_home_limit', '4', '0');
INSERT INTO `PREFIX_DB_setting` (`setting_id`, `store_id`, `code`, `key`, `value`, `serialized`) VALUES ('28206', '0', 'modern', 'modern_name_sticker_menu_sale', '{"1":"SALE","2":"SALE"}', '1');
INSERT INTO `PREFIX_DB_setting` (`setting_id`, `store_id`, `code`, `key`, `value`, `serialized`) VALUES ('28207', '0', 'modern', 'modern_sticker_sale_product_auto', '0', '0');
INSERT INTO `PREFIX_DB_setting` (`setting_id`, `store_id`, `code`, `key`, `value`, `serialized`) VALUES ('28208', '0', 'modern', 'modern_sticker_new_product_auto', '0', '0');
INSERT INTO `PREFIX_DB_setting` (`setting_id`, `store_id`, `code`, `key`, `value`, `serialized`) VALUES ('28202', '0', 'modern', 'modern_link_menucatalog', '', '0');
INSERT INTO `PREFIX_DB_setting` (`setting_id`, `store_id`, `code`, `key`, `value`, `serialized`) VALUES ('28203', '0', 'modern', 'modern_sticker_menu', '0', '0');
INSERT INTO `PREFIX_DB_setting` (`setting_id`, `store_id`, `code`, `key`, `value`, `serialized`) VALUES ('28204', '0', 'modern', 'modern_name_sticker_menu_new', '{"1":"NEW","2":"NEW"}', '1');
INSERT INTO `PREFIX_DB_setting` (`setting_id`, `store_id`, `code`, `key`, `value`, `serialized`) VALUES ('28205', '0', 'modern', 'modern_name_sticker_menu_top', '{"1":"TOP","2":"TOP"}', '1');
INSERT INTO `PREFIX_DB_setting` (`setting_id`, `store_id`, `code`, `key`, `value`, `serialized`) VALUES ('28201', '0', 'modern', 'modern_countvmenulv', '3', '0');
INSERT INTO `PREFIX_DB_setting` (`setting_id`, `store_id`, `code`, `key`, `value`, `serialized`) VALUES ('28200', '0', 'modern', 'modern_seeall_menu', '{"1":"\\u0421\\u043c\\u043e\\u0442\\u0440\\u0435\\u0442\\u044c \\u0432\\u0441\\u0435","2":"\\u0421\\u043c\\u043e\\u0442\\u0440\\u0435\\u0442\\u044c \\u0432\\u0441\\u0435"}', '1');
INSERT INTO `PREFIX_DB_setting` (`setting_id`, `store_id`, `code`, `key`, `value`, `serialized`) VALUES ('28196', '0', 'modern', 'modern_top_links8', '{"1":{"title":{"1":"\\u041d\\u043e\\u0432\\u043e\\u0441\\u0442\\u0438","2":"News"},"faicons_top":"","link_top":{"1":"all-news","2":"all-news"}},"2":{"title":{"1":"FAQ","2":"FAQ"},"faicons_top":"","link_top":{"1":"faq","2":"faq"}},"3":{"title":{"1":"\\u041e\\u0442\\u0437\\u044b\\u0432\\u044b","2":"\\u041e\\u0442\\u0437\\u044b\\u0432\\u044b"},"faicons_top":"","link_top":{"1":"review","2":"review"}},"4":{"title":{"1":"\\u0410\\u043a\\u0446\\u0438\\u0438","2":"Special"},"faicons_top":"","link_top":{"1":"specials\\/","2":"specials\\/"}}}', '1');
INSERT INTO `PREFIX_DB_setting` (`setting_id`, `store_id`, `code`, `key`, `value`, `serialized`) VALUES ('26809', '0', 'config', 'config_autocalc_option_special', '0', '0');
INSERT INTO `PREFIX_DB_setting` (`setting_id`, `store_id`, `code`, `key`, `value`, `serialized`) VALUES ('26808', '0', 'config', 'config_currency2', '', '0');
INSERT INTO `PREFIX_DB_setting` (`setting_id`, `store_id`, `code`, `key`, `value`, `serialized`) VALUES ('26807', '0', 'config', 'config_currency', 'RUB', '0');
INSERT INTO `PREFIX_DB_setting` (`setting_id`, `store_id`, `code`, `key`, `value`, `serialized`) VALUES ('26796', '0', 'config', 'config_theme', 'modern', '0');
INSERT INTO `PREFIX_DB_setting` (`setting_id`, `store_id`, `code`, `key`, `value`, `serialized`) VALUES ('26797', '0', 'config', 'config_layout_id', '4', '0');
INSERT INTO `PREFIX_DB_setting` (`setting_id`, `store_id`, `code`, `key`, `value`, `serialized`) VALUES ('26798', '0', 'config', 'config_geocode', '54.718681,20.499113', '0');
INSERT INTO `PREFIX_DB_setting` (`setting_id`, `store_id`, `code`, `key`, `value`, `serialized`) VALUES ('26799', '0', 'config', 'config_email', 'test@test.ru', '0');
INSERT INTO `PREFIX_DB_setting` (`setting_id`, `store_id`, `code`, `key`, `value`, `serialized`) VALUES ('26800', '0', 'config', 'config_telephone', '123456789', '0');
INSERT INTO `PREFIX_DB_setting` (`setting_id`, `store_id`, `code`, `key`, `value`, `serialized`) VALUES ('26801', '0', 'config', 'config_fax', '', '0');
INSERT INTO `PREFIX_DB_setting` (`setting_id`, `store_id`, `code`, `key`, `value`, `serialized`) VALUES ('26802', '0', 'config', 'config_image', '', '0');
INSERT INTO `PREFIX_DB_setting` (`setting_id`, `store_id`, `code`, `key`, `value`, `serialized`) VALUES ('26803', '0', 'config', 'config_country_id', '176', '0');
INSERT INTO `PREFIX_DB_setting` (`setting_id`, `store_id`, `code`, `key`, `value`, `serialized`) VALUES ('26804', '0', 'config', 'config_zone_id', '2785', '0');
INSERT INTO `PREFIX_DB_setting` (`setting_id`, `store_id`, `code`, `key`, `value`, `serialized`) VALUES ('26805', '0', 'config', 'config_language', 'ru-ru', '0');
INSERT INTO `PREFIX_DB_setting` (`setting_id`, `store_id`, `code`, `key`, `value`, `serialized`) VALUES ('26806', '0', 'config', 'config_admin_language', 'ru-ru', '0');
INSERT INTO `PREFIX_DB_setting` (`setting_id`, `store_id`, `code`, `key`, `value`, `serialized`) VALUES ('26795', '0', 'config', 'config_langdata', '{"1":{"meta_title":"Modern","meta_description":"\\u0428\\u0430\\u0431\\u043b\\u043e\\u043d Modern opencart","meta_keyword":"\\u0428\\u0430\\u0431\\u043b\\u043e\\u043d Modern opencart","name":"Modern","owner":"\\u041c\\u043e\\u0435 \\u0418\\u043c\\u044f","address":"\\u0410\\u0434\\u0440\\u0435\\u0441","open":"\\u0441 10\\u0447 \\u0434\\u043e 18\\u0447\\u043e\\u0431\\u0435\\u0434 \\u0441 14\\u0447 \\u0434\\u043e 15\\u0447\\u0432\\u043e\\u0441\\u043a\\u0440\\u0435\\u0441\\u0435\\u043d\\u044c\\u0435 - \\u0432\\u044b\\u0445\\u043e\\u0434\\u043d\\u043e\\u0439","comment":""},"2":{"meta_title":"Modern","meta_description":"Modern","meta_keyword":"Modern","name":"Your Store","owner":"Your Name","address":"Address 1","open":"","comment":""}}', '1');
INSERT INTO `PREFIX_DB_setting` (`setting_id`, `store_id`, `code`, `key`, `value`, `serialized`) VALUES ('25190', '0', 'aridius_popupsize', 'aridius_popupsize_name', '{"1":"\\u0412\\u0441\\u043f\\u043b\\u044b\\u0432\\u0430\\u044e\\u0449\\u0435\\u0435 \\u043e\\u043a\\u043d\\u043e \\u0441 \\u0432\\u0430\\u0448\\u0435\\u0439 \\u0438\\u043d\\u0444\\u043e\\u0440\\u043c\\u0430\\u0446\\u0438\\u0435\\u0439","2":"\\u0412\\u0441\\u043f\\u043b\\u044b\\u0432\\u0430\\u044e\\u0449\\u0435\\u0435 \\u043e\\u043a\\u043d\\u043e \\u0441 \\u0432\\u0430\\u0448\\u0435\\u0439 \\u0438\\u043d\\u0444\\u043e\\u0440\\u043c\\u0430\\u0446\\u0438\\u0435\\u0439"}', '1');
INSERT INTO `PREFIX_DB_setting` (`setting_id`, `store_id`, `code`, `key`, `value`, `serialized`) VALUES ('26106', '0', 'aridius_popupmail', 'aridius_popupmail_img', '{"1":"&lt;img class=&quot;img-responsive&quot; src=&quot;\\/image\\/catalog\\/img_mail\\/img_mail.jpg&quot;&gt;","2":"&lt;img class=&quot;img-responsive&quot; src=&quot;\\/image\\/catalog\\/modern\\/img_mail.png&quot; alt=&quot;mail&quot;&gt;"}', '1');
INSERT INTO `PREFIX_DB_setting` (`setting_id`, `store_id`, `code`, `key`, `value`, `serialized`) VALUES ('26104', '0', 'aridius_popupmail', 'aridius_popupmail_subject', '{"1":"\\u0412\\u0430\\u043c \\u0441\\u043a\\u0438\\u0434\\u043a\\u0430!","2":"\\u0412\\u0430\\u043c \\u0441\\u043a\\u0438\\u0434\\u043a\\u0430!"}', '1');
INSERT INTO `PREFIX_DB_setting` (`setting_id`, `store_id`, `code`, `key`, `value`, `serialized`) VALUES ('26105', '0', 'aridius_popupmail', 'aridius_popupmail_message', '{"1":"&lt;p style=&quot;font-weight: bold; font-size: 25px;&quot;&gt;\\u0412\\u0430\\u0448\\u0430 \\u0441\\u043a\\u0438\\u0434\\u043a\\u0430 &lt;span style=&quot;color: rgb(255, 0, 0);&quot;&gt;200 \\u0440\\u0443\\u0431.&lt;\\/span&gt;&lt;br&gt;&lt;\\/p&gt;&lt;p style=&quot;&quot;&gt;&lt;span style=&quot;font-size: 25px; font-weight: bold;&quot;&gt;\\u041d\\u041e\\u041c\\u0415\\u0420 \\u041a\\u0423\\u041f\\u041e\\u041d\\u0410: &lt;\\/span&gt;&lt;span style=&quot;font-size: 25px; font-weight: bold;&quot;&gt;&lt;span style=&quot;color: rgb(0, 0, 255);&quot;&gt;45678834&lt;\\/span&gt;&lt;br&gt;&lt;\\/span&gt;&lt;\\/p&gt;&lt;h5&gt;&lt;span style=&quot;font-size: 25px; font-weight: bold;&quot;&gt;\\u0414\\u043b\\u044f \\u0442\\u043e\\u0433\\u043e \\u0447\\u0442\\u043e\\u0431\\u044b \\u0430\\u043a\\u0442\\u0438\\u0432\\u0438\\u0440\\u043e\\u0432\\u0430\\u0442\\u044c \\u0412\\u0430\\u0448 \\u043a\\u0443\\u043f\\u043e\\u043d - \\u0432\\u0432\\u0435\\u0434\\u0438\\u0442\\u0435 \\u044d\\u0442\\u043e\\u0442 \\u043d\\u043e\\u043c\\u0435\\u0440 \\u0432 \\u043a\\u043e\\u0440\\u0437\\u0438\\u043d\\u0435 \\u0442\\u043e\\u0432\\u0430\\u0440\\u0430 \\u0438 \\u043f\\u043e\\u043b\\u0443\\u0447\\u0438\\u0442\\u044c &lt;span style=&quot;color: rgb(255, 0, 0);&quot;&gt;-200 \\u0440\\u0443\\u0431.&lt;\\/span&gt; \\u043a \\u0432\\u0430\\u0448\\u0435\\u043c\\u0443 \\u0437\\u0430\\u043a\\u0430\\u0437\\u0443.&lt;\\/span&gt;&lt;\\/h5&gt;&lt;h5&gt;&lt;span style=&quot;font-size: 25px; font-weight: bold;&quot;&gt;&lt;img src=&quot;\\/image\\/catalog\\/modern\\/sale1.jpg&quot;&gt;&lt;br&gt;&lt;\\/span&gt;&lt;\\/h5&gt;","2":"&lt;p style=&quot;font-weight: bold; font-size: 25px;&quot;&gt;\\u0412\\u0430\\u0448\\u0430 \\u0441\\u043a\\u0438\\u0434\\u043a\\u0430 &lt;span style=&quot;color: rgb(255, 0, 0);&quot;&gt;200 \\u0440\\u0443\\u0431.&lt;\\/span&gt;&lt;br&gt;&lt;\\/p&gt;&lt;p style=&quot;&quot;&gt;&lt;span style=&quot;font-size: 25px; font-weight: bold;&quot;&gt;\\u041d\\u041e\\u041c\\u0415\\u0420 \\u041a\\u0423\\u041f\\u041e\\u041d\\u0410: &lt;\\/span&gt;&lt;span style=&quot;font-size: 25px; font-weight: bold;&quot;&gt;&lt;span style=&quot;color: rgb(0, 0, 255);&quot;&gt;45678834&lt;\\/span&gt;&lt;br&gt;&lt;\\/span&gt;&lt;\\/p&gt;&lt;h5&gt;&lt;span style=&quot;font-size: 25px; font-weight: bold;&quot;&gt;\\u0414\\u043b\\u044f \\u0442\\u043e\\u0433\\u043e \\u0447\\u0442\\u043e\\u0431\\u044b \\u0430\\u043a\\u0442\\u0438\\u0432\\u0438\\u0440\\u043e\\u0432\\u0430\\u0442\\u044c \\u0412\\u0430\\u0448 \\u043a\\u0443\\u043f\\u043e\\u043d - \\u0432\\u0432\\u0435\\u0434\\u0438\\u0442\\u0435 \\u044d\\u0442\\u043e\\u0442 \\u043d\\u043e\\u043c\\u0435\\u0440 \\u0432 \\u043a\\u043e\\u0440\\u0437\\u0438\\u043d\\u0435 \\u0442\\u043e\\u0432\\u0430\\u0440\\u0430 \\u0438 \\u043f\\u043e\\u043b\\u0443\\u0447\\u0438\\u0442\\u044c &lt;span style=&quot;color: rgb(255, 0, 0);&quot;&gt;-200 \\u0440\\u0443\\u0431.&lt;\\/span&gt; \\u043a \\u0432\\u0430\\u0448\\u0435\\u043c\\u0443 \\u0437\\u0430\\u043a\\u0430\\u0437\\u0443.&lt;\\/span&gt;&lt;\\/h5&gt;&lt;h5&gt;&lt;span style=&quot;font-size: 25px; font-weight: bold;&quot;&gt;&lt;img src=&quot;\\/image\\/catalog\\/modern\\/sale1.jpg&quot;&gt;&lt;br&gt;&lt;\\/span&gt;&lt;\\/h5&gt;"}', '1');
INSERT INTO `PREFIX_DB_setting` (`setting_id`, `store_id`, `code`, `key`, `value`, `serialized`) VALUES ('26103', '0', 'aridius_popupmail', 'aridius_popupmail_pl', '{"1":"\\u041f\\u041e\\u0414\\u041f\\u0418\\u0421\\u0410\\u0422\\u042c\\u0421\\u042f","2":"\\u041f\\u041e\\u0414\\u041f\\u0418\\u0421\\u0410\\u0422\\u042c\\u0421\\u042f"}', '1');
INSERT INTO `PREFIX_DB_setting` (`setting_id`, `store_id`, `code`, `key`, `value`, `serialized`) VALUES ('26102', '0', 'aridius_popupmail', 'aridius_popupmail_placeholder', '{"1":"\\u0412\\u0432\\u0435\\u0434\\u0438\\u0442\\u0435 \\u0432\\u0430\\u0448 e-mail","2":"\\u0412\\u0432\\u0435\\u0434\\u0438\\u0442\\u0435 \\u0432\\u0430\\u0448 e-mail"}', '1');
INSERT INTO `PREFIX_DB_setting` (`setting_id`, `store_id`, `code`, `key`, `value`, `serialized`) VALUES ('28197', '0', 'modern', 'modern_seevmenu_menu', '0', '0');
INSERT INTO `PREFIX_DB_setting` (`setting_id`, `store_id`, `code`, `key`, `value`, `serialized`) VALUES ('28198', '0', 'modern', 'modern_seevmenuico', '0', '0');
INSERT INTO `PREFIX_DB_setting` (`setting_id`, `store_id`, `code`, `key`, `value`, `serialized`) VALUES ('28199', '0', 'modern', 'modern_vmenu_menu', '{"1":"\\u041a\\u0410\\u0422\\u0410\\u041b\\u041e\\u0413 \\u0422\\u041e\\u0412\\u0410\\u0420\\u041e\\u0412","2":"\\u041a\\u0410\\u0422\\u0410\\u041b\\u041e\\u0413 \\u0422\\u041e\\u0412\\u0410\\u0420\\u041e\\u0412"}', '1');
INSERT INTO `PREFIX_DB_setting` (`setting_id`, `store_id`, `code`, `key`, `value`, `serialized`) VALUES ('28195', '0', 'modern', 'modern_top_links4', '{"1":{"title":{"1":"\\u041e \\u043d\\u0430\\u0441","2":"About us"},"faicons_top":"","link_top":{"1":"about_us","2":"about_us"}},"2":{"title":{"1":"\\u0414\\u043e\\u0441\\u0442\\u0430\\u0432\\u043a\\u0430","2":"Delivery"},"faicons_top":"","link_top":{"1":"delivery","2":"delivery"}},"3":{"title":{"1":"\\u0411\\u0435\\u0437\\u043e\\u043f\\u0430\\u0441\\u043d\\u043e\\u0441\\u0442\\u044c","2":"Privacy"},"faicons_top":"","link_top":{"1":"privacy","2":"privacy"}}}', '1');
INSERT INTO `PREFIX_DB_setting` (`setting_id`, `store_id`, `code`, `key`, `value`, `serialized`) VALUES ('28194', '0', 'modern', 'modern_main_link_href_menu', '{"1":"","2":""}', '1');
INSERT INTO `PREFIX_DB_setting` (`setting_id`, `store_id`, `code`, `key`, `value`, `serialized`) VALUES ('28191', '0', 'modern', 'modern_info_menu', '1', '0');
INSERT INTO `PREFIX_DB_setting` (`setting_id`, `store_id`, `code`, `key`, `value`, `serialized`) VALUES ('28193', '0', 'modern', 'modern_main_link_menu', '{"1":"\\u0418\\u043d\\u0444\\u043e\\u0440\\u043c\\u0430\\u0446\\u0438\\u044f","2":""}', '1');
INSERT INTO `PREFIX_DB_setting` (`setting_id`, `store_id`, `code`, `key`, `value`, `serialized`) VALUES ('28192', '0', 'modern', 'modern_man_menu', '0', '0');
INSERT INTO `PREFIX_DB_setting` (`setting_id`, `store_id`, `code`, `key`, `value`, `serialized`) VALUES ('28190', '0', 'modern', 'modern_3lv_menu', '0', '0');
INSERT INTO `PREFIX_DB_setting` (`setting_id`, `store_id`, `code`, `key`, `value`, `serialized`) VALUES ('28189', '0', 'modern', 'modern_photos_menuman_height', '90', '0');
INSERT INTO `PREFIX_DB_setting` (`setting_id`, `store_id`, `code`, `key`, `value`, `serialized`) VALUES ('28188', '0', 'modern', 'modern_photos_menuman_width', '90', '0');
INSERT INTO `PREFIX_DB_setting` (`setting_id`, `store_id`, `code`, `key`, `value`, `serialized`) VALUES ('28187', '0', 'modern', 'modern_menuman_column', '6', '0');
INSERT INTO `PREFIX_DB_setting` (`setting_id`, `store_id`, `code`, `key`, `value`, `serialized`) VALUES ('28186', '0', 'modern', 'modern_photos_height_image_main', '200', '0');
INSERT INTO `PREFIX_DB_setting` (`setting_id`, `store_id`, `code`, `key`, `value`, `serialized`) VALUES ('28185', '0', 'modern', 'modern_photos_width_image_main', '150', '0');
INSERT INTO `PREFIX_DB_setting` (`setting_id`, `store_id`, `code`, `key`, `value`, `serialized`) VALUES ('28184', '0', 'modern', 'modern_photos_menu_height', '106', '0');
INSERT INTO `PREFIX_DB_setting` (`setting_id`, `store_id`, `code`, `key`, `value`, `serialized`) VALUES ('28177', '0', 'modern', 'modern_sticky_menu', '0', '0');
INSERT INTO `PREFIX_DB_setting` (`setting_id`, `store_id`, `code`, `key`, `value`, `serialized`) VALUES ('28178', '0', 'modern', 'modern_ico_home', '0', '0');
INSERT INTO `PREFIX_DB_setting` (`setting_id`, `store_id`, `code`, `key`, `value`, `serialized`) VALUES ('28179', '0', 'modern', 'modern_ico_home_text', '1', '0');
INSERT INTO `PREFIX_DB_setting` (`setting_id`, `store_id`, `code`, `key`, `value`, `serialized`) VALUES ('28180', '0', 'modern', 'modern_photos_menu', '0', '0');
INSERT INTO `PREFIX_DB_setting` (`setting_id`, `store_id`, `code`, `key`, `value`, `serialized`) VALUES ('28181', '0', 'modern', 'modern_photos_menu_manuf', '0', '0');
INSERT INTO `PREFIX_DB_setting` (`setting_id`, `store_id`, `code`, `key`, `value`, `serialized`) VALUES ('28182', '0', 'modern', 'modern_main_photos_menu', '0', '0');
INSERT INTO `PREFIX_DB_setting` (`setting_id`, `store_id`, `code`, `key`, `value`, `serialized`) VALUES ('28183', '0', 'modern', 'modern_photos_menu_width', '181', '0');
INSERT INTO `PREFIX_DB_setting` (`setting_id`, `store_id`, `code`, `key`, `value`, `serialized`) VALUES ('28175', '0', 'modern', 'modern_description_map_logo', '{"1":"&lt;p&gt;\\u0442\\u0440\\u0430\\u043c\\u0432\\u0430\\u0435\\u043c 1,5,12&lt;\\/p&gt;&lt;p&gt;\\u0430\\u0432\\u0442\\u043e\\u0431\\u0443\\u0441\\u043e\\u043c 32, 12&lt;br&gt;&lt;\\/p&gt;","2":"&lt;p&gt;\\u0442\\u0440\\u0430\\u043c\\u0432\\u0430\\u0435\\u043c 1,5,12&lt;\\/p&gt;&lt;p&gt;\\u0430\\u0432\\u0442\\u043e\\u0431\\u0443\\u0441\\u043e\\u043c 32, 11&lt;br&gt;&lt;\\/p&gt;"}', '1');
INSERT INTO `PREFIX_DB_setting` (`setting_id`, `store_id`, `code`, `key`, `value`, `serialized`) VALUES ('28176', '0', 'modern', 'modern_license_text', '{"1":"\\u0420\\u0430\\u0431\\u043e\\u0442\\u0430\\u0435\\u0442 \\u043d\\u0430 &lt;a href=\'http:\\/\\/myopencart.com\\/\' target=\'_blank\'&gt;ocStore&lt;\\/a&gt; Modern \\u00a9 2016","2":"\\u0420\\u0430\\u0431\\u043e\\u0442\\u0430\\u0435\\u0442 \\u043d\\u0430 &lt;a href=\'http:\\/\\/myopencart.com\\/\' target=\'_blank\'&gt;ocStore&lt;\\/a&gt; Modern \\u00a9 2016"}', '1');
INSERT INTO `PREFIX_DB_setting` (`setting_id`, `store_id`, `code`, `key`, `value`, `serialized`) VALUES ('26108', '0', 'aridius_popupmail', 'aridius_popupmail_delay', '5', '0');
INSERT INTO `PREFIX_DB_setting` (`setting_id`, `store_id`, `code`, `key`, `value`, `serialized`) VALUES ('26109', '0', 'aridius_popupmail', 'aridius_popupmail_day', '0', '0');
INSERT INTO `PREFIX_DB_setting` (`setting_id`, `store_id`, `code`, `key`, `value`, `serialized`) VALUES ('26110', '0', 'aridius_popupmail', 'aridius_popupmail_status', '1', '0');
INSERT INTO `PREFIX_DB_setting` (`setting_id`, `store_id`, `code`, `key`, `value`, `serialized`) VALUES ('28172', '0', 'modern', 'modern_footer_pay', 'catalog/modern/payment.png', '0');
INSERT INTO `PREFIX_DB_setting` (`setting_id`, `store_id`, `code`, `key`, `value`, `serialized`) VALUES ('28173', '0', 'modern', 'modern_footer_logo', 'catalog/modern/logo2.png', '0');
INSERT INTO `PREFIX_DB_setting` (`setting_id`, `store_id`, `code`, `key`, `value`, `serialized`) VALUES ('28174', '0', 'modern', 'modern_description', '{"1":"&lt;p&gt;\\u0418\\u043d\\u0442\\u0435\\u0440\\u043d\\u0435\\u0442-\\u043c\\u0430\\u0433\\u0430\\u0437\\u0438\\u043d (\\u0430\\u043d\\u0433\\u043b. online shop \\u0438\\u043b\\u0438 e-shop) \\u2014 \\u0441\\u0430\\u0439\\u0442, \\u0442\\u043e\\u0440\\u0433\\u0443\\u044e\\u0449\\u0438\\u0439 \\u0442\\u043e\\u0432\\u0430\\u0440\\u0430\\u043c\\u0438 \\u043f\\u043e\\u0441\\u0440\\u0435\\u0434\\u0441\\u0442\\u0432\\u043e\\u043c \\u0441\\u0435\\u0442\\u0438 \\u0418\\u043d\\u0442\\u0435\\u0440\\u043d\\u0435\\u0442. \\u041f\\u043e\\u0437\\u0432\\u043e\\u043b\\u044f\\u0435\\u0442 \\u043f\\u043e\\u043b\\u044c\\u0437\\u043e\\u0432\\u0430\\u0442\\u0435\\u043b\\u044f\\u043c \\u043e\\u043d\\u043b\\u0430\\u0439\\u043d, \\u0432 \\u0441\\u0432\\u043e\\u0451\\u043c \\u0431\\u0440\\u0430\\u0443\\u0437\\u0435\\u0440\\u0435 \\u0438\\u043b\\u0438 \\u0447\\u0435\\u0440\\u0435\\u0437 \\u043c\\u043e\\u0431\\u0438\\u043b\\u044c\\u043d\\u043e\\u0435 \\u043f\\u0440\\u0438\\u043b\\u043e\\u0436\\u0435\\u043d\\u0438\\u0435&lt;\\/p&gt;","2":""}', '1');
INSERT INTO `PREFIX_DB_setting` (`setting_id`, `store_id`, `code`, `key`, `value`, `serialized`) VALUES ('28171', '0', 'modern', 'modern_top_links2', '{"1":{"faicons_top":"fa fa-odnoklassniki","link_top":"https:\\/\\/ok.ru\\/","tooltipseti":"odnoklassniki"},"2":{"faicons_top":"fa fa-vk","link_top":"https:\\/\\/vk.com","tooltipseti":"vk"},"3":{"faicons_top":"fa fa-skype","link_top":"skype.com","tooltipseti":"skype"},"4":{"faicons_top":"fa fa-odnoklassniki","link_top":"https:\\/\\/ok.ru\\/","tooltipseti":"odnoklassniki"}}', '1');
INSERT INTO `PREFIX_DB_setting` (`setting_id`, `store_id`, `code`, `key`, `value`, `serialized`) VALUES ('28170', '0', 'modern', 'modern_newsletter_footer', '0', '0');
INSERT INTO `PREFIX_DB_setting` (`setting_id`, `store_id`, `code`, `key`, `value`, `serialized`) VALUES ('28169', '0', 'modern', 'modern_wishlist_footer', '0', '0');
INSERT INTO `PREFIX_DB_setting` (`setting_id`, `store_id`, `code`, `key`, `value`, `serialized`) VALUES ('28167', '0', 'modern', 'modern_account_footer', '0', '0');
INSERT INTO `PREFIX_DB_setting` (`setting_id`, `store_id`, `code`, `key`, `value`, `serialized`) VALUES ('28168', '0', 'modern', 'modern_order_footer', '0', '0');
INSERT INTO `PREFIX_DB_setting` (`setting_id`, `store_id`, `code`, `key`, `value`, `serialized`) VALUES ('28151', '0', 'modern', 'modern_longitude_fluid_map', '{"1":"30.3518969","2":"30.3518969"}', '1');
INSERT INTO `PREFIX_DB_setting` (`setting_id`, `store_id`, `code`, `key`, `value`, `serialized`) VALUES ('28152', '0', 'modern', 'modern_latitude_fluid_map', '{"1":"59.9324357","2":"59.9324357"}', '1');
INSERT INTO `PREFIX_DB_setting` (`setting_id`, `store_id`, `code`, `key`, `value`, `serialized`) VALUES ('28153', '0', 'modern', 'modern_telephone_footer', '{"1":"+7(495)66-555-45","2":"+7(495)66-555-45"}', '1');
INSERT INTO `PREFIX_DB_setting` (`setting_id`, `store_id`, `code`, `key`, `value`, `serialized`) VALUES ('28154', '0', 'modern', 'modern_telephone1_footer', '{"1":"+7(495)66-555-46","2":"+7(495)66-555-46"}', '1');
INSERT INTO `PREFIX_DB_setting` (`setting_id`, `store_id`, `code`, `key`, `value`, `serialized`) VALUES ('28155', '0', 'modern', 'modern_telephone2_footer', '{"1":"+7(495)66-555-47","2":"+7(495)66-555-47"}', '1');
INSERT INTO `PREFIX_DB_setting` (`setting_id`, `store_id`, `code`, `key`, `value`, `serialized`) VALUES ('28156', '0', 'modern', 'modern_skype_footer', '{"1":"modern","2":"modern"}', '1');
INSERT INTO `PREFIX_DB_setting` (`setting_id`, `store_id`, `code`, `key`, `value`, `serialized`) VALUES ('28157', '0', 'modern', 'modern_mail_footer', '{"1":"info@modern.ru","2":"info@modern.ru"}', '1');
INSERT INTO `PREFIX_DB_setting` (`setting_id`, `store_id`, `code`, `key`, `value`, `serialized`) VALUES ('28158', '0', 'modern', 'modern_addres_footer', '{"1":"\\u0433. \\u041c\\u043e\\u0441\\u043a\\u0432\\u0430 \\u0443\\u043b. \\u0410\\u0437\\u043e\\u0432\\u0441\\u043a\\u0430\\u044f, 25","2":"\\u0433. \\u041c\\u043e\\u0441\\u043a\\u0432\\u0430 \\u0443\\u043b. \\u0410\\u0437\\u043e\\u0432\\u0441\\u043a\\u0430\\u044f, 25"}', '1');
INSERT INTO `PREFIX_DB_setting` (`setting_id`, `store_id`, `code`, `key`, `value`, `serialized`) VALUES ('26887', '0', 'config', 'config_file_max_size', '300000', '0');
INSERT INTO `PREFIX_DB_setting` (`setting_id`, `store_id`, `code`, `key`, `value`, `serialized`) VALUES ('26888', '0', 'config', 'config_file_ext_allowed', 'ziptxtpngjpejpegjpggifbmpicotifftifsvgsvgzziprarmsicabmp3qtmovpdfpsdaiepspsdoc', '0');
INSERT INTO `PREFIX_DB_setting` (`setting_id`, `store_id`, `code`, `key`, `value`, `serialized`) VALUES ('26889', '0', 'config', 'config_file_mime_allowed', 'text/plainimage/pngimage/jpegimage/gifimage/bmpimage/tiffimage/svg+xmlapplication/zip&quot;application/zip&quot;application/x-zip&quot;application/x-zip&quot;application/x-zip-compressed&quot;application/x-zip-compressed&quot;application/rar&quot;application/rar&quot;application/x-rar&quot;application/x-rar&quot;application/x-rar-compressed&quot;application/x-rar-compressed&quot;application/octet-stream&quot;application/octet-stream&quot;audio/mpegvideo/quicktimeapplication/pdf', '0');
INSERT INTO `PREFIX_DB_setting` (`setting_id`, `store_id`, `code`, `key`, `value`, `serialized`) VALUES ('26890', '0', 'config', 'config_error_display', '1', '0');
INSERT INTO `PREFIX_DB_setting` (`setting_id`, `store_id`, `code`, `key`, `value`, `serialized`) VALUES ('26891', '0', 'config', 'config_error_log', '1', '0');
INSERT INTO `PREFIX_DB_setting` (`setting_id`, `store_id`, `code`, `key`, `value`, `serialized`) VALUES ('26892', '0', 'config', 'config_error_filename', 'error.log', '0');
INSERT INTO `PREFIX_DB_setting` (`setting_id`, `store_id`, `code`, `key`, `value`, `serialized`) VALUES ('26893', '0', 'config', 'config_sms_alert', '0', '0');
INSERT INTO `PREFIX_DB_setting` (`setting_id`, `store_id`, `code`, `key`, `value`, `serialized`) VALUES ('26894', '0', 'config', 'config_sms_gatename', 'testsms', '0');
INSERT INTO `PREFIX_DB_setting` (`setting_id`, `store_id`, `code`, `key`, `value`, `serialized`) VALUES ('26895', '0', 'config', 'config_sms_from', '', '0');
INSERT INTO `PREFIX_DB_setting` (`setting_id`, `store_id`, `code`, `key`, `value`, `serialized`) VALUES ('26896', '0', 'config', 'config_sms_to', '', '0');
INSERT INTO `PREFIX_DB_setting` (`setting_id`, `store_id`, `code`, `key`, `value`, `serialized`) VALUES ('26897', '0', 'config', 'config_sms_copy', '', '0');
INSERT INTO `PREFIX_DB_setting` (`setting_id`, `store_id`, `code`, `key`, `value`, `serialized`) VALUES ('26898', '0', 'config', 'config_sms_message', '', '0');
INSERT INTO `PREFIX_DB_setting` (`setting_id`, `store_id`, `code`, `key`, `value`, `serialized`) VALUES ('26899', '0', 'config', 'config_sms_gate_username', '', '0');
INSERT INTO `PREFIX_DB_setting` (`setting_id`, `store_id`, `code`, `key`, `value`, `serialized`) VALUES ('26900', '0', 'config', 'config_sms_gate_password', '', '0');
INSERT INTO `PREFIX_DB_setting` (`setting_id`, `store_id`, `code`, `key`, `value`, `serialized`) VALUES ('26901', '0', 'config', 'config_meta_title', 'Modern', '0');
INSERT INTO `PREFIX_DB_setting` (`setting_id`, `store_id`, `code`, `key`, `value`, `serialized`) VALUES ('26902', '0', 'config', 'config_meta_description', 'Шаблон Modern opencart', '0');
INSERT INTO `PREFIX_DB_setting` (`setting_id`, `store_id`, `code`, `key`, `value`, `serialized`) VALUES ('26903', '0', 'config', 'config_meta_keyword', 'Шаблон Modern opencart', '0');
INSERT INTO `PREFIX_DB_setting` (`setting_id`, `store_id`, `code`, `key`, `value`, `serialized`) VALUES ('26904', '0', 'config', 'config_name', 'Modern', '0');
INSERT INTO `PREFIX_DB_setting` (`setting_id`, `store_id`, `code`, `key`, `value`, `serialized`) VALUES ('26905', '0', 'config', 'config_owner', 'Мое Имя', '0');
INSERT INTO `PREFIX_DB_setting` (`setting_id`, `store_id`, `code`, `key`, `value`, `serialized`) VALUES ('26906', '0', 'config', 'config_address', '', '0');
INSERT INTO `PREFIX_DB_setting` (`setting_id`, `store_id`, `code`, `key`, `value`, `serialized`) VALUES ('28165', '0', 'modern', 'modern_affiliate_footer', '0', '0');
INSERT INTO `PREFIX_DB_setting` (`setting_id`, `store_id`, `code`, `key`, `value`, `serialized`) VALUES ('28166', '0', 'modern', 'modern_special_footer', '0', '0');
INSERT INTO `PREFIX_DB_setting` (`setting_id`, `store_id`, `code`, `key`, `value`, `serialized`) VALUES ('28163', '0', 'modern', 'modern_manufacturer_footer', '0', '0');
INSERT INTO `PREFIX_DB_setting` (`setting_id`, `store_id`, `code`, `key`, `value`, `serialized`) VALUES ('28162', '0', 'modern', 'modern_sitemap_footer', '0', '0');
INSERT INTO `PREFIX_DB_setting` (`setting_id`, `store_id`, `code`, `key`, `value`, `serialized`) VALUES ('28161', '0', 'modern', 'modern_return_footer', '0', '0');
INSERT INTO `PREFIX_DB_setting` (`setting_id`, `store_id`, `code`, `key`, `value`, `serialized`) VALUES ('28160', '0', 'modern', 'modern_contact_footer', '0', '0');
INSERT INTO `PREFIX_DB_setting` (`setting_id`, `store_id`, `code`, `key`, `value`, `serialized`) VALUES ('28159', '0', 'modern', 'modern_time_footer', '{"1":"10 - 21","2":"10 - 21"}', '1');
INSERT INTO `PREFIX_DB_setting` (`setting_id`, `store_id`, `code`, `key`, `value`, `serialized`) VALUES ('28148', '0', 'modern', 'modern_show_info_marker_block', '0', '0');
INSERT INTO `PREFIX_DB_setting` (`setting_id`, `store_id`, `code`, `key`, `value`, `serialized`) VALUES ('28149', '0', 'modern', 'modern_show_logo_footer', '0', '0');
INSERT INTO `PREFIX_DB_setting` (`setting_id`, `store_id`, `code`, `key`, `value`, `serialized`) VALUES ('28150', '0', 'modern', 'modern_show_itext_footer', '0', '0');
INSERT INTO `PREFIX_DB_setting` (`setting_id`, `store_id`, `code`, `key`, `value`, `serialized`) VALUES ('28147', '0', 'modern', 'modern_show_contactblock', '0', '0');
INSERT INTO `PREFIX_DB_setting` (`setting_id`, `store_id`, `code`, `key`, `value`, `serialized`) VALUES ('28146', '0', 'modern', 'modern_fluid_map_zoom', '14', '0');
INSERT INTO `PREFIX_DB_setting` (`setting_id`, `store_id`, `code`, `key`, `value`, `serialized`) VALUES ('28144', '0', 'modern', 'modern_footer_imgico', 'catalog/modern/marker.png', '0');
INSERT INTO `PREFIX_DB_setting` (`setting_id`, `store_id`, `code`, `key`, `value`, `serialized`) VALUES ('28145', '0', 'modern', 'modern_show_fluid_map_footer', '0', '0');
INSERT INTO `PREFIX_DB_setting` (`setting_id`, `store_id`, `code`, `key`, `value`, `serialized`) VALUES ('28142', '0', 'modern', 'modern_top_links5', '{"1":{"title":{"1":"Modern","2":"Modern"},"name":{"1":"Skype","2":"Skype"},"faicons_top":"fa fa-skype"}}', '1');
INSERT INTO `PREFIX_DB_setting` (`setting_id`, `store_id`, `code`, `key`, `value`, `serialized`) VALUES ('28139', '0', 'modern', 'modern_tittle_name', '{"1":"E-mail","2":"E-mail"}', '1');
INSERT INTO `PREFIX_DB_setting` (`setting_id`, `store_id`, `code`, `key`, `value`, `serialized`) VALUES ('28140', '0', 'modern', 'modern_mail_header', '{"1":"info@modern.ru","2":"info@modern.ru"}', '1');
INSERT INTO `PREFIX_DB_setting` (`setting_id`, `store_id`, `code`, `key`, `value`, `serialized`) VALUES ('28141', '0', 'modern', 'modern_top_links3', '{"1":{"title":{"1":"+7(495)66-777-77","2":"+7(495)66-555-59"},"name":{"1":"\\u0422\\u0435\\u043b\\u0435\\u0444\\u043e\\u043d","2":"\\u0422\\u0435\\u043b\\u0435\\u0444\\u043e\\u043d"},"faicons_top":"fa fa-phone"},"2":{"title":{"1":"+7(495)66-777-88","2":"+7(495)66-777-88"},"name":{"1":"","2":""},"faicons_top":"fa fa-phone"}}', '1');
INSERT INTO `PREFIX_DB_setting` (`setting_id`, `store_id`, `code`, `key`, `value`, `serialized`) VALUES ('28138', '0', 'modern', 'modern_telephone_mainheader2', '{"1":"+7(495)66-555-59","2":"+7(495)66-555-59"}', '1');
INSERT INTO `PREFIX_DB_setting` (`setting_id`, `store_id`, `code`, `key`, `value`, `serialized`) VALUES ('28137', '0', 'modern', 'modern_telephone_mainheader', '{"1":"+7(495)66-555-58","2":"+7(495)66-555-58"}', '1');
INSERT INTO `PREFIX_DB_setting` (`setting_id`, `store_id`, `code`, `key`, `value`, `serialized`) VALUES ('28136', '0', 'modern', 'modern_calltop', '0', '0');
INSERT INTO `PREFIX_DB_setting` (`setting_id`, `store_id`, `code`, `key`, `value`, `serialized`) VALUES ('28135', '0', 'modern', 'modern_checkout_top', '1', '0');
INSERT INTO `PREFIX_DB_setting` (`setting_id`, `store_id`, `code`, `key`, `value`, `serialized`) VALUES ('28134', '0', 'modern', 'modern_cart_top', '1', '0');
INSERT INTO `PREFIX_DB_setting` (`setting_id`, `store_id`, `code`, `key`, `value`, `serialized`) VALUES ('28133', '0', 'modern', 'modern_compare_top', '0', '0');
INSERT INTO `PREFIX_DB_setting` (`setting_id`, `store_id`, `code`, `key`, `value`, `serialized`) VALUES ('28132', '0', 'modern', 'modern_wishlist_top', '0', '0');
INSERT INTO `PREFIX_DB_setting` (`setting_id`, `store_id`, `code`, `key`, `value`, `serialized`) VALUES ('28131', '0', 'modern', 'modern_download_top', '0', '0');
INSERT INTO `PREFIX_DB_setting` (`setting_id`, `store_id`, `code`, `key`, `value`, `serialized`) VALUES ('28130', '0', 'modern', 'modern_transaction_top', '0', '0');
INSERT INTO `PREFIX_DB_setting` (`setting_id`, `store_id`, `code`, `key`, `value`, `serialized`) VALUES ('28129', '0', 'modern', 'modern_order_top', '0', '0');
INSERT INTO `PREFIX_DB_setting` (`setting_id`, `store_id`, `code`, `key`, `value`, `serialized`) VALUES ('28128', '0', 'modern', 'modern_account_top', '0', '0');
INSERT INTO `PREFIX_DB_setting` (`setting_id`, `store_id`, `code`, `key`, `value`, `serialized`) VALUES ('28127', '0', 'modern', 'modern_image_location_height', '50', '0');
INSERT INTO `PREFIX_DB_setting` (`setting_id`, `store_id`, `code`, `key`, `value`, `serialized`) VALUES ('28126', '0', 'modern', 'modern_image_location_width', '268', '0');
INSERT INTO `PREFIX_DB_setting` (`setting_id`, `store_id`, `code`, `key`, `value`, `serialized`) VALUES ('28125', '0', 'modern', 'modern_image_cart_height', '47', '0');
INSERT INTO `PREFIX_DB_setting` (`setting_id`, `store_id`, `code`, `key`, `value`, `serialized`) VALUES ('28124', '0', 'modern', 'modern_image_cart_width', '47', '0');
INSERT INTO `PREFIX_DB_setting` (`setting_id`, `store_id`, `code`, `key`, `value`, `serialized`) VALUES ('28123', '0', 'modern', 'modern_image_wishlist_height', '47', '0');
INSERT INTO `PREFIX_DB_setting` (`setting_id`, `store_id`, `code`, `key`, `value`, `serialized`) VALUES ('28122', '0', 'modern', 'modern_image_wishlist_width', '47', '0');
INSERT INTO `PREFIX_DB_setting` (`setting_id`, `store_id`, `code`, `key`, `value`, `serialized`) VALUES ('28121', '0', 'modern', 'modern_image_compare_height', '90', '0');
INSERT INTO `PREFIX_DB_setting` (`setting_id`, `store_id`, `code`, `key`, `value`, `serialized`) VALUES ('28120', '0', 'modern', 'modern_image_compare_width', '90', '0');
INSERT INTO `PREFIX_DB_setting` (`setting_id`, `store_id`, `code`, `key`, `value`, `serialized`) VALUES ('28119', '0', 'modern', 'modern_image_related_height', '200', '0');
INSERT INTO `PREFIX_DB_setting` (`setting_id`, `store_id`, `code`, `key`, `value`, `serialized`) VALUES ('28118', '0', 'modern', 'modern_image_related_width', '255', '0');
INSERT INTO `PREFIX_DB_setting` (`setting_id`, `store_id`, `code`, `key`, `value`, `serialized`) VALUES ('28117', '0', 'modern', 'modern_image_additional_height', '74', '0');
INSERT INTO `PREFIX_DB_setting` (`setting_id`, `store_id`, `code`, `key`, `value`, `serialized`) VALUES ('28116', '0', 'modern', 'modern_image_additional_width', '74', '0');
INSERT INTO `PREFIX_DB_setting` (`setting_id`, `store_id`, `code`, `key`, `value`, `serialized`) VALUES ('28115', '0', 'modern', 'modern_image_product_height', '200', '0');
INSERT INTO `PREFIX_DB_setting` (`setting_id`, `store_id`, `code`, `key`, `value`, `serialized`) VALUES ('28114', '0', 'modern', 'modern_image_product_width', '250', '0');
INSERT INTO `PREFIX_DB_setting` (`setting_id`, `store_id`, `code`, `key`, `value`, `serialized`) VALUES ('28113', '0', 'modern', 'modern_image_popup_height', '700', '0');
INSERT INTO `PREFIX_DB_setting` (`setting_id`, `store_id`, `code`, `key`, `value`, `serialized`) VALUES ('28112', '0', 'modern', 'modern_image_popup_width', '700', '0');
INSERT INTO `PREFIX_DB_setting` (`setting_id`, `store_id`, `code`, `key`, `value`, `serialized`) VALUES ('28104', '0', 'modern', 'modern_directory', 'modern', '0');
INSERT INTO `PREFIX_DB_setting` (`setting_id`, `store_id`, `code`, `key`, `value`, `serialized`) VALUES ('28105', '0', 'modern', 'modern_status', '1', '0');
INSERT INTO `PREFIX_DB_setting` (`setting_id`, `store_id`, `code`, `key`, `value`, `serialized`) VALUES ('28106', '0', 'modern', 'modern_product_limit', '16', '0');
INSERT INTO `PREFIX_DB_setting` (`setting_id`, `store_id`, `code`, `key`, `value`, `serialized`) VALUES ('28107', '0', 'modern', 'modern_product_description_length', '100', '0');
INSERT INTO `PREFIX_DB_setting` (`setting_id`, `store_id`, `code`, `key`, `value`, `serialized`) VALUES ('28108', '0', 'modern', 'modern_image_category_width', '150', '0');
INSERT INTO `PREFIX_DB_setting` (`setting_id`, `store_id`, `code`, `key`, `value`, `serialized`) VALUES ('28109', '0', 'modern', 'modern_image_category_height', '100', '0');
INSERT INTO `PREFIX_DB_setting` (`setting_id`, `store_id`, `code`, `key`, `value`, `serialized`) VALUES ('28110', '0', 'modern', 'modern_image_thumb_width', '400', '0');
INSERT INTO `PREFIX_DB_setting` (`setting_id`, `store_id`, `code`, `key`, `value`, `serialized`) VALUES ('28111', '0', 'modern', 'modern_image_thumb_height', '350', '0');
INSERT INTO `PREFIX_DB_setting` (`setting_id`, `store_id`, `code`, `key`, `value`, `serialized`) VALUES ('30000', '0', 'aridius_letters', 'aridius_lettersdes_status', '1', '0');
INSERT INTO `PREFIX_DB_setting` (`setting_id`, `store_id`, `code`, `key`, `value`, `serialized`) VALUES ('30001', '0', 'aridius_letters', 'aridius_letters_description', '{"1":"&lt;span class=&quot;person_data&quot;&gt;\\u041d\\u0430\\u0436\\u0438\\u043c\\u0430\\u044f \\u043d\\u0430 \\u043a\\u043d\\u043e\\u043f\\u043a\\u0443 \\u00ab\\u041f\\u043e\\u0434\\u043f\\u0438\\u0441\\u0430\\u0442\\u044c\\u0441\\u044f\\u00bb, \\u044f \\u0434\\u0430\\u044e c\\u043e\\u0433\\u043b\\u0430\\u0441\\u0438\\u0435 \\u043d\\u0430 &lt;a href=&quot;person_danie&quot; target=&quot;_blank&quot;&gt;\\u043e\\u0431\\u0440\\u0430\\u0431\\u043e\\u0442\\u043a\\u0443 \\u043f\\u0435\\u0440\\u0441\\u043e\\u043d\\u0430\\u043b\\u044c\\u043d\\u044b\\u0445 \\u0434\\u0430\\u043d\\u043d\\u044b\\u0445.&lt;\\/a&gt;&lt;\\/span&gt;","2":""}', '1');
INSERT INTO `PREFIX_DB_setting` (`setting_id`, `store_id`, `code`, `key`, `value`, `serialized`) VALUES ('30002', '0', 'aridius_popupmail', 'aridius_popupmaildes_status', '1', '0');
INSERT INTO `PREFIX_DB_setting` (`setting_id`, `store_id`, `code`, `key`, `value`, `serialized`) VALUES ('30003', '0', 'aridius_popupmail', 'aridius_popupmail_description', '{"1":"&lt;span class=&quot;person_data2&quot;&gt;\\u041d\\u0430\\u0436\\u0438\\u043c\\u0430\\u044f \\u043d\\u0430 \\u043a\\u043d\\u043e\\u043f\\u043a\\u0443 \\u00ab\\u041f\\u043e\\u0434\\u043f\\u0438\\u0441\\u0430\\u0442\\u044c\\u0441\\u044f\\u00bb, \\u044f \\u0434\\u0430\\u044e c\\u043e\\u0433\\u043b\\u0430\\u0441\\u0438\\u0435 \\u043d\\u0430 &lt;a href=&quot;person_danie&quot; target=&quot;_blank&quot;&gt;\\u043e\\u0431\\u0440\\u0430\\u0431\\u043e\\u0442\\u043a\\u0443 \\u043f\\u0435\\u0440\\u0441\\u043e\\u043d\\u0430\\u043b\\u044c\\u043d\\u044b\\u0445 \\u0434\\u0430\\u043d\\u043d\\u044b\\u0445.&lt;\\/a&gt;&lt;\\/span&gt;","2":""}', '1');

TRUNCATE TABLE `PREFIX_DB_stock_status`;

INSERT INTO `PREFIX_DB_stock_status` (`stock_status_id`, `language_id`, `name`) VALUES ('7', '1', 'В наличии');
INSERT INTO `PREFIX_DB_stock_status` (`stock_status_id`, `language_id`, `name`) VALUES ('8', '1', 'Предзаказ');
INSERT INTO `PREFIX_DB_stock_status` (`stock_status_id`, `language_id`, `name`) VALUES ('5', '1', 'Нет в наличии');
INSERT INTO `PREFIX_DB_stock_status` (`stock_status_id`, `language_id`, `name`) VALUES ('6', '1', 'Ожидание 2-3 дня');
INSERT INTO `PREFIX_DB_stock_status` (`stock_status_id`, `language_id`, `name`) VALUES ('7', '2', 'In Stock');
INSERT INTO `PREFIX_DB_stock_status` (`stock_status_id`, `language_id`, `name`) VALUES ('8', '2', 'Pre-Order');
INSERT INTO `PREFIX_DB_stock_status` (`stock_status_id`, `language_id`, `name`) VALUES ('5', '2', 'Out Of Stock');
INSERT INTO `PREFIX_DB_stock_status` (`stock_status_id`, `language_id`, `name`) VALUES ('6', '2', '2 - 3 Days');


TRUNCATE TABLE `PREFIX_DB_tax_class`;

INSERT INTO `PREFIX_DB_tax_class` (`tax_class_id`, `title`, `description`, `date_added`, `date_modified`) VALUES ('9', 'Налоги', 'Облагаемые налогом', '2009-01-06 23:21:53', '2011-03-09 21:17:10');
INSERT INTO `PREFIX_DB_tax_class` (`tax_class_id`, `title`, `description`, `date_added`, `date_modified`) VALUES ('10', 'Цифровые товары', 'Цифровые', '2011-09-21 22:19:39', '2011-09-22 10:27:36');


TRUNCATE TABLE `PREFIX_DB_tax_rate`;

INSERT INTO `PREFIX_DB_tax_rate` (`tax_rate_id`, `geo_zone_id`, `name`, `rate`, `type`, `date_added`, `date_modified`) VALUES ('86', '3', 'НДС (20%)', '20.0000', 'P', '2011-03-09 21:17:10', '2011-09-22 22:24:29');
INSERT INTO `PREFIX_DB_tax_rate` (`tax_rate_id`, `geo_zone_id`, `name`, `rate`, `type`, `date_added`, `date_modified`) VALUES ('87', '3', 'Экологический налог (-2.00)', '2.0000', 'F', '2011-09-21 21:49:23', '2011-09-23 00:40:19');


TRUNCATE TABLE `PREFIX_DB_tax_rate_to_customer_group`;

INSERT INTO `PREFIX_DB_tax_rate_to_customer_group` (`tax_rate_id`, `customer_group_id`) VALUES ('86', '1');
INSERT INTO `PREFIX_DB_tax_rate_to_customer_group` (`tax_rate_id`, `customer_group_id`) VALUES ('87', '1');


TRUNCATE TABLE `PREFIX_DB_tax_rule`;

INSERT INTO `PREFIX_DB_tax_rule` (`tax_rule_id`, `tax_class_id`, `tax_rate_id`, `based`, `priority`) VALUES ('121', '10', '86', 'payment', '1');
INSERT INTO `PREFIX_DB_tax_rule` (`tax_rule_id`, `tax_class_id`, `tax_rate_id`, `based`, `priority`) VALUES ('120', '10', '87', 'store', '0');
INSERT INTO `PREFIX_DB_tax_rule` (`tax_rule_id`, `tax_class_id`, `tax_rate_id`, `based`, `priority`) VALUES ('128', '9', '86', 'shipping', '1');
INSERT INTO `PREFIX_DB_tax_rule` (`tax_rule_id`, `tax_class_id`, `tax_rate_id`, `based`, `priority`) VALUES ('127', '9', '87', 'shipping', '2');

TRUNCATE TABLE `PREFIX_DB_url_alias`;

INSERT INTO `PREFIX_DB_url_alias` (`url_alias_id`, `query`, `keyword`) VALUES ('601', 'account/voucher', 'vouchers');
INSERT INTO `PREFIX_DB_url_alias` (`url_alias_id`, `query`, `keyword`) VALUES ('602', 'account/wishlist', 'wishlist');
INSERT INTO `PREFIX_DB_url_alias` (`url_alias_id`, `query`, `keyword`) VALUES ('603', 'account/account', 'my-account');
INSERT INTO `PREFIX_DB_url_alias` (`url_alias_id`, `query`, `keyword`) VALUES ('604', 'checkout/cart', 'cart');
INSERT INTO `PREFIX_DB_url_alias` (`url_alias_id`, `query`, `keyword`) VALUES ('605', 'checkout/checkout', 'checkout');
INSERT INTO `PREFIX_DB_url_alias` (`url_alias_id`, `query`, `keyword`) VALUES ('606', 'account/login', 'login');
INSERT INTO `PREFIX_DB_url_alias` (`url_alias_id`, `query`, `keyword`) VALUES ('607', 'account/logout', 'logout');
INSERT INTO `PREFIX_DB_url_alias` (`url_alias_id`, `query`, `keyword`) VALUES ('608', 'account/order', 'order-history');
INSERT INTO `PREFIX_DB_url_alias` (`url_alias_id`, `query`, `keyword`) VALUES ('609', 'account/newsletter', 'newsletter');
INSERT INTO `PREFIX_DB_url_alias` (`url_alias_id`, `query`, `keyword`) VALUES ('610', 'product/special', 'specials');
INSERT INTO `PREFIX_DB_url_alias` (`url_alias_id`, `query`, `keyword`) VALUES ('611', 'affiliate/account', 'affiliates');
INSERT INTO `PREFIX_DB_url_alias` (`url_alias_id`, `query`, `keyword`) VALUES ('612', 'checkout/voucher', 'gift-vouchers');
INSERT INTO `PREFIX_DB_url_alias` (`url_alias_id`, `query`, `keyword`) VALUES ('613', 'product/manufacturer', 'brands');
INSERT INTO `PREFIX_DB_url_alias` (`url_alias_id`, `query`, `keyword`) VALUES ('614', 'information/contact', 'contact-us');
INSERT INTO `PREFIX_DB_url_alias` (`url_alias_id`, `query`, `keyword`) VALUES ('615', 'account/return/insert', 'request-return');
INSERT INTO `PREFIX_DB_url_alias` (`url_alias_id`, `query`, `keyword`) VALUES ('616', 'information/sitemap', 'sitemap');
INSERT INTO `PREFIX_DB_url_alias` (`url_alias_id`, `query`, `keyword`) VALUES ('617', 'account/forgotten', 'forgot-password');
INSERT INTO `PREFIX_DB_url_alias` (`url_alias_id`, `query`, `keyword`) VALUES ('618', 'account/download', 'downloads');
INSERT INTO `PREFIX_DB_url_alias` (`url_alias_id`, `query`, `keyword`) VALUES ('619', 'account/return', 'returns');
INSERT INTO `PREFIX_DB_url_alias` (`url_alias_id`, `query`, `keyword`) VALUES ('620', 'account/transaction', 'transactions');
INSERT INTO `PREFIX_DB_url_alias` (`url_alias_id`, `query`, `keyword`) VALUES ('621', 'account/register', 'create-account');
INSERT INTO `PREFIX_DB_url_alias` (`url_alias_id`, `query`, `keyword`) VALUES ('622', 'product/compare', 'compare-products');
INSERT INTO `PREFIX_DB_url_alias` (`url_alias_id`, `query`, `keyword`) VALUES ('623', 'product/search', 'search');
INSERT INTO `PREFIX_DB_url_alias` (`url_alias_id`, `query`, `keyword`) VALUES ('624', 'account/edit', 'edit-account');
INSERT INTO `PREFIX_DB_url_alias` (`url_alias_id`, `query`, `keyword`) VALUES ('625', 'account/password', 'change-password');
INSERT INTO `PREFIX_DB_url_alias` (`url_alias_id`, `query`, `keyword`) VALUES ('626', 'account/address', 'address-book');
INSERT INTO `PREFIX_DB_url_alias` (`url_alias_id`, `query`, `keyword`) VALUES ('627', 'account/reward', 'reward-points');
INSERT INTO `PREFIX_DB_url_alias` (`url_alias_id`, `query`, `keyword`) VALUES ('628', 'affiliate/edit', 'edit-affiliate-account');
INSERT INTO `PREFIX_DB_url_alias` (`url_alias_id`, `query`, `keyword`) VALUES ('629', 'affiliate/password', 'change-affiliate-password');
INSERT INTO `PREFIX_DB_url_alias` (`url_alias_id`, `query`, `keyword`) VALUES ('630', 'affiliate/payment', 'affiliate-payment-options');
INSERT INTO `PREFIX_DB_url_alias` (`url_alias_id`, `query`, `keyword`) VALUES ('631', 'affiliate/tracking', 'affiliate-tracking-code');
INSERT INTO `PREFIX_DB_url_alias` (`url_alias_id`, `query`, `keyword`) VALUES ('632', 'affiliate/transaction', 'affiliate-transactions');
INSERT INTO `PREFIX_DB_url_alias` (`url_alias_id`, `query`, `keyword`) VALUES ('633', 'affiliate/logout', 'affiliate-logout');
INSERT INTO `PREFIX_DB_url_alias` (`url_alias_id`, `query`, `keyword`) VALUES ('634', 'affiliate/forgotten', 'affiliate-forgot-password');
INSERT INTO `PREFIX_DB_url_alias` (`url_alias_id`, `query`, `keyword`) VALUES ('635', 'affiliate/register', 'create-affiliate-account');
INSERT INTO `PREFIX_DB_url_alias` (`url_alias_id`, `query`, `keyword`) VALUES ('636', 'affiliate/login', 'affiliate-login');
INSERT INTO `PREFIX_DB_url_alias` (`url_alias_id`, `query`, `keyword`) VALUES ('637', 'account/return/add', 'add-return');
INSERT INTO `PREFIX_DB_url_alias` (`url_alias_id`, `query`, `keyword`) VALUES ('638', 'common/home', '');
INSERT INTO `PREFIX_DB_url_alias` (`url_alias_id`, `query`, `keyword`) VALUES ('730', 'manufacturer_id=8', 'apple');
INSERT INTO `PREFIX_DB_url_alias` (`url_alias_id`, `query`, `keyword`) VALUES ('772', 'information_id=4', 'about_us');
INSERT INTO `PREFIX_DB_url_alias` (`url_alias_id`, `query`, `keyword`) VALUES ('1151', 'category_id=20', 'Telephones');
INSERT INTO `PREFIX_DB_url_alias` (`url_alias_id`, `query`, `keyword`) VALUES ('1073', 'category_id=68', 'Charging');
INSERT INTO `PREFIX_DB_url_alias` (`url_alias_id`, `query`, `keyword`) VALUES ('1075', 'category_id=69', 'Cases');
INSERT INTO `PREFIX_DB_url_alias` (`url_alias_id`, `query`, `keyword`) VALUES ('1072', 'category_id=70', 'Holders');
INSERT INTO `PREFIX_DB_url_alias` (`url_alias_id`, `query`, `keyword`) VALUES ('1146', 'category_id=72', 'monitors');
INSERT INTO `PREFIX_DB_url_alias` (`url_alias_id`, `query`, `keyword`) VALUES ('1145', 'category_id=73', 'tv');
INSERT INTO `PREFIX_DB_url_alias` (`url_alias_id`, `query`, `keyword`) VALUES ('1147', 'category_id=74', 'accessories');
INSERT INTO `PREFIX_DB_url_alias` (`url_alias_id`, `query`, `keyword`) VALUES ('1085', 'category_id=75', '20&quot;');
INSERT INTO `PREFIX_DB_url_alias` (`url_alias_id`, `query`, `keyword`) VALUES ('1086', 'category_id=78', '29');
INSERT INTO `PREFIX_DB_url_alias` (`url_alias_id`, `query`, `keyword`) VALUES ('1083', 'category_id=81', 'curved');
INSERT INTO `PREFIX_DB_url_alias` (`url_alias_id`, `query`, `keyword`) VALUES ('1084', 'category_id=82', 'Wi-fi');
INSERT INTO `PREFIX_DB_url_alias` (`url_alias_id`, `query`, `keyword`) VALUES ('1088', 'category_id=83', 'Receivers');
INSERT INTO `PREFIX_DB_url_alias` (`url_alias_id`, `query`, `keyword`) VALUES ('1087', 'category_id=84', 'Mounts');
INSERT INTO `PREFIX_DB_url_alias` (`url_alias_id`, `query`, `keyword`) VALUES ('1074', 'category_id=87', 'Smart');
INSERT INTO `PREFIX_DB_url_alias` (`url_alias_id`, `query`, `keyword`) VALUES ('1139', 'category_id=88', 'laptops');
INSERT INTO `PREFIX_DB_url_alias` (`url_alias_id`, `query`, `keyword`) VALUES ('1150', 'category_id=89', ' netbook');
INSERT INTO `PREFIX_DB_url_alias` (`url_alias_id`, `query`, `keyword`) VALUES ('1137', 'category_id=90', 'Lightweight');
INSERT INTO `PREFIX_DB_url_alias` (`url_alias_id`, `query`, `keyword`) VALUES ('1149', 'category_id=91', 'gaming');
INSERT INTO `PREFIX_DB_url_alias` (`url_alias_id`, `query`, `keyword`) VALUES ('1061', 'category_id=94', 'Radeon');
INSERT INTO `PREFIX_DB_url_alias` (`url_alias_id`, `query`, `keyword`) VALUES ('1058', 'category_id=93', 'AMD');
INSERT INTO `PREFIX_DB_url_alias` (`url_alias_id`, `query`, `keyword`) VALUES ('1152', 'manufacturer_id=5', 'htc');
INSERT INTO `PREFIX_DB_url_alias` (`url_alias_id`, `query`, `keyword`) VALUES ('832', 'manufacturer_id=10', 'sony');
INSERT INTO `PREFIX_DB_url_alias` (`url_alias_id`, `query`, `keyword`) VALUES ('841', 'information_id=6', 'delivery');
INSERT INTO `PREFIX_DB_url_alias` (`url_alias_id`, `query`, `keyword`) VALUES ('842', 'information_id=3', 'privacy');
INSERT INTO `PREFIX_DB_url_alias` (`url_alias_id`, `query`, `keyword`) VALUES ('843', 'information_id=5', 'terms');
INSERT INTO `PREFIX_DB_url_alias` (`url_alias_id`, `query`, `keyword`) VALUES ('849', 'information/aridius_news', 'all-news');
INSERT INTO `PREFIX_DB_url_alias` (`url_alias_id`, `query`, `keyword`) VALUES ('1125', 'aridius_news_id=1', 'novost1');
INSERT INTO `PREFIX_DB_url_alias` (`url_alias_id`, `query`, `keyword`) VALUES ('1135', 'aridius_news_id=2', 'novost2');
INSERT INTO `PREFIX_DB_url_alias` (`url_alias_id`, `query`, `keyword`) VALUES ('1134', 'aridius_news_id=3', 'novost3');
INSERT INTO `PREFIX_DB_url_alias` (`url_alias_id`, `query`, `keyword`) VALUES ('1136', 'aridius_news_id=4', 'novost5');
INSERT INTO `PREFIX_DB_url_alias` (`url_alias_id`, `query`, `keyword`) VALUES ('1133', 'aridius_news_id=5', 'novost4');
INSERT INTO `PREFIX_DB_url_alias` (`url_alias_id`, `query`, `keyword`) VALUES ('855', 'information/aridius_faq', 'faq');
INSERT INTO `PREFIX_DB_url_alias` (`url_alias_id`, `query`, `keyword`) VALUES ('856', 'extension/module/aridius_store_review', 'review');
INSERT INTO `PREFIX_DB_url_alias` (`url_alias_id`, `query`, `keyword`) VALUES ('1143', 'category_id=26', 'Smartphones');
INSERT INTO `PREFIX_DB_url_alias` (`url_alias_id`, `query`, `keyword`) VALUES ('1071', 'category_id=67', 'Bluetooth-Headset');
INSERT INTO `PREFIX_DB_url_alias` (`url_alias_id`, `query`, `keyword`) VALUES ('1144', 'category_id=59', ' accessories');
INSERT INTO `PREFIX_DB_url_alias` (`url_alias_id`, `query`, `keyword`) VALUES ('1140', 'category_id=71', 'Monitors2');
INSERT INTO `PREFIX_DB_url_alias` (`url_alias_id`, `query`, `keyword`) VALUES ('1089', 'category_id=85', ' Universalcontrols');
INSERT INTO `PREFIX_DB_url_alias` (`url_alias_id`, `query`, `keyword`) VALUES ('1059', 'category_id=92', 'intel');
INSERT INTO `PREFIX_DB_url_alias` (`url_alias_id`, `query`, `keyword`) VALUES ('1060', 'category_id=95', 'nVidia');
INSERT INTO `PREFIX_DB_url_alias` (`url_alias_id`, `query`, `keyword`) VALUES ('1057', 'category_id=96', 'Tranformery');
INSERT INTO `PREFIX_DB_url_alias` (`url_alias_id`, `query`, `keyword`) VALUES ('1062', 'category_id=101', 'business');
INSERT INTO `PREFIX_DB_url_alias` (`url_alias_id`, `query`, `keyword`) VALUES ('1063', 'category_id=99', 'simpletask');
INSERT INTO `PREFIX_DB_url_alias` (`url_alias_id`, `query`, `keyword`) VALUES ('1064', 'category_id=100', 'school');
INSERT INTO `PREFIX_DB_url_alias` (`url_alias_id`, `query`, `keyword`) VALUES ('1490', 'information_id=7', 'person_danie');

TRUNCATE TABLE `PREFIX_DB_user_group`;

INSERT INTO `PREFIX_DB_user_group` (`user_group_id`, `name`, `permission`) VALUES ('1', 'Administrator', '{"access":["catalog\\/aridius_review_news","catalog\\/aridius_store_review","catalog\\/aridiuscallback","catalog\\/aridiusfastorder","catalog\\/aridiusinstock","catalog\\/aridiusundersell","catalog\\/attribute","catalog\\/attribute_group","catalog\\/category","catalog\\/download","catalog\\/filter","catalog\\/information","catalog\\/manufacturer","catalog\\/option","catalog\\/product","catalog\\/recurring","catalog\\/review","common\\/aridius_letters","common\\/aridius_letters_send","common\\/column_left","common\\/filemanager","customer\\/custom_field","customer\\/customer","customer\\/customer_group","design\\/banner","design\\/language","design\\/layout","design\\/menu","design\\/theme","design\\/translation","event\\/compatibility","event\\/theme","extension\\/analytics\\/google_analytics","extension\\/captcha\\/basic_captcha","extension\\/captcha\\/google_captcha","extension\\/dashboard\\/activity","extension\\/dashboard\\/chart","extension\\/dashboard\\/customer","extension\\/dashboard\\/map","extension\\/dashboard\\/online","extension\\/dashboard\\/order","extension\\/dashboard\\/recent","extension\\/dashboard\\/sale","extension\\/event","extension\\/extension","extension\\/extension\\/analytics","extension\\/extension\\/captcha","extension\\/extension\\/dashboard","extension\\/extension\\/feed","extension\\/extension\\/fraud","extension\\/extension\\/module","extension\\/extension\\/payment","extension\\/extension\\/shipping","extension\\/extension\\/theme","extension\\/extension\\/total","extension\\/feed\\/google_base","extension\\/feed\\/google_sitemap","extension\\/feed\\/openbaypro","extension\\/feed\\/unisender","extension\\/fraud\\/fraudlabspro","extension\\/fraud\\/ip","extension\\/fraud\\/maxmind","extension\\/installer","extension\\/modification","extension\\/module\\/account","extension\\/module\\/affiliate","extension\\/module\\/amazon_login","extension\\/module\\/amazon_pay","extension\\/module\\/aridius_bestseller","extension\\/module\\/aridius_category_accordion","extension\\/module\\/aridius_catwall","extension\\/module\\/aridius_faq","extension\\/module\\/aridius_featured","extension\\/module\\/aridius_latest","extension\\/module\\/aridius_letters","extension\\/module\\/aridius_livesearch","extension\\/module\\/aridius_news","extension\\/module\\/aridius_news_category","extension\\/module\\/aridius_popupmail","extension\\/module\\/aridius_popupsize","extension\\/module\\/aridius_popuptext","extension\\/module\\/aridius_pr_review","extension\\/module\\/aridius_qckview","extension\\/module\\/aridius_special","extension\\/module\\/aridius_store_review","extension\\/module\\/aridius_tab","extension\\/module\\/aridius_viewed","extension\\/module\\/aridiuscallback","extension\\/module\\/aridiusfastorder","extension\\/module\\/aridiusinstock","extension\\/module\\/aridiusundersell","extension\\/module\\/banner","extension\\/module\\/bestseller","extension\\/module\\/carousel","extension\\/module\\/category","extension\\/module\\/divido_calculator","extension\\/module\\/ebay_listing","extension\\/module\\/featured","extension\\/module\\/filter","extension\\/module\\/google_hangouts","extension\\/module\\/html","extension\\/module\\/information","extension\\/module\\/klarna_checkout_module","extension\\/module\\/latest","extension\\/module\\/laybuy_layout","extension\\/module\\/pilibaba_button","extension\\/module\\/pp_button","extension\\/module\\/pp_login","extension\\/module\\/sagepay_direct_cards","extension\\/module\\/sagepay_server_cards","extension\\/module\\/slideshow","extension\\/module\\/special","extension\\/module\\/store","extension\\/openbay","extension\\/openbay\\/amazon","extension\\/openbay\\/amazon_listing","extension\\/openbay\\/amazon_product","extension\\/openbay\\/amazonus","extension\\/openbay\\/amazonus_listing","extension\\/openbay\\/amazonus_product","extension\\/openbay\\/ebay","extension\\/openbay\\/ebay_profile","extension\\/openbay\\/ebay_template","extension\\/openbay\\/etsy","extension\\/openbay\\/etsy_product","extension\\/openbay\\/etsy_shipping","extension\\/openbay\\/etsy_shop","extension\\/openbay\\/fba","extension\\/payment\\/amazon_login_pay","extension\\/payment\\/authorizenet_aim","extension\\/payment\\/authorizenet_sim","extension\\/payment\\/bank_transfer","extension\\/payment\\/bluepay_hosted","extension\\/payment\\/bluepay_redirect","extension\\/payment\\/cardconnect","extension\\/payment\\/cardinity","extension\\/payment\\/cheque","extension\\/payment\\/cod","extension\\/payment\\/divido","extension\\/payment\\/eway","extension\\/payment\\/firstdata","extension\\/payment\\/firstdata_remote","extension\\/payment\\/free_checkout","extension\\/payment\\/g2apay","extension\\/payment\\/globalpay","extension\\/payment\\/globalpay_remote","extension\\/payment\\/klarna_account","extension\\/payment\\/klarna_checkout","extension\\/payment\\/klarna_invoice","extension\\/payment\\/laybuy","extension\\/payment\\/liqpay","extension\\/payment\\/nochex","extension\\/payment\\/ocstore_payeer","extension\\/payment\\/ocstore_w1","extension\\/payment\\/ocstore_yk","extension\\/payment\\/ocstore_yk_company_AB","extension\\/payment\\/ocstore_yk_company_AC","extension\\/payment\\/ocstore_yk_company_EP","extension\\/payment\\/ocstore_yk_company_GP","extension\\/payment\\/ocstore_yk_company_MA","extension\\/payment\\/ocstore_yk_company_MC","extension\\/payment\\/ocstore_yk_company_MP","extension\\/payment\\/ocstore_yk_company_PB","extension\\/payment\\/ocstore_yk_company_PC","extension\\/payment\\/ocstore_yk_company_QW","extension\\/payment\\/ocstore_yk_company_SB","extension\\/payment\\/ocstore_yk_company_WM","extension\\/payment\\/ocstore_yk_physical_AC","extension\\/payment\\/ocstore_yk_physical_PC","extension\\/payment\\/paymate","extension\\/payment\\/paypoint","extension\\/payment\\/payza","extension\\/payment\\/perpetual_payments","extension\\/payment\\/pilibaba","extension\\/payment\\/pp_express","extension\\/payment\\/pp_payflow","extension\\/payment\\/pp_payflow_iframe","extension\\/payment\\/pp_pro","extension\\/payment\\/pp_PREFIX_DB_iframe","extension\\/payment\\/pp_standard","extension\\/payment\\/qiwi_rest","extension\\/payment\\/realex","extension\\/payment\\/realex_remote","extension\\/payment\\/sagepay_direct","extension\\/payment\\/sagepay_server","extension\\/payment\\/sagepay_us","extension\\/payment\\/sberbank_transfer","extension\\/payment\\/securetrading_pp","extension\\/payment\\/securetrading_ws","extension\\/payment\\/skrill","extension\\/payment\\/twocheckout","extension\\/payment\\/web_payment_software","extension\\/payment\\/webmoney_wmb","extension\\/payment\\/webmoney_wme","extension\\/payment\\/webmoney_wmk","extension\\/payment\\/webmoney_wmr","extension\\/payment\\/webmoney_wmu","extension\\/payment\\/webmoney_wmz","extension\\/payment\\/worldpay","extension\\/shipping\\/auspost","extension\\/shipping\\/by_total","extension\\/shipping\\/citylink","extension\\/shipping\\/fedex","extension\\/shipping\\/flat","extension\\/shipping\\/free","extension\\/shipping\\/item","extension\\/shipping\\/parcelforce_48","extension\\/shipping\\/pickup","extension\\/shipping\\/royal_mail","extension\\/shipping\\/track_no","extension\\/shipping\\/ups","extension\\/shipping\\/usps","extension\\/shipping\\/weight","extension\\/store","extension\\/theme\\/modern","extension\\/theme\\/theme_default","extension\\/total\\/coupon","extension\\/total\\/credit","extension\\/total\\/handling","extension\\/total\\/klarna_fee","extension\\/total\\/low_order_fee","extension\\/total\\/reward","extension\\/total\\/shipping","extension\\/total\\/sub_total","extension\\/total\\/tax","extension\\/total\\/total","extension\\/total\\/voucher","localisation\\/country","localisation\\/currency","localisation\\/geo_zone","localisation\\/language","localisation\\/length_class","localisation\\/location","localisation\\/order_status","localisation\\/return_action","localisation\\/return_reason","localisation\\/return_status","localisation\\/stock_status","localisation\\/tax_class","localisation\\/tax_rate","localisation\\/weight_class","localisation\\/zone","marketing\\/affiliate","marketing\\/contact","marketing\\/coupon","marketing\\/marketing","octeam\\/toolset","octeam_tools\\/cache","octeam_tools\\/seo_manager","report\\/affiliate","report\\/affiliate_activity","report\\/affiliate_login","report\\/customer_activity","report\\/customer_credit","report\\/customer_login","report\\/customer_online","report\\/customer_order","report\\/customer_reward","report\\/customer_search","report\\/marketing","report\\/product_purchased","report\\/product_viewed","report\\/sale_coupon","report\\/sale_order","report\\/sale_return","report\\/sale_shipping","report\\/sale_tax","sale\\/order","sale\\/recurring","sale\\/return","sale\\/voucher","sale\\/voucher_theme","setting\\/setting","setting\\/store","startup\\/compatibility","startup\\/error","startup\\/event","startup\\/login","startup\\/permission","startup\\/router","startup\\/sass","startup\\/startup","tool\\/backup","tool\\/installtheme","tool\\/log","tool\\/upload","user\\/api","user\\/user","user\\/user_permission"],"modify":["catalog\\/aridius_review_news","catalog\\/aridius_store_review","catalog\\/aridiuscallback","catalog\\/aridiusfastorder","catalog\\/aridiusinstock","catalog\\/aridiusundersell","catalog\\/attribute","catalog\\/attribute_group","catalog\\/category","catalog\\/download","catalog\\/filter","catalog\\/information","catalog\\/manufacturer","catalog\\/option","catalog\\/product","catalog\\/recurring","catalog\\/review","common\\/aridius_letters","common\\/aridius_letters_send","common\\/column_left","common\\/filemanager","customer\\/custom_field","customer\\/customer","customer\\/customer_group","design\\/banner","design\\/language","design\\/layout","design\\/menu","design\\/theme","design\\/translation","event\\/compatibility","event\\/theme","extension\\/analytics\\/google_analytics","extension\\/captcha\\/basic_captcha","extension\\/captcha\\/google_captcha","extension\\/dashboard\\/activity","extension\\/dashboard\\/chart","extension\\/dashboard\\/customer","extension\\/dashboard\\/map","extension\\/dashboard\\/online","extension\\/dashboard\\/order","extension\\/dashboard\\/recent","extension\\/dashboard\\/sale","extension\\/event","extension\\/extension","extension\\/extension\\/analytics","extension\\/extension\\/captcha","extension\\/extension\\/dashboard","extension\\/extension\\/feed","extension\\/extension\\/fraud","extension\\/extension\\/module","extension\\/extension\\/payment","extension\\/extension\\/shipping","extension\\/extension\\/theme","extension\\/extension\\/total","extension\\/feed\\/google_base","extension\\/feed\\/google_sitemap","extension\\/feed\\/openbaypro","extension\\/feed\\/unisender","extension\\/fraud\\/fraudlabspro","extension\\/fraud\\/ip","extension\\/fraud\\/maxmind","extension\\/installer","extension\\/modification","extension\\/module\\/account","extension\\/module\\/affiliate","extension\\/module\\/amazon_login","extension\\/module\\/amazon_pay","extension\\/module\\/aridius_bestseller","extension\\/module\\/aridius_category_accordion","extension\\/module\\/aridius_catwall","extension\\/module\\/aridius_faq","extension\\/module\\/aridius_featured","extension\\/module\\/aridius_latest","extension\\/module\\/aridius_letters","extension\\/module\\/aridius_livesearch","extension\\/module\\/aridius_news","extension\\/module\\/aridius_news_category","extension\\/module\\/aridius_popupmail","extension\\/module\\/aridius_popupsize","extension\\/module\\/aridius_popuptext","extension\\/module\\/aridius_pr_review","extension\\/module\\/aridius_qckview","extension\\/module\\/aridius_special","extension\\/module\\/aridius_store_review","extension\\/module\\/aridius_tab","extension\\/module\\/aridius_viewed","extension\\/module\\/aridiuscallback","extension\\/module\\/aridiusfastorder","extension\\/module\\/aridiusinstock","extension\\/module\\/aridiusundersell","extension\\/module\\/banner","extension\\/module\\/bestseller","extension\\/module\\/carousel","extension\\/module\\/category","extension\\/module\\/divido_calculator","extension\\/module\\/ebay_listing","extension\\/module\\/featured","extension\\/module\\/filter","extension\\/module\\/google_hangouts","extension\\/module\\/html","extension\\/module\\/information","extension\\/module\\/klarna_checkout_module","extension\\/module\\/latest","extension\\/module\\/laybuy_layout","extension\\/module\\/pilibaba_button","extension\\/module\\/pp_button","extension\\/module\\/pp_login","extension\\/module\\/sagepay_direct_cards","extension\\/module\\/sagepay_server_cards","extension\\/module\\/slideshow","extension\\/module\\/special","extension\\/module\\/store","extension\\/openbay","extension\\/openbay\\/amazon","extension\\/openbay\\/amazon_listing","extension\\/openbay\\/amazon_product","extension\\/openbay\\/amazonus","extension\\/openbay\\/amazonus_listing","extension\\/openbay\\/amazonus_product","extension\\/openbay\\/ebay","extension\\/openbay\\/ebay_profile","extension\\/openbay\\/ebay_template","extension\\/openbay\\/etsy","extension\\/openbay\\/etsy_product","extension\\/openbay\\/etsy_shipping","extension\\/openbay\\/etsy_shop","extension\\/openbay\\/fba","extension\\/payment\\/amazon_login_pay","extension\\/payment\\/authorizenet_aim","extension\\/payment\\/authorizenet_sim","extension\\/payment\\/bank_transfer","extension\\/payment\\/bluepay_hosted","extension\\/payment\\/bluepay_redirect","extension\\/payment\\/cardconnect","extension\\/payment\\/cardinity","extension\\/payment\\/cheque","extension\\/payment\\/cod","extension\\/payment\\/divido","extension\\/payment\\/eway","extension\\/payment\\/firstdata","extension\\/payment\\/firstdata_remote","extension\\/payment\\/free_checkout","extension\\/payment\\/g2apay","extension\\/payment\\/globalpay","extension\\/payment\\/globalpay_remote","extension\\/payment\\/klarna_account","extension\\/payment\\/klarna_checkout","extension\\/payment\\/klarna_invoice","extension\\/payment\\/laybuy","extension\\/payment\\/liqpay","extension\\/payment\\/nochex","extension\\/payment\\/ocstore_payeer","extension\\/payment\\/ocstore_w1","extension\\/payment\\/ocstore_yk","extension\\/payment\\/ocstore_yk_company_AB","extension\\/payment\\/ocstore_yk_company_AC","extension\\/payment\\/ocstore_yk_company_EP","extension\\/payment\\/ocstore_yk_company_GP","extension\\/payment\\/ocstore_yk_company_MA","extension\\/payment\\/ocstore_yk_company_MC","extension\\/payment\\/ocstore_yk_company_MP","extension\\/payment\\/ocstore_yk_company_PB","extension\\/payment\\/ocstore_yk_company_PC","extension\\/payment\\/ocstore_yk_company_QW","extension\\/payment\\/ocstore_yk_company_SB","extension\\/payment\\/ocstore_yk_company_WM","extension\\/payment\\/ocstore_yk_physical_AC","extension\\/payment\\/ocstore_yk_physical_PC","extension\\/payment\\/paymate","extension\\/payment\\/paypoint","extension\\/payment\\/payza","extension\\/payment\\/perpetual_payments","extension\\/payment\\/pilibaba","extension\\/payment\\/pp_express","extension\\/payment\\/pp_payflow","extension\\/payment\\/pp_payflow_iframe","extension\\/payment\\/pp_pro","extension\\/payment\\/pp_PREFIX_DB_iframe","extension\\/payment\\/pp_standard","extension\\/payment\\/qiwi_rest","extension\\/payment\\/realex","extension\\/payment\\/realex_remote","extension\\/payment\\/sagepay_direct","extension\\/payment\\/sagepay_server","extension\\/payment\\/sagepay_us","extension\\/payment\\/sberbank_transfer","extension\\/payment\\/securetrading_pp","extension\\/payment\\/securetrading_ws","extension\\/payment\\/skrill","extension\\/payment\\/twocheckout","extension\\/payment\\/web_payment_software","extension\\/payment\\/webmoney_wmb","extension\\/payment\\/webmoney_wme","extension\\/payment\\/webmoney_wmk","extension\\/payment\\/webmoney_wmr","extension\\/payment\\/webmoney_wmu","extension\\/payment\\/webmoney_wmz","extension\\/payment\\/worldpay","extension\\/shipping\\/auspost","extension\\/shipping\\/by_total","extension\\/shipping\\/citylink","extension\\/shipping\\/fedex","extension\\/shipping\\/flat","extension\\/shipping\\/free","extension\\/shipping\\/item","extension\\/shipping\\/parcelforce_48","extension\\/shipping\\/pickup","extension\\/shipping\\/royal_mail","extension\\/shipping\\/track_no","extension\\/shipping\\/ups","extension\\/shipping\\/usps","extension\\/shipping\\/weight","extension\\/store","extension\\/theme\\/modern","extension\\/theme\\/theme_default","extension\\/total\\/coupon","extension\\/total\\/credit","extension\\/total\\/handling","extension\\/total\\/klarna_fee","extension\\/total\\/low_order_fee","extension\\/total\\/reward","extension\\/total\\/shipping","extension\\/total\\/sub_total","extension\\/total\\/tax","extension\\/total\\/total","extension\\/total\\/voucher","localisation\\/country","localisation\\/currency","localisation\\/geo_zone","localisation\\/language","localisation\\/length_class","localisation\\/location","localisation\\/order_status","localisation\\/return_action","localisation\\/return_reason","localisation\\/return_status","localisation\\/stock_status","localisation\\/tax_class","localisation\\/tax_rate","localisation\\/weight_class","localisation\\/zone","marketing\\/affiliate","marketing\\/contact","marketing\\/coupon","marketing\\/marketing","octeam\\/toolset","octeam_tools\\/cache","octeam_tools\\/seo_manager","report\\/affiliate","report\\/affiliate_activity","report\\/affiliate_login","report\\/customer_activity","report\\/customer_credit","report\\/customer_login","report\\/customer_online","report\\/customer_order","report\\/customer_reward","report\\/customer_search","report\\/marketing","report\\/product_purchased","report\\/product_viewed","report\\/sale_coupon","report\\/sale_order","report\\/sale_return","report\\/sale_shipping","report\\/sale_tax","sale\\/order","sale\\/recurring","sale\\/return","sale\\/voucher","sale\\/voucher_theme","setting\\/setting","setting\\/store","startup\\/compatibility","startup\\/error","startup\\/event","startup\\/login","startup\\/permission","startup\\/router","startup\\/sass","startup\\/startup","tool\\/backup","tool\\/installtheme","tool\\/log","tool\\/upload","user\\/api","user\\/user","user\\/user_permission"],"hiden":["extension\\/module\\/amazon_login","extension\\/module\\/amazon_pay","extension\\/module\\/divido_calculator","extension\\/module\\/ebay_listing","extension\\/module\\/klarna_checkout_module","extension\\/module\\/laybuy_layout","extension\\/module\\/pilibaba_button","extension\\/module\\/pp_button","extension\\/module\\/pp_login","extension\\/module\\/sagepay_direct_cards","extension\\/module\\/sagepay_server_cards","extension\\/payment\\/amazon_login_pay","extension\\/payment\\/authorizenet_aim","extension\\/payment\\/authorizenet_sim","extension\\/payment\\/bluepay_hosted","extension\\/payment\\/bluepay_redirect","extension\\/payment\\/cardconnect","extension\\/payment\\/cardinity","extension\\/payment\\/cheque","extension\\/payment\\/divido","extension\\/payment\\/eway","extension\\/payment\\/firstdata","extension\\/payment\\/firstdata_remote","extension\\/payment\\/g2apay","extension\\/payment\\/globalpay","extension\\/payment\\/globalpay_remote","extension\\/payment\\/klarna_account","extension\\/payment\\/klarna_checkout","extension\\/payment\\/klarna_invoice","extension\\/payment\\/laybuy","extension\\/payment\\/nochex","extension\\/payment\\/ocstore_yk_company_AB","extension\\/payment\\/ocstore_yk_company_AC","extension\\/payment\\/ocstore_yk_company_EP","extension\\/payment\\/ocstore_yk_company_GP","extension\\/payment\\/ocstore_yk_company_MA","extension\\/payment\\/ocstore_yk_company_MC","extension\\/payment\\/ocstore_yk_company_MP","extension\\/payment\\/ocstore_yk_company_PB","extension\\/payment\\/ocstore_yk_company_PC","extension\\/payment\\/ocstore_yk_company_QW","extension\\/payment\\/ocstore_yk_company_SB","extension\\/payment\\/ocstore_yk_company_WM","extension\\/payment\\/ocstore_yk_physical_AC","extension\\/payment\\/ocstore_yk_physical_PC","extension\\/payment\\/paymate","extension\\/payment\\/paypoint","extension\\/payment\\/payza","extension\\/payment\\/perpetual_payments","extension\\/payment\\/pilibaba","extension\\/payment\\/pp_express","extension\\/payment\\/pp_payflow","extension\\/payment\\/pp_payflow_iframe","extension\\/payment\\/pp_pro","extension\\/payment\\/pp_PREFIX_DB_iframe","extension\\/payment\\/realex","extension\\/payment\\/realex_remote","extension\\/payment\\/sagepay_direct","extension\\/payment\\/sagepay_server","extension\\/payment\\/sagepay_us","extension\\/payment\\/securetrading_pp","extension\\/payment\\/securetrading_ws","extension\\/payment\\/skrill","extension\\/payment\\/twocheckout","extension\\/payment\\/web_payment_software","extension\\/payment\\/worldpay","extension\\/shipping\\/auspost","extension\\/shipping\\/fedex","extension\\/shipping\\/royal_mail","extension\\/shipping\\/ups","extension\\/shipping\\/usps"]}');
INSERT INTO `PREFIX_DB_user_group` (`user_group_id`, `name`, `permission`) VALUES ('10', 'Demonstration', '');

TRUNCATE TABLE `PREFIX_DB_voucher_theme`;

INSERT INTO `PREFIX_DB_voucher_theme` (`voucher_theme_id`, `image`) VALUES ('8', 'catalog/demo/canon_eos_5d_2.jpg');
INSERT INTO `PREFIX_DB_voucher_theme` (`voucher_theme_id`, `image`) VALUES ('7', 'catalog/demo/gift-voucher-birthday.jpg');
INSERT INTO `PREFIX_DB_voucher_theme` (`voucher_theme_id`, `image`) VALUES ('6', 'catalog/demo/apple_logo.jpg');


TRUNCATE TABLE `PREFIX_DB_voucher_theme_description`;

INSERT INTO `PREFIX_DB_voucher_theme_description` (`voucher_theme_id`, `language_id`, `name`) VALUES ('6', '1', 'Рождество');
INSERT INTO `PREFIX_DB_voucher_theme_description` (`voucher_theme_id`, `language_id`, `name`) VALUES ('7', '1', 'День рождения');
INSERT INTO `PREFIX_DB_voucher_theme_description` (`voucher_theme_id`, `language_id`, `name`) VALUES ('8', '1', 'Основной');
INSERT INTO `PREFIX_DB_voucher_theme_description` (`voucher_theme_id`, `language_id`, `name`) VALUES ('6', '2', 'Christmas');
INSERT INTO `PREFIX_DB_voucher_theme_description` (`voucher_theme_id`, `language_id`, `name`) VALUES ('7', '2', 'Birthday');
INSERT INTO `PREFIX_DB_voucher_theme_description` (`voucher_theme_id`, `language_id`, `name`) VALUES ('8', '2', 'General');


TRUNCATE TABLE `PREFIX_DB_weight_class`;

INSERT INTO `PREFIX_DB_weight_class` (`weight_class_id`, `value`) VALUES ('1', '1.00');
INSERT INTO `PREFIX_DB_weight_class` (`weight_class_id`, `value`) VALUES ('2', '1000.00');
INSERT INTO `PREFIX_DB_weight_class` (`weight_class_id`, `value`) VALUES ('5', '2.20');
INSERT INTO `PREFIX_DB_weight_class` (`weight_class_id`, `value`) VALUES ('6', '35.27');


TRUNCATE TABLE `PREFIX_DB_weight_class_description`;

INSERT INTO `PREFIX_DB_weight_class_description` (`weight_class_id`, `language_id`, `title`, `unit`) VALUES ('1', '1', 'Килограммы', 'кг');
INSERT INTO `PREFIX_DB_weight_class_description` (`weight_class_id`, `language_id`, `title`, `unit`) VALUES ('2', '1', 'Граммы', 'г');
INSERT INTO `PREFIX_DB_weight_class_description` (`weight_class_id`, `language_id`, `title`, `unit`) VALUES ('1', '2', 'Kilogram', 'kg');
INSERT INTO `PREFIX_DB_weight_class_description` (`weight_class_id`, `language_id`, `title`, `unit`) VALUES ('2', '2', 'Gram', 'g');


TRUNCATE TABLE `PREFIX_DB_zone_to_geo_zone`;

INSERT INTO `PREFIX_DB_zone_to_geo_zone` (`zone_to_geo_zone_id`, `country_id`, `zone_id`, `geo_zone_id`, `date_added`, `date_modified`) VALUES ('57', '176', '0', '3', '2015-11-11 15:56:24', '0000-00-00 00:00:00');


