CREATE TABLE IF NOT EXISTS PREFIX_DB_aridiuscallback (order_id int(11) NOT NULL AUTO_INCREMENT, product_id int(11) NOT NULL, contact varchar(96) NOT NULL, firstname varchar(96) NOT NULL, email varchar(96) NOT NULL, comment text NOT NULL, comment_manager text NOT NULL, status tinyint(1) NOT NULL, time_in time NOT NULL DEFAULT '00:00:00', time_off time NOT NULL DEFAULT '00:00:00', date_added datetime NOT NULL DEFAULT '0000-00-00 00:00:00', PRIMARY KEY (order_id)) ENGINE=MyISAM DEFAULT CHARSET=utf8;
CREATE TABLE IF NOT EXISTS PREFIX_DB_aridiusfastorder (order_id int(11) NOT NULL AUTO_INCREMENT,product_id int(11) NOT NULL,product_option_value_id int(11) NOT NULL,contact varchar(96) NOT NULL,firstname varchar(96) NOT NULL,email varchar(96) NOT NULL,comment text NOT NULL,comment_manager text NOT NULL,product_name varchar(255) NOT NULL,quantity int(4) NOT NULL,status tinyint(1) NOT NULL,format_option varchar(255) NOT NULL,total decimal(15,4) NOT NULL DEFAULT '0.0000',date_added datetime NOT NULL DEFAULT '0000-00-00 00:00:00',currency_id int(11) NOT NULL,currency_code varchar(3) NOT NULL,currency_value decimal(15,8) NOT NULL DEFAULT '1.00000000',PRIMARY KEY (order_id)) ENGINE=MyISAM DEFAULT CHARSET=utf8;
CREATE TABLE IF NOT EXISTS PREFIX_DB_aridiusinstock (order_id int(11) NOT NULL AUTO_INCREMENT,product_id int(11) NOT NULL,contact varchar(96) NOT NULL,firstname varchar(96) NOT NULL,email varchar(96) NOT NULL,comment_manager text NOT NULL,product_name varchar(255) NOT NULL,status tinyint(1) NOT NULL,date_added datetime NOT NULL DEFAULT '0000-00-00 00:00:00',PRIMARY KEY (order_id)) ENGINE=MyISAM DEFAULT CHARSET=utf8;
CREATE TABLE IF NOT EXISTS PREFIX_DB_aridiusundersell (order_id int(11) NOT NULL AUTO_INCREMENT,product_id int(11) NOT NULL,contact varchar(96) NOT NULL,firstname varchar(96) NOT NULL,email varchar(96) NOT NULL,link text NOT NULL,comment text NOT NULL,comment_manager text NOT NULL,product_name varchar(255) NOT NULL,quantity int(4) NOT NULL,status tinyint(1) NOT NULL,format_option varchar(255) NOT NULL,total decimal(15,4) NOT NULL DEFAULT '0.0000',date_added datetime NOT NULL DEFAULT '0000-00-00 00:00:00',currency_id int(11) NOT NULL,currency_code varchar(3) NOT NULL,currency_value decimal(15,8) NOT NULL DEFAULT '1.00000000',PRIMARY KEY (order_id)) ENGINE=MyISAM DEFAULT CHARSET=utf8;
CREATE TABLE IF NOT EXISTS PREFIX_DB_aridius_letters (email_id int(11) NOT NULL AUTO_INCREMENT,email_user varchar(96) NOT NULL,email_date date NOT NULL,PRIMARY KEY (`email_id`)) ENGINE=MyISAM DEFAULT CHARSET=utf8;
CREATE TABLE IF NOT EXISTS `PREFIX_DB_aridius_news` (`aridius_news_id` int(11) NOT NULL AUTO_INCREMENT, `image` varchar(255) DEFAULT NULL, `video` varchar(255) DEFAULT NULL, `date_added` datetime NOT NULL,`viewed` int(11) NOT NULL DEFAULT '0', `sort_order` int(3) NOT NULL DEFAULT '0', `status` tinyint(1) NOT NULL, PRIMARY KEY (`aridius_news_id`)) ENGINE=MYISAM DEFAULT CHARSET=utf8 COLLATE=utf8_general_ci;
CREATE TABLE IF NOT EXISTS `PREFIX_DB_aridius_news_description` (`aridius_news_id` int(11) NOT NULL, `language_id` int(11) NOT NULL, `title` varchar(255) NOT NULL, `meta_description` VARCHAR(255) NOT NULL, `meta_title` VARCHAR(255) NOT NULL, `description` text CHARACTER SET utf8 NOT NULL, `meta_keyword` varchar(255) NOT NULL,  PRIMARY KEY (`aridius_news_id`,`language_id`)) ENGINE=MYISAM DEFAULT CHARSET=utf8 COLLATE=utf8_general_ci;
CREATE TABLE IF NOT EXISTS `PREFIX_DB_aridius_news_to_store` (`aridius_news_id` int(11) NOT NULL, `store_id` int(11) NOT NULL, PRIMARY KEY (`aridius_news_id`,`store_id`)) ENGINE=MYISAM DEFAULT CHARSET=utf8 COLLATE=utf8_general_ci;
CREATE TABLE IF NOT EXISTS PREFIX_DB_aridius_news_related (`aridius_news_id` int(11) NOT NULL, `related_aridius_news_id` int(11) NOT NULL, PRIMARY KEY (`aridius_news_id`,`related_aridius_news_id`)) ENGINE=MyISAM DEFAULT CHARSET=utf8 COLLATE=utf8_bin;
CREATE TABLE IF NOT EXISTS PREFIX_DB_aridius_news_product_related (`aridius_news_id` int(11) NOT NULL,`product_id` int(11) NOT NULL,PRIMARY KEY (`aridius_news_id`,`product_id`)) ENGINE=MyISAM DEFAULT CHARSET=utf8 COLLATE=utf8_bin;
CREATE TABLE IF NOT EXISTS `PREFIX_DB_aridius_review_news` (`review_id` int(11) NOT NULL AUTO_INCREMENT, `parent_id` int(11) NOT NULL, `customer_id` int(11) NOT NULL, `news_id` int(11) NOT NULL, `author` varchar(64) NOT NULL, `text` text NOT NULL, `status` tinyint(1) NOT NULL DEFAULT '0', `date_added` datetime NOT NULL, `date_modified` datetime NOT NULL, PRIMARY KEY (`review_id`)) ENGINE=MYISAM DEFAULT CHARSET=utf8 COLLATE=utf8_general_ci;
CREATE TABLE IF NOT EXISTS `PREFIX_DB_aridius_review_store` (`review_id` int(11) NOT NULL AUTO_INCREMENT, `parent` int(11) NOT NULL, `customer_id` int(11) NOT NULL, `author` varchar(64) NOT NULL, `text` text NOT NULL, `rating` int(1) NOT NULL, `status` tinyint(1) NOT NULL DEFAULT '0', `date_added` datetime NOT NULL, `date_modified` datetime NOT NULL, PRIMARY KEY (`review_id`)) ENGINE=MYISAM DEFAULT CHARSET=utf8 COLLATE=utf8_general_ci;
CREATE TABLE IF NOT EXISTS `PREFIX_DB_aridius_news2` (`aridius_news_id2` int(11) NOT NULL AUTO_INCREMENT, `image` varchar(255) DEFAULT NULL, `video` varchar(255) DEFAULT NULL, `date_added` datetime NOT NULL,`viewed` int(11) NOT NULL DEFAULT '0', `sort_order` int(3) NOT NULL DEFAULT '0', `status` tinyint(1) NOT NULL, PRIMARY KEY (`aridius_news_id2`)) ENGINE=MYISAM DEFAULT CHARSET=utf8 COLLATE=utf8_general_ci;
CREATE TABLE IF NOT EXISTS `PREFIX_DB_aridius_news_description2` (`aridius_news_id2` int(11) NOT NULL, `language_id` int(11) NOT NULL, `title` varchar(255) NOT NULL, `meta_description` VARCHAR(255) NOT NULL, `meta_title` VARCHAR(255) NOT NULL, `description` text CHARACTER SET utf8 NOT NULL, `meta_keyword` varchar(255) NOT NULL,  PRIMARY KEY (`aridius_news_id2`,`language_id`)) ENGINE=MYISAM DEFAULT CHARSET=utf8 COLLATE=utf8_general_ci;
CREATE TABLE IF NOT EXISTS `PREFIX_DB_aridius_news_to_store2` (`aridius_news_id2` int(11) NOT NULL, `store_id` int(11) NOT NULL, PRIMARY KEY (`aridius_news_id2`,`store_id`)) ENGINE=MYISAM DEFAULT CHARSET=utf8 COLLATE=utf8_general_ci;
CREATE TABLE IF NOT EXISTS PREFIX_DB_aridius_news_related2 (`aridius_news_id2` int(11) NOT NULL, `related_aridius_news_id` int(11) NOT NULL, PRIMARY KEY (`aridius_news_id2`,`related_aridius_news_id`)) ENGINE=MyISAM DEFAULT CHARSET=utf8 COLLATE=utf8_bin;
CREATE TABLE IF NOT EXISTS PREFIX_DB_aridius_news_product_related2 (`aridius_news_id2` int(11) NOT NULL,`product_id` int(11) NOT NULL,PRIMARY KEY (`aridius_news_id2`,`product_id`)) ENGINE=MyISAM DEFAULT CHARSET=utf8 COLLATE=utf8_bin;
CREATE TABLE IF NOT EXISTS `PREFIX_DB_aridius_review_news2` (`review_id` int(11) NOT NULL AUTO_INCREMENT, `parent_id` int(11) NOT NULL, `customer_id` int(11) NOT NULL, `news_id` int(11) NOT NULL, `author` varchar(64) NOT NULL, `text` text NOT NULL, `status` tinyint(1) NOT NULL DEFAULT '0', `date_added` datetime NOT NULL, `date_modified` datetime NOT NULL, PRIMARY KEY (`review_id`)) ENGINE=MYISAM DEFAULT CHARSET=utf8 COLLATE=utf8_general_ci;
CREATE TABLE IF NOT EXISTS `PREFIX_DB_license` (`key` varchar(3) CHARACTER SET utf8,`value` text CHARACTER SET utf8,primary key (`key`)) ENGINE=MyISAM DEFAULT CHARSET=utf8;
CREATE TABLE IF NOT EXISTS PREFIX_DB_review_dig_lim (review_id int(11) NOT NULL AUTO_INCREMENT,dignity text NOT NULL,limitations text NOT NULL,PRIMARY KEY (review_id)) ENGINE=MyISAM DEFAULT CHARSET=utf8;
CREATE TABLE IF NOT EXISTS PREFIX_DB_aridius_customtab (`product_customtab_id` int(11) NOT NULL AUTO_INCREMENT, `product_id` int(11) NOT NULL, `sort_order` int(11) NOT NULL, PRIMARY KEY (`product_customtab_id`)) ENGINE=MYISAM DEFAULT CHARSET=utf8 COLLATE=utf8_general_ci;
CREATE TABLE IF NOT EXISTS PREFIX_DB_aridius_customtab_description (`product_customtab_id` int(11) NOT NULL, `product_id` int(11) NOT NULL, `language_id` int(11) NOT NULL, `title` VARCHAR(255) NOT NULL, `description` text CHARACTER SET utf8 NOT NULL) ENGINE=MYISAM DEFAULT CHARSET=utf8 COLLATE=utf8_general_ci;




TRUNCATE TABLE `PREFIX_DB_aridius_news`;

INSERT INTO `PREFIX_DB_aridius_news` (`aridius_news_id`, `image`, `video`, `date_added`, `viewed`, `sort_order`, `status`) VALUES ('1', 'catalog/gadzhet_planshet_smartfon_ikonki_sensornyj_ekran_99974_2048x1152.jpg', '', '2017-03-01 10:44:13', '14', '100', '1');
INSERT INTO `PREFIX_DB_aridius_news` (`aridius_news_id`, `image`, `video`, `date_added`, `viewed`, `sort_order`, `status`) VALUES ('2', 'catalog/modern/planshet_sensor_windows_android_97168_2048x1152.jpg', '', '2017-03-01 10:45:01', '141', '3', '1');
INSERT INTO `PREFIX_DB_aridius_news` (`aridius_news_id`, `image`, `video`, `date_added`, `viewed`, `sort_order`, `status`) VALUES ('3', 'catalog/modern/planshet_smartfon_hi_tech_ikonki_ruka_96123_2048x1152.jpg', 'https://www.youtube.com/watch?v=66z7TnaHQkA', '2017-03-01 10:45:44', '41', '2', '1');
INSERT INTO `PREFIX_DB_aridius_news` (`aridius_news_id`, `image`, `video`, `date_added`, `viewed`, `sort_order`, `status`) VALUES ('4', 'catalog/modern/windows_tablet_microsoft_planshet_sensornyy_ekran_touch_screen_73441_2048x1152.jpg', '', '2017-03-01 10:46:48', '10', '5', '1');
INSERT INTO `PREFIX_DB_aridius_news` (`aridius_news_id`, `image`, `video`, `date_added`, `viewed`, `sort_order`, `status`) VALUES ('5', 'catalog/modern/planshet_knigi_staroe_80031_2048x1152.jpg', 'https://www.youtube.com/watch?v=7bq-sJuA-Xo', '2017-03-01 10:47:55', '22', '4', '1');


TRUNCATE TABLE `PREFIX_DB_aridius_news_description`;

INSERT INTO `PREFIX_DB_aridius_news_description` (`aridius_news_id`, `language_id`, `title`, `meta_description`, `meta_title`, `description`, `meta_keyword`) VALUES ('1', '1', 'Galaxy S: новая эра в эволюции AMOLED', '', '', '&lt;p&gt;Исключительно красив, необычайно умен: подскажет тебе то, что нужно именно в этот момент, именно в этом месте.&lt;br&gt;&lt;/p&gt;&lt;p&gt;Жизнь неповторима - живи по полной!&lt;/p&gt;&lt;p&gt;Двухцветный металлический корпус с зеркальной окантовкой. Скругленные углы и эргономичные формы – этот смартфон создан повторять контуры твоей руки и обеспечивать максимальный комфорт. Цельная задняя панель имеет изогнутую поверхность, ставшую визитной карточкой легендарных смартфонов серии HTC One.&lt;/p&gt;&lt;p&gt;Со смартфоном HTC One M9 возможности персонализации устройства выходят на принципиально новый уровень. Приложение HTC «Тема» позволяет оформить рабочие экраны по-своему – используй любимые фотографии и картинки с онлайн-ресурсов. Меняй форму и размер иконок, мелодии звонка и даже обои – теперь все в твоих руках! &lt;/p&gt;&lt;p&gt;Основная камера 20 МП и фронтальная камера с технологией HTC UltraPixel™ позволят тебе контролировать съемочный процесс «от» и «до».  Мощные инструменты из HTC Eye Experience позволят тебе снимать двумя камерами одновременно, делать селфи при помощи голосовых команд, ещё до момента съемки – в процессе визирования – использовать фильтры для ретуши и многое другое. А приложение Zoe позволит монтировать видеоролики, комбинируя свои материалы с фотографиями и видео, снятыми друзьями.&lt;/p&gt;&lt;p&gt;Наслаждайся потрясающими фото – с любой камерой HTC One M9.&lt;br&gt;&lt;/p&gt;&lt;p&gt;Смартфон HTC One M9 создавался в сотрудничестве с лабораторией Dolby, благодаря которому теперь ты будешь слышать объемный звук – как в настоящем кинотеатре. HTC BoomSound™ с Dolby Audio прекрасно справляется с музыкой любой сложности и любого жанра - ему по силам даже многоканальные треки с YouTube.&lt;/p&gt;&lt;p&gt;Твои игры и фильмы звучат потрясающе как через встроенные динамики, так и в наушниках. Такого ты ещё не слышал!источник: http://htc.com/&lt;br&gt;&lt;/p&gt;', '');
INSERT INTO `PREFIX_DB_aridius_news_description` (`aridius_news_id`, `language_id`, `title`, `meta_description`, `meta_title`, `description`, `meta_keyword`) VALUES ('1', '2', 'Galaxy S: новая эра в эволюции AMOLED', '', '', '&lt;p&gt;Исключительно красив, необычайно умен: подскажет тебе то, что нужно именно в этот момент, именно в этом месте.&lt;br&gt;&lt;/p&gt;&lt;p&gt;&lt;br&gt;&lt;/p&gt;&lt;p&gt;Жизнь неповторима - живи по полной!&lt;/p&gt;&lt;p&gt;&lt;br&gt;&lt;/p&gt;&lt;p&gt;Двухцветный металлический корпус с зеркальной окантовкой. Скругленные углы и эргономичные формы – этот смартфон создан повторять контуры твоей руки и обеспечивать максимальный комфорт. Цельная задняя панель имеет изогнутую поверхность, ставшую визитной карточкой легендарных смартфонов серии HTC One.&lt;/p&gt;&lt;p&gt;&lt;br&gt;&lt;/p&gt;&lt;p&gt;Со смартфоном HTC One M9 возможности персонализации устройства выходят на принципиально новый уровень. Приложение HTC «Тема» позволяет оформить рабочие экраны по-своему – используй любимые фотографии и картинки с онлайн-ресурсов. Меняй форму и размер иконок, мелодии звонка и даже обои – теперь все в твоих руках! &lt;/p&gt;&lt;p&gt;&lt;br&gt;&lt;/p&gt;&lt;p&gt;Основная камера 20 МП и фронтальная камера с технологией HTC UltraPixel™ позволят тебе контролировать съемочный процесс «от» и «до».  Мощные инструменты из HTC Eye Experience позволят тебе снимать двумя камерами одновременно, делать селфи при помощи голосовых команд, ещё до момента съемки – в процессе визирования – использовать фильтры для ретуши и многое другое. А приложение Zoe позволит монтировать видеоролики, комбинируя свои материалы с фотографиями и видео, снятыми друзьями.&lt;/p&gt;&lt;p&gt;Наслаждайся потрясающими фото – с любой камерой HTC One M9.&lt;br&gt;&lt;/p&gt;&lt;p&gt;Смартфон HTC One M9 создавался в сотрудничестве с лабораторией Dolby, благодаря которому теперь ты будешь слышать объемный звук – как в настоящем кинотеатре. HTC BoomSound™ с Dolby Audio прекрасно справляется с музыкой любой сложности и любого жанра - ему по силам даже многоканальные треки с YouTube.&lt;/p&gt;&lt;p&gt;Твои игры и фильмы звучат потрясающе как через встроенные динамики, так и в наушниках. Такого ты ещё не слышал!источник: http://htc.com/&lt;br&gt;&lt;/p&gt;', '');
INSERT INTO `PREFIX_DB_aridius_news_description` (`aridius_news_id`, `language_id`, `title`, `meta_description`, `meta_title`, `description`, `meta_keyword`) VALUES ('2', '1', 'Домашний TV центр', '', '', '&lt;p&gt;Исключительно красив, необычайно умен: подскажет тебе то, что нужно именно в этот момент, именно в этом месте.&lt;/p&gt;&lt;p&gt;Жизнь неповторима - живи по полной!&lt;/p&gt;&lt;p&gt;Двухцветный металлический корпус с зеркальной окантовкой. Скругленные углы и эргономичные формы – этот смартфон создан повторять контуры твоей руки и обеспечивать максимальный комфорт. Цельная задняя панель имеет изогнутую поверхность, ставшую визитной карточкой легендарных смартфонов серии HTC One.&lt;/p&gt;&lt;p&gt;Со смартфоном HTC One M9 возможности персонализации устройства выходят на принципиально новый уровень. Приложение HTC «Тема» позволяет оформить рабочие экраны по-своему – используй любимые фотографии и картинки с онлайн-ресурсов. Меняй форму и размер иконок, мелодии звонка и даже обои – теперь все в твоих руках!&lt;/p&gt;&lt;p&gt;Основная камера 20 МП и фронтальная камера с технологией HTC UltraPixel™ позволят тебе контролировать съемочный процесс «от» и «до». Мощные инструменты из HTC Eye Experience позволят тебе снимать двумя камерами одновременно, делать селфи при помощи голосовых команд, ещё до момента съемки – в процессе визирования – использовать фильтры для ретуши и многое другое. А приложение Zoe позволит монтировать видеоролики, комбинируя свои материалы с фотографиями и видео, снятыми друзьями.&lt;/p&gt;&lt;p&gt;Наслаждайся потрясающими фото – с любой камерой HTC One M9.&lt;/p&gt;&lt;p&gt;Смартфон HTC One M9 создавался в сотрудничестве с лабораторией Dolby, благодаря которому теперь ты будешь слышать объемный звук – как в настоящем кинотеатре. HTC BoomSound™ с Dolby Audio прекрасно справляется с музыкой любой сложности и любого жанра - ему по силам даже многоканальные треки с YouTube.&lt;/p&gt;&lt;p&gt;Твои игры и фильмы звучат потрясающе как через встроенные динамики, так и в наушниках. Такого ты ещё не слышал!источник: http://htc.com/&lt;/p&gt;', '');
INSERT INTO `PREFIX_DB_aridius_news_description` (`aridius_news_id`, `language_id`, `title`, `meta_description`, `meta_title`, `description`, `meta_keyword`) VALUES ('2', '2', 'Домашний TV центр', '', '', '&lt;p&gt;&amp;nbsp;&lt;/p&gt;&lt;p&gt;Исключительно красив, необычайно умен: подскажет тебе то, что нужно именно в этот момент, именно в этом месте.&lt;/p&gt;&lt;p&gt;&amp;nbsp;&lt;/p&gt;&lt;p&gt;Жизнь неповторима - живи по полной!&lt;/p&gt;&lt;p&gt;&amp;nbsp;&lt;/p&gt;&lt;p&gt;Двухцветный металлический корпус с зеркальной окантовкой. Скругленные углы и эргономичные формы – этот смартфон создан повторять контуры твоей руки и обеспечивать максимальный комфорт. Цельная задняя панель имеет изогнутую поверхность, ставшую визитной карточкой легендарных смартфонов серии HTC One.&lt;/p&gt;&lt;p&gt;&amp;nbsp;&lt;/p&gt;&lt;p&gt;Со смартфоном HTC One M9 возможности персонализации устройства выходят на принципиально новый уровень. Приложение HTC «Тема» позволяет оформить рабочие экраны по-своему – используй любимые фотографии и картинки с онлайн-ресурсов. Меняй форму и размер иконок, мелодии звонка и даже обои – теперь все в твоих руках!&lt;/p&gt;&lt;p&gt;&amp;nbsp;&lt;/p&gt;&lt;p&gt;Основная камера 20 МП и фронтальная камера с технологией HTC UltraPixel™ позволят тебе контролировать съемочный процесс «от» и «до». Мощные инструменты из HTC Eye Experience позволят тебе снимать двумя камерами одновременно, делать селфи при помощи голосовых команд, ещё до момента съемки – в процессе визирования – использовать фильтры для ретуши и многое другое. А приложение Zoe позволит монтировать видеоролики, комбинируя свои материалы с фотографиями и видео, снятыми друзьями.&lt;/p&gt;&lt;p&gt;Наслаждайся потрясающими фото – с любой камерой HTC One M9.&lt;/p&gt;&lt;p&gt;Смартфон HTC One M9 создавался в сотрудничестве с лабораторией Dolby, благодаря которому теперь ты будешь слышать объемный звук – как в настоящем кинотеатре. HTC BoomSound™ с Dolby Audio прекрасно справляется с музыкой любой сложности и любого жанра - ему по силам даже многоканальные треки с YouTube.&lt;/p&gt;&lt;p&gt;Твои игры и фильмы звучат потрясающе как через встроенные динамики, так и в наушниках. Такого ты ещё не слышал!источник: http://htc.com/&lt;/p&gt;', '');
INSERT INTO `PREFIX_DB_aridius_news_description` (`aridius_news_id`, `language_id`, `title`, `meta_description`, `meta_title`, `description`, `meta_keyword`) VALUES ('3', '1', 'Смартфон HTC One M9', '', '', '&lt;p&gt;Исключительно красив, необычайно умен: подскажет тебе то, что нужно именно в этот момент, именно в этом месте.&lt;/p&gt;&lt;p&gt;Жизнь неповторима - живи по полной!&lt;/p&gt;&lt;p&gt;Двухцветный металлический корпус с зеркальной окантовкой. Скругленные углы и эргономичные формы – этот смартфон создан повторять контуры твоей руки и обеспечивать максимальный комфорт. Цельная задняя панель имеет изогнутую поверхность, ставшую визитной карточкой легендарных смартфонов серии HTC One.&lt;/p&gt;&lt;p&gt;Со смартфоном HTC One M9 возможности персонализации устройства выходят на принципиально новый уровень. Приложение HTC «Тема» позволяет оформить рабочие экраны по-своему – используй любимые фотографии и картинки с онлайн-ресурсов. Меняй форму и размер иконок, мелодии звонка и даже обои – теперь все в твоих руках!&lt;/p&gt;&lt;p&gt;Основная камера 20 МП и фронтальная камера с технологией HTC UltraPixel™ позволят тебе контролировать съемочный процесс «от» и «до». Мощные инструменты из HTC Eye Experience позволят тебе снимать двумя камерами одновременно, делать селфи при помощи голосовых команд, ещё до момента съемки – в процессе визирования – использовать фильтры для ретуши и многое другое. А приложение Zoe позволит монтировать видеоролики, комбинируя свои материалы с фотографиями и видео, снятыми друзьями.&lt;/p&gt;&lt;p&gt;Наслаждайся потрясающими фото – с любой камерой HTC One M9.&lt;/p&gt;&lt;p&gt;Смартфон HTC One M9 создавался в сотрудничестве с лабораторией Dolby, благодаря которому теперь ты будешь слышать объемный звук – как в настоящем кинотеатре. HTC BoomSound™ с Dolby Audio прекрасно справляется с музыкой любой сложности и любого жанра - ему по силам даже многоканальные треки с YouTube.&lt;/p&gt;&lt;p&gt;Твои игры и фильмы звучат потрясающе как через встроенные динамики, так и в наушниках. Такого ты ещё не слышал!источник: http://htc.com/&lt;/p&gt;', '');
INSERT INTO `PREFIX_DB_aridius_news_description` (`aridius_news_id`, `language_id`, `title`, `meta_description`, `meta_title`, `description`, `meta_keyword`) VALUES ('3', '2', 'Смартфон HTC One M9', '', '', '&lt;p&gt;&amp;nbsp;&lt;/p&gt;&lt;p&gt;Исключительно красив, необычайно умен: подскажет тебе то, что нужно именно в этот момент, именно в этом месте.&lt;/p&gt;&lt;p&gt;&amp;nbsp;&lt;/p&gt;&lt;p&gt;Жизнь неповторима - живи по полной!&lt;/p&gt;&lt;p&gt;&amp;nbsp;&lt;/p&gt;&lt;p&gt;Двухцветный металлический корпус с зеркальной окантовкой. Скругленные углы и эргономичные формы – этот смартфон создан повторять контуры твоей руки и обеспечивать максимальный комфорт. Цельная задняя панель имеет изогнутую поверхность, ставшую визитной карточкой легендарных смартфонов серии HTC One.&lt;/p&gt;&lt;p&gt;&amp;nbsp;&lt;/p&gt;&lt;p&gt;Со смартфоном HTC One M9 возможности персонализации устройства выходят на принципиально новый уровень. Приложение HTC «Тема» позволяет оформить рабочие экраны по-своему – используй любимые фотографии и картинки с онлайн-ресурсов. Меняй форму и размер иконок, мелодии звонка и даже обои – теперь все в твоих руках!&lt;/p&gt;&lt;p&gt;&amp;nbsp;&lt;/p&gt;&lt;p&gt;Основная камера 20 МП и фронтальная камера с технологией HTC UltraPixel™ позволят тебе контролировать съемочный процесс «от» и «до». Мощные инструменты из HTC Eye Experience позволят тебе снимать двумя камерами одновременно, делать селфи при помощи голосовых команд, ещё до момента съемки – в процессе визирования – использовать фильтры для ретуши и многое другое. А приложение Zoe позволит монтировать видеоролики, комбинируя свои материалы с фотографиями и видео, снятыми друзьями.&lt;/p&gt;&lt;p&gt;Наслаждайся потрясающими фото – с любой камерой HTC One M9.&lt;/p&gt;&lt;p&gt;Смартфон HTC One M9 создавался в сотрудничестве с лабораторией Dolby, благодаря которому теперь ты будешь слышать объемный звук – как в настоящем кинотеатре. HTC BoomSound™ с Dolby Audio прекрасно справляется с музыкой любой сложности и любого жанра - ему по силам даже многоканальные треки с YouTube.&lt;/p&gt;&lt;p&gt;Твои игры и фильмы звучат потрясающе как через встроенные динамики, так и в наушниках. Такого ты ещё не слышал!источник: http://htc.com/&lt;/p&gt;', '');
INSERT INTO `PREFIX_DB_aridius_news_description` (`aridius_news_id`, `language_id`, `title`, `meta_description`, `meta_title`, `description`, `meta_keyword`) VALUES ('4', '1', 'Телевизоры Samsung', '', '', '&lt;p&gt;Исключительно красив, необычайно умен: подскажет тебе то, что нужно именно в этот момент, именно в этом месте.&lt;/p&gt;&lt;p&gt;Жизнь неповторима - живи по полной!&lt;/p&gt;&lt;p&gt;Двухцветный металлический корпус с зеркальной окантовкой. Скругленные углы и эргономичные формы – этот смартфон создан повторять контуры твоей руки и обеспечивать максимальный комфорт. Цельная задняя панель имеет изогнутую поверхность, ставшую визитной карточкой легендарных смартфонов серии HTC One.&lt;/p&gt;&lt;p&gt;Со смартфоном HTC One M9 возможности персонализации устройства выходят на принципиально новый уровень. Приложение HTC «Тема» позволяет оформить рабочие экраны по-своему – используй любимые фотографии и картинки с онлайн-ресурсов. Меняй форму и размер иконок, мелодии звонка и даже обои – теперь все в твоих руках!&lt;/p&gt;&lt;p&gt;Основная камера 20 МП и фронтальная камера с технологией HTC UltraPixel™ позволят тебе контролировать съемочный процесс «от» и «до». Мощные инструменты из HTC Eye Experience позволят тебе снимать двумя камерами одновременно, делать селфи при помощи голосовых команд, ещё до момента съемки – в процессе визирования – использовать фильтры для ретуши и многое другое. А приложение Zoe позволит монтировать видеоролики, комбинируя свои материалы с фотографиями и видео, снятыми друзьями.&lt;/p&gt;&lt;p&gt;Наслаждайся потрясающими фото – с любой камерой HTC One M9.&lt;/p&gt;&lt;p&gt;Смартфон HTC One M9 создавался в сотрудничестве с лабораторией Dolby, благодаря которому теперь ты будешь слышать объемный звук – как в настоящем кинотеатре. HTC BoomSound™ с Dolby Audio прекрасно справляется с музыкой любой сложности и любого жанра - ему по силам даже многоканальные треки с YouTube.&lt;/p&gt;&lt;p&gt;Твои игры и фильмы звучат потрясающе как через встроенные динамики, так и в наушниках. Такого ты ещё не слышал!источник: http://htc.com/&lt;/p&gt;', '');
INSERT INTO `PREFIX_DB_aridius_news_description` (`aridius_news_id`, `language_id`, `title`, `meta_description`, `meta_title`, `description`, `meta_keyword`) VALUES ('4', '2', 'Телевизоры Samsung', '', '', '&lt;p&gt;Исключительно красив, необычайно умен: подскажет тебе то, что нужно именно в этот момент, именно в этом месте.&lt;/p&gt;&lt;p&gt;&amp;nbsp;&lt;/p&gt;&lt;p&gt;Жизнь неповторима - живи по полной!&lt;/p&gt;&lt;p&gt;&amp;nbsp;&lt;/p&gt;&lt;p&gt;Двухцветный металлический корпус с зеркальной окантовкой. Скругленные углы и эргономичные формы – этот смартфон создан повторять контуры твоей руки и обеспечивать максимальный комфорт. Цельная задняя панель имеет изогнутую поверхность, ставшую визитной карточкой легендарных смартфонов серии HTC One.&lt;/p&gt;&lt;p&gt;&amp;nbsp;&lt;/p&gt;&lt;p&gt;Со смартфоном HTC One M9 возможности персонализации устройства выходят на принципиально новый уровень. Приложение HTC «Тема» позволяет оформить рабочие экраны по-своему – используй любимые фотографии и картинки с онлайн-ресурсов. Меняй форму и размер иконок, мелодии звонка и даже обои – теперь все в твоих руках!&lt;/p&gt;&lt;p&gt;&amp;nbsp;&lt;/p&gt;&lt;p&gt;Основная камера 20 МП и фронтальная камера с технологией HTC UltraPixel™ позволят тебе контролировать съемочный процесс «от» и «до». Мощные инструменты из HTC Eye Experience позволят тебе снимать двумя камерами одновременно, делать селфи при помощи голосовых команд, ещё до момента съемки – в процессе визирования – использовать фильтры для ретуши и многое другое. А приложение Zoe позволит монтировать видеоролики, комбинируя свои материалы с фотографиями и видео, снятыми друзьями.&lt;/p&gt;&lt;p&gt;Наслаждайся потрясающими фото – с любой камерой HTC One M9.&lt;/p&gt;&lt;p&gt;Смартфон HTC One M9 создавался в сотрудничестве с лабораторией Dolby, благодаря которому теперь ты будешь слышать объемный звук – как в настоящем кинотеатре. HTC BoomSound™ с Dolby Audio прекрасно справляется с музыкой любой сложности и любого жанра - ему по силам даже многоканальные треки с YouTube.&lt;/p&gt;&lt;p&gt;Твои игры и фильмы звучат потрясающе как через встроенные динамики, так и в наушниках. Такого ты ещё не слышал!источник: http://htc.com/&lt;/p&gt;', '');
INSERT INTO `PREFIX_DB_aridius_news_description` (`aridius_news_id`, `language_id`, `title`, `meta_description`, `meta_title`, `description`, `meta_keyword`) VALUES ('5', '1', 'Тонкие LED - телевизоры Samsung', '', '', '&lt;p&gt;Все содержимое на одном большом экране&lt;/p&gt;&lt;p&gt;Мгновенно отображайте на экране телевизора любое содержимое. Просто подключите к телевизору USB-накопитель и наслаждайтесь фильмами, фотографиями и видеоклипами на большом экране. Благодаря входным разъемам HDMI можно с необходимой скоростью передавать на телеэкран цифровые данные высокого разрешения. Так что всем, что вы захотите просмотреть, отныне можно наслаждаться в комфорте своей комнаты на большом экране телевизора Samsung.&lt;br /&gt;&lt;br /&gt;С помощью функции Screen Mirroring можно с невероятной легкостью просматривать содержимое с мобильных устройств на телеэкране. При этом вам даже не придется изменять источник телевизионного сигнала. Просто откройте панель уведомлений на мобильном устройстве, щелкните значок Screen Mirroring и выберите телевизор. Подобным же образом можно наслаждаться любимыми приложениями, играми и прочим на большом экране.&lt;br /&gt;&lt;br /&gt;*&amp;nbsp;Функция Screen Mirroring недоступна в Сирии&lt;/p&gt;&lt;p&gt;Тонкий и обтекаемый, идеально соответствующий цифровой эре&lt;/p&gt;&lt;p&gt;Что же удерживает вас от покупки? Пришло время отказаться от громоздкого телевизора на электронно-лучевой трубке и приобрести тонкий, цифровой и недорогой LED-телевизор Samsung. Вы сможете приобщиться к миру телевидения высокой четкости и наслаждаться великолепным изображением на ярком светодиодном экране. Его можно подключить к цифровой телевизионной абонентской приставке, после чего в вашем распоряжении окажется множество телеканалов.&lt;/p&gt;', '');
INSERT INTO `PREFIX_DB_aridius_news_description` (`aridius_news_id`, `language_id`, `title`, `meta_description`, `meta_title`, `description`, `meta_keyword`) VALUES ('5', '2', 'Тонкие LED - телевизоры Samsung', '', '', '&lt;p&gt;&amp;nbsp;&lt;/p&gt;&lt;p&gt;Все содержимое на одном большом экране&lt;/p&gt;&lt;p&gt;&amp;nbsp;&lt;/p&gt;&lt;p&gt;Мгновенно отображайте на экране телевизора любое содержимое. Просто подключите к телевизору USB-накопитель и наслаждайтесь фильмами, фотографиями и видеоклипами на большом экране. Благодаря входным разъемам HDMI можно с необходимой скоростью передавать на телеэкран цифровые данные высокого разрешения. Так что всем, что вы захотите просмотреть, отныне можно наслаждаться в комфорте своей комнаты на большом экране телевизора Samsung.&lt;br /&gt;&lt;br /&gt;С помощью функции Screen Mirroring можно с невероятной легкостью просматривать содержимое с мобильных устройств на телеэкране. При этом вам даже не придется изменять источник телевизионного сигнала. Просто откройте панель уведомлений на мобильном устройстве, щелкните значок Screen Mirroring и выберите телевизор. Подобным же образом можно наслаждаться любимыми приложениями, играми и прочим на большом экране.&lt;br /&gt;&lt;br /&gt;*&amp;nbsp;Функция Screen Mirroring недоступна в Сирии&lt;/p&gt;&lt;p&gt;&amp;nbsp;&lt;/p&gt;&lt;p&gt;Тонкий и обтекаемый, идеально соответствующий цифровой эре&lt;/p&gt;&lt;p&gt;&amp;nbsp;&lt;/p&gt;&lt;p&gt;Что же удерживает вас от покупки? Пришло время отказаться от громоздкого телевизора на электронно-лучевой трубке и приобрести тонкий, цифровой и недорогой LED-телевизор Samsung. Вы сможете приобщиться к миру телевидения высокой четкости и наслаждаться великолепным изображением на ярком светодиодном экране. Его можно подключить к цифровой телевизионной абонентской приставке, после чего в вашем распоряжении окажется множество телеканалов.&lt;/p&gt;&lt;p&gt;&amp;nbsp;&lt;/p&gt;', '');


TRUNCATE TABLE `PREFIX_DB_aridius_news_product_related`;

INSERT INTO `PREFIX_DB_aridius_news_product_related` (`aridius_news_id`, `product_id`) VALUES ('1', '52');
INSERT INTO `PREFIX_DB_aridius_news_product_related` (`aridius_news_id`, `product_id`) VALUES ('1', '71');
INSERT INTO `PREFIX_DB_aridius_news_product_related` (`aridius_news_id`, `product_id`) VALUES ('1', '72');
INSERT INTO `PREFIX_DB_aridius_news_product_related` (`aridius_news_id`, `product_id`) VALUES ('1', '73');
INSERT INTO `PREFIX_DB_aridius_news_product_related` (`aridius_news_id`, `product_id`) VALUES ('1', '74');
INSERT INTO `PREFIX_DB_aridius_news_product_related` (`aridius_news_id`, `product_id`) VALUES ('1', '78');
INSERT INTO `PREFIX_DB_aridius_news_product_related` (`aridius_news_id`, `product_id`) VALUES ('1', '80');
INSERT INTO `PREFIX_DB_aridius_news_product_related` (`aridius_news_id`, `product_id`) VALUES ('2', '52');
INSERT INTO `PREFIX_DB_aridius_news_product_related` (`aridius_news_id`, `product_id`) VALUES ('2', '72');
INSERT INTO `PREFIX_DB_aridius_news_product_related` (`aridius_news_id`, `product_id`) VALUES ('2', '73');
INSERT INTO `PREFIX_DB_aridius_news_product_related` (`aridius_news_id`, `product_id`) VALUES ('2', '74');
INSERT INTO `PREFIX_DB_aridius_news_product_related` (`aridius_news_id`, `product_id`) VALUES ('2', '78');
INSERT INTO `PREFIX_DB_aridius_news_product_related` (`aridius_news_id`, `product_id`) VALUES ('2', '80');
INSERT INTO `PREFIX_DB_aridius_news_product_related` (`aridius_news_id`, `product_id`) VALUES ('3', '52');
INSERT INTO `PREFIX_DB_aridius_news_product_related` (`aridius_news_id`, `product_id`) VALUES ('3', '72');
INSERT INTO `PREFIX_DB_aridius_news_product_related` (`aridius_news_id`, `product_id`) VALUES ('3', '73');
INSERT INTO `PREFIX_DB_aridius_news_product_related` (`aridius_news_id`, `product_id`) VALUES ('3', '74');
INSERT INTO `PREFIX_DB_aridius_news_product_related` (`aridius_news_id`, `product_id`) VALUES ('3', '78');
INSERT INTO `PREFIX_DB_aridius_news_product_related` (`aridius_news_id`, `product_id`) VALUES ('3', '80');
INSERT INTO `PREFIX_DB_aridius_news_product_related` (`aridius_news_id`, `product_id`) VALUES ('4', '52');
INSERT INTO `PREFIX_DB_aridius_news_product_related` (`aridius_news_id`, `product_id`) VALUES ('4', '72');
INSERT INTO `PREFIX_DB_aridius_news_product_related` (`aridius_news_id`, `product_id`) VALUES ('4', '73');
INSERT INTO `PREFIX_DB_aridius_news_product_related` (`aridius_news_id`, `product_id`) VALUES ('4', '74');
INSERT INTO `PREFIX_DB_aridius_news_product_related` (`aridius_news_id`, `product_id`) VALUES ('4', '78');
INSERT INTO `PREFIX_DB_aridius_news_product_related` (`aridius_news_id`, `product_id`) VALUES ('4', '80');
INSERT INTO `PREFIX_DB_aridius_news_product_related` (`aridius_news_id`, `product_id`) VALUES ('5', '52');
INSERT INTO `PREFIX_DB_aridius_news_product_related` (`aridius_news_id`, `product_id`) VALUES ('5', '72');
INSERT INTO `PREFIX_DB_aridius_news_product_related` (`aridius_news_id`, `product_id`) VALUES ('5', '73');
INSERT INTO `PREFIX_DB_aridius_news_product_related` (`aridius_news_id`, `product_id`) VALUES ('5', '74');
INSERT INTO `PREFIX_DB_aridius_news_product_related` (`aridius_news_id`, `product_id`) VALUES ('5', '78');
INSERT INTO `PREFIX_DB_aridius_news_product_related` (`aridius_news_id`, `product_id`) VALUES ('5', '80');


TRUNCATE TABLE `PREFIX_DB_aridius_news_related`;

INSERT INTO `PREFIX_DB_aridius_news_related` (`aridius_news_id`, `related_aridius_news_id`) VALUES ('1', '2');
INSERT INTO `PREFIX_DB_aridius_news_related` (`aridius_news_id`, `related_aridius_news_id`) VALUES ('1', '3');
INSERT INTO `PREFIX_DB_aridius_news_related` (`aridius_news_id`, `related_aridius_news_id`) VALUES ('1', '4');
INSERT INTO `PREFIX_DB_aridius_news_related` (`aridius_news_id`, `related_aridius_news_id`) VALUES ('1', '5');
INSERT INTO `PREFIX_DB_aridius_news_related` (`aridius_news_id`, `related_aridius_news_id`) VALUES ('2', '1');
INSERT INTO `PREFIX_DB_aridius_news_related` (`aridius_news_id`, `related_aridius_news_id`) VALUES ('2', '3');
INSERT INTO `PREFIX_DB_aridius_news_related` (`aridius_news_id`, `related_aridius_news_id`) VALUES ('2', '4');
INSERT INTO `PREFIX_DB_aridius_news_related` (`aridius_news_id`, `related_aridius_news_id`) VALUES ('2', '5');
INSERT INTO `PREFIX_DB_aridius_news_related` (`aridius_news_id`, `related_aridius_news_id`) VALUES ('3', '1');
INSERT INTO `PREFIX_DB_aridius_news_related` (`aridius_news_id`, `related_aridius_news_id`) VALUES ('3', '2');
INSERT INTO `PREFIX_DB_aridius_news_related` (`aridius_news_id`, `related_aridius_news_id`) VALUES ('3', '4');
INSERT INTO `PREFIX_DB_aridius_news_related` (`aridius_news_id`, `related_aridius_news_id`) VALUES ('3', '5');
INSERT INTO `PREFIX_DB_aridius_news_related` (`aridius_news_id`, `related_aridius_news_id`) VALUES ('4', '1');
INSERT INTO `PREFIX_DB_aridius_news_related` (`aridius_news_id`, `related_aridius_news_id`) VALUES ('4', '2');
INSERT INTO `PREFIX_DB_aridius_news_related` (`aridius_news_id`, `related_aridius_news_id`) VALUES ('4', '3');
INSERT INTO `PREFIX_DB_aridius_news_related` (`aridius_news_id`, `related_aridius_news_id`) VALUES ('4', '5');
INSERT INTO `PREFIX_DB_aridius_news_related` (`aridius_news_id`, `related_aridius_news_id`) VALUES ('5', '1');
INSERT INTO `PREFIX_DB_aridius_news_related` (`aridius_news_id`, `related_aridius_news_id`) VALUES ('5', '2');
INSERT INTO `PREFIX_DB_aridius_news_related` (`aridius_news_id`, `related_aridius_news_id`) VALUES ('5', '3');
INSERT INTO `PREFIX_DB_aridius_news_related` (`aridius_news_id`, `related_aridius_news_id`) VALUES ('5', '4');


TRUNCATE TABLE `PREFIX_DB_aridius_news_to_store`;

INSERT INTO `PREFIX_DB_aridius_news_to_store` (`aridius_news_id`, `store_id`) VALUES ('1', '0');
INSERT INTO `PREFIX_DB_aridius_news_to_store` (`aridius_news_id`, `store_id`) VALUES ('2', '0');
INSERT INTO `PREFIX_DB_aridius_news_to_store` (`aridius_news_id`, `store_id`) VALUES ('3', '0');
INSERT INTO `PREFIX_DB_aridius_news_to_store` (`aridius_news_id`, `store_id`) VALUES ('4', '0');
INSERT INTO `PREFIX_DB_aridius_news_to_store` (`aridius_news_id`, `store_id`) VALUES ('5', '0');


TRUNCATE TABLE `PREFIX_DB_aridius_review_news`;

INSERT INTO `PREFIX_DB_aridius_review_news` (`review_id`, `parent_id`, `customer_id`, `news_id`, `author`, `text`, `status`, `date_added`, `date_modified`) VALUES ('5', '0', '0', '3', 'Виктор', 'Всем доброго времени суток, в том числе и диванным аналитикам не способным купить данный аппарат, цена его действительно не как у китайского хлама, но тем не менее с пеной со рта доказывающих что телефон не очень))). Но, аппарат действительно стоит своих денег и на все 100 процентов. В данном телефоне есть своя история, так сказать родословная, его не спутать ни с самсунгами ни с соньками и т.д., ONЕ M9 самобытен и оригинален и тем самым интересен людям статусным и самодостаточным в том числе и в финансовом плане. Качество материалов в данном аппарате на высоте, цельный кусок алюминия, очень качественный и яркий дисплей, шикарнейший звук, не самый громкий среди смартов но самый приятный и чистый, отличный прием сигналов wifi, gsm,gps,glonas, наличие инфракрасного передатчика, управляет практически всей домашней электроникой, особенно прикольно в магазинах все телевизоры, кондиционеры и т.д. включать нервируя персонал))) ', '1', '2017-03-12 11:00:50', '2017-03-12 11:01:09');
INSERT INTO `PREFIX_DB_aridius_review_news` (`review_id`, `parent_id`, `customer_id`, `news_id`, `author`, `text`, `status`, `date_added`, `date_modified`) VALUES ('6', '5', '0', '3', 'Денис', '+1 пока друзья с сони бродят и грустят я уже несколько недель юзаю 6 андроид)', '1', '2017-03-12 11:01:45', '2017-03-12 11:01:52');
INSERT INTO `PREFIX_DB_aridius_review_news` (`review_id`, `parent_id`, `customer_id`, `news_id`, `author`, `text`, `status`, `date_added`, `date_modified`) VALUES ('7', '0', '0', '2', 'Максим', 'Здравствуйте, сегодня пришли edifier S760D. Достал, подключил и ни чего не произошло, басов вообще нет, и играют для такой цены очень тихо, через aux побывал и оптику, через 30-50 минут тыкая туда сюда между телефоном и теликом появились басы по оптике но через аукс так и нет. Кто может с таким сталкивался подскажите, или их отправлять по гарнтии пока время не прошло или там есть какие другие настройки кроме просто бас на крутить. Прошу помочь знающих. Заранее благодарю.', '1', '2017-03-12 11:03:47', '2017-03-12 11:03:54');
INSERT INTO `PREFIX_DB_aridius_review_news` (`review_id`, `parent_id`, `customer_id`, `news_id`, `author`, `text`, `status`, `date_added`, `date_modified`) VALUES ('8', '7', '0', '2', 'Представитель компании', 'Возможно нужно поднять уровень сигнала на источнике? В этой модели есть регуляторы НЧ и сабвуфера. Рекомендуется все коррекции держать в средних положениях - так тракт работает наиболее линейно.', '1', '2017-03-12 11:04:16', '2017-03-12 11:04:23');
INSERT INTO `PREFIX_DB_aridius_review_news` (`review_id`, `parent_id`, `customer_id`, `news_id`, `author`, `text`, `status`, `date_added`, `date_modified`) VALUES ('9', '0', '0', '5', 'Юра ', 'Рекомендую подключить сервис &quot;Современное ТВ&quot; около 600 телеканалов из них более 120 в HD качестве. ', '1', '2017-03-12 11:06:23', '2017-03-12 11:06:31');
INSERT INTO `PREFIX_DB_aridius_review_news` (`review_id`, `parent_id`, `customer_id`, `news_id`, `author`, `text`, `status`, `date_added`, `date_modified`) VALUES ('10', '9', '0', '5', 'Андрей', 'Согласен - отличное решение. Ещё можно интелект.тв... Скачиваете с их официального сайта приложение на флешку и когда флешку подключаете к телику, то приложение автоматически появляется в смарт меню.', '1', '2017-03-12 11:06:49', '2017-03-12 11:06:56');
INSERT INTO `PREFIX_DB_aridius_review_news` (`review_id`, `parent_id`, `customer_id`, `news_id`, `author`, `text`, `status`, `date_added`, `date_modified`) VALUES ('11', '0', '0', '4', 'Юра ', 'Рекомендую подключить сервис &quot;Современное ТВ&quot; около 600 телеканалов из них более 120 в HD качестве.', '1', '2017-03-12 11:07:28', '2017-03-12 11:07:34');
INSERT INTO `PREFIX_DB_aridius_review_news` (`review_id`, `parent_id`, `customer_id`, `news_id`, `author`, `text`, `status`, `date_added`, `date_modified`) VALUES ('12', '11', '0', '4', 'Андрей', 'Согласен - отличное решение. Ещё можно интелект.тв... Скачиваете с их официального сайта приложение на флешку и когда флешку подключаете к телику, то приложение автоматически появляется в смарт меню.', '1', '2017-03-12 11:07:52', '2017-03-12 11:07:58');
INSERT INTO `PREFIX_DB_aridius_review_news` (`review_id`, `parent_id`, `customer_id`, `news_id`, `author`, `text`, `status`, `date_added`, `date_modified`) VALUES ('13', '0', '0', '1', 'Елена', 'Подскажите! Есть ли в этом телефоне функция измерения давления или пульса,может и того и другого?', '1', '2017-03-12 11:09:33', '2017-03-12 11:09:39');
INSERT INTO `PREFIX_DB_aridius_review_news` (`review_id`, `parent_id`, `customer_id`, `news_id`, `author`, `text`, `status`, `date_added`, `date_modified`) VALUES ('14', '13', '0', '1', 'Сергей', 'Есть измерение:- пульс- насыщенность крови кислородом- уровень стреса', '1', '2017-03-12 11:09:54', '2017-03-12 11:10:01');


TRUNCATE TABLE `PREFIX_DB_aridius_review_store`;

INSERT INTO `PREFIX_DB_aridius_review_store` (`review_id`, `parent`, `customer_id`, `author`, `text`, `rating`, `status`, `date_added`, `date_modified`) VALUES ('1', '0', '0', 'Сергей', 'Быстрота обработки заказа, очень приветливый и приятный диспетчер, оперативная доставка телефона по наиболее низкой цене', '5', '1', '2017-03-02 11:32:49', '2017-03-02 11:33:59');
INSERT INTO `PREFIX_DB_aridius_review_store` (`review_id`, `parent`, `customer_id`, `author`, `text`, `rating`, `status`, `date_added`, `date_modified`) VALUES ('2', '0', '0', 'Валерий', 'Все бы хорошо, но стал пробивать купленный телефон на оригинальность........и все упало - китайская подделка! Почему сложно за ДЕНЬГИ торговать оригиналом??? Люди будьте бдительны!!!', '3', '1', '2017-03-02 11:33:03', '2017-03-02 11:33:55');
INSERT INTO `PREFIX_DB_aridius_review_store` (`review_id`, `parent`, `customer_id`, `author`, `text`, `rating`, `status`, `date_added`, `date_modified`) VALUES ('3', '2', '0', 'Менеджер магазина', 'Мы не торгуем подделками.', '1', '1', '2017-03-02 11:34:14', '2017-03-02 11:34:21');


TRUNCATE TABLE `PREFIX_DB_aridiuscallback`;

INSERT INTO `PREFIX_DB_aridiuscallback` (`order_id`, `product_id`, `contact`, `firstname`, `email`, `comment`, `comment_manager`, `status`, `time_in`, `time_off`, `date_added`) VALUES ('1', '0', '+7(888) 888-8888', 'рррррррррр', 'gdfgdf@mail.ru', '', '', '0', '00:00:00', '00:00:00', '2017-03-09 12:33:29');


TRUNCATE TABLE `PREFIX_DB_aridiusfastorder`;

INSERT INTO `PREFIX_DB_aridiusfastorder` (`order_id`, `product_id`, `product_option_value_id`, `contact`, `firstname`, `email`, `comment`, `comment_manager`, `product_name`, `quantity`, `status`, `format_option`, `total`, `date_added`, `currency_id`, `currency_code`, `currency_value`) VALUES ('1', '71', '0', '+38(545) 555-5555', 'tyyrtyrty', 'gfhgf@mail.ru', '', '', 'Apple iPhone 7 Plus 256GB Jet Black', '1', '0', '', '67500.0000', '2017-03-12 11:45:55', '1', 'RUB', '1.00000000');




REPLACE INTO `PREFIX_DB_extension` (`extension_id`, `type`, `code`) VALUES ('1', 'payment', 'cod');
REPLACE INTO `PREFIX_DB_extension` (`extension_id`, `type`, `code`) VALUES ('2', 'total', 'shipping');
REPLACE INTO `PREFIX_DB_extension` (`extension_id`, `type`, `code`) VALUES ('3', 'total', 'sub_total');
REPLACE INTO `PREFIX_DB_extension` (`extension_id`, `type`, `code`) VALUES ('4', 'total', 'tax');
REPLACE INTO `PREFIX_DB_extension` (`extension_id`, `type`, `code`) VALUES ('5', 'total', 'total');
REPLACE INTO `PREFIX_DB_extension` (`extension_id`, `type`, `code`) VALUES ('6', 'module', 'banner');
REPLACE INTO `PREFIX_DB_extension` (`extension_id`, `type`, `code`) VALUES ('7', 'module', 'carousel');
REPLACE INTO `PREFIX_DB_extension` (`extension_id`, `type`, `code`) VALUES ('8', 'total', 'credit');
REPLACE INTO `PREFIX_DB_extension` (`extension_id`, `type`, `code`) VALUES ('9', 'shipping', 'flat');
REPLACE INTO `PREFIX_DB_extension` (`extension_id`, `type`, `code`) VALUES ('10', 'total', 'handling');
REPLACE INTO `PREFIX_DB_extension` (`extension_id`, `type`, `code`) VALUES ('11', 'total', 'low_order_fee');
REPLACE INTO `PREFIX_DB_extension` (`extension_id`, `type`, `code`) VALUES ('12', 'total', 'coupon');
REPLACE INTO `PREFIX_DB_extension` (`extension_id`, `type`, `code`) VALUES ('13', 'module', 'category');
REPLACE INTO `PREFIX_DB_extension` (`extension_id`, `type`, `code`) VALUES ('14', 'module', 'account');
REPLACE INTO `PREFIX_DB_extension` (`extension_id`, `type`, `code`) VALUES ('15', 'total', 'reward');
REPLACE INTO `PREFIX_DB_extension` (`extension_id`, `type`, `code`) VALUES ('16', 'total', 'voucher');
REPLACE INTO `PREFIX_DB_extension` (`extension_id`, `type`, `code`) VALUES ('17', 'payment', 'free_checkout');
REPLACE INTO `PREFIX_DB_extension` (`extension_id`, `type`, `code`) VALUES ('18', 'module', 'featured');
REPLACE INTO `PREFIX_DB_extension` (`extension_id`, `type`, `code`) VALUES ('19', 'module', 'slideshow');
REPLACE INTO `PREFIX_DB_extension` (`extension_id`, `type`, `code`) VALUES ('20', 'theme', 'theme_default');
REPLACE INTO `PREFIX_DB_extension` (`extension_id`, `type`, `code`) VALUES ('21', 'dashboard', 'activity');
REPLACE INTO `PREFIX_DB_extension` (`extension_id`, `type`, `code`) VALUES ('22', 'dashboard', 'sale');
REPLACE INTO `PREFIX_DB_extension` (`extension_id`, `type`, `code`) VALUES ('23', 'dashboard', 'recent');
REPLACE INTO `PREFIX_DB_extension` (`extension_id`, `type`, `code`) VALUES ('24', 'dashboard', 'order');
REPLACE INTO `PREFIX_DB_extension` (`extension_id`, `type`, `code`) VALUES ('25', 'dashboard', 'online');
REPLACE INTO `PREFIX_DB_extension` (`extension_id`, `type`, `code`) VALUES ('26', 'dashboard', 'map');
REPLACE INTO `PREFIX_DB_extension` (`extension_id`, `type`, `code`) VALUES ('27', 'dashboard', 'customer');
REPLACE INTO `PREFIX_DB_extension` (`extension_id`, `type`, `code`) VALUES ('28', 'dashboard', 'chart');
REPLACE INTO `PREFIX_DB_extension` (`extension_id`, `type`, `code`) VALUES ('29', 'theme', 'modern');
REPLACE INTO `PREFIX_DB_extension` (`extension_id`, `type`, `code`) VALUES ('30', 'module', 'aridius_catwall');
REPLACE INTO `PREFIX_DB_extension` (`extension_id`, `type`, `code`) VALUES ('31', 'module', 'aridius_tab');
REPLACE INTO `PREFIX_DB_extension` (`extension_id`, `type`, `code`) VALUES ('32', 'module', 'aridius_bestseller');
REPLACE INTO `PREFIX_DB_extension` (`extension_id`, `type`, `code`) VALUES ('33', 'module', 'aridius_special');
REPLACE INTO `PREFIX_DB_extension` (`extension_id`, `type`, `code`) VALUES ('34', 'module', 'aridius_latest');
REPLACE INTO `PREFIX_DB_extension` (`extension_id`, `type`, `code`) VALUES ('35', 'module', 'aridius_featured');
REPLACE INTO `PREFIX_DB_extension` (`extension_id`, `type`, `code`) VALUES ('36', 'module', 'aridius_pr_review');
REPLACE INTO `PREFIX_DB_extension` (`extension_id`, `type`, `code`) VALUES ('54', 'module', 'aridius_letters');
REPLACE INTO `PREFIX_DB_extension` (`extension_id`, `type`, `code`) VALUES ('38', 'module', 'aridius_news');
REPLACE INTO `PREFIX_DB_extension` (`extension_id`, `type`, `code`) VALUES ('39', 'module', 'aridiuscallback');
REPLACE INTO `PREFIX_DB_extension` (`extension_id`, `type`, `code`) VALUES ('40', 'module', 'aridius_livesearch');
REPLACE INTO `PREFIX_DB_extension` (`extension_id`, `type`, `code`) VALUES ('41', 'module', 'aridius_faq');
REPLACE INTO `PREFIX_DB_extension` (`extension_id`, `type`, `code`) VALUES ('42', 'module', 'aridius_qckview');
REPLACE INTO `PREFIX_DB_extension` (`extension_id`, `type`, `code`) VALUES ('43', 'module', 'aridius_category_accordion');
REPLACE INTO `PREFIX_DB_extension` (`extension_id`, `type`, `code`) VALUES ('44', 'module', 'aridiusfastorder');
REPLACE INTO `PREFIX_DB_extension` (`extension_id`, `type`, `code`) VALUES ('45', 'module', 'aridiusundersell');
REPLACE INTO `PREFIX_DB_extension` (`extension_id`, `type`, `code`) VALUES ('46', 'module', 'aridius_store_review');
REPLACE INTO `PREFIX_DB_extension` (`extension_id`, `type`, `code`) VALUES ('47', 'module', 'aridiusinstock');
REPLACE INTO `PREFIX_DB_extension` (`extension_id`, `type`, `code`) VALUES ('48', 'module', 'aridius_news_category');
REPLACE INTO `PREFIX_DB_extension` (`extension_id`, `type`, `code`) VALUES ('49', 'module', 'aridius_popupsize');
REPLACE INTO `PREFIX_DB_extension` (`extension_id`, `type`, `code`) VALUES ('50', 'module', 'latest');
REPLACE INTO `PREFIX_DB_extension` (`extension_id`, `type`, `code`) VALUES ('51', 'module', 'bestseller');
REPLACE INTO `PREFIX_DB_extension` (`extension_id`, `type`, `code`) VALUES ('52', 'module', 'special');
REPLACE INTO `PREFIX_DB_extension` (`extension_id`, `type`, `code`) VALUES ('53', 'module', 'aridius_viewed');
REPLACE INTO `PREFIX_DB_extension` (`extension_id`, `type`, `code`) VALUES ('55', 'module', 'aridius_popupmail');



REPLACE INTO `PREFIX_DB_layout` (`layout_id`, `name`) VALUES ('1', 'Главная');
REPLACE INTO `PREFIX_DB_layout` (`layout_id`, `name`) VALUES ('2', 'Продукт');
REPLACE INTO `PREFIX_DB_layout` (`layout_id`, `name`) VALUES ('3', 'Категория');
REPLACE INTO `PREFIX_DB_layout` (`layout_id`, `name`) VALUES ('4', 'По умолчанию');
REPLACE INTO `PREFIX_DB_layout` (`layout_id`, `name`) VALUES ('5', 'Производитель');
REPLACE INTO `PREFIX_DB_layout` (`layout_id`, `name`) VALUES ('6', 'Аккаунт');
REPLACE INTO `PREFIX_DB_layout` (`layout_id`, `name`) VALUES ('7', 'Оформление заказ');
REPLACE INTO `PREFIX_DB_layout` (`layout_id`, `name`) VALUES ('8', 'Контакты');
REPLACE INTO `PREFIX_DB_layout` (`layout_id`, `name`) VALUES ('9', 'Карта сайта');
REPLACE INTO `PREFIX_DB_layout` (`layout_id`, `name`) VALUES ('10', 'Партнерская программа');
REPLACE INTO `PREFIX_DB_layout` (`layout_id`, `name`) VALUES ('11', 'Информация');
REPLACE INTO `PREFIX_DB_layout` (`layout_id`, `name`) VALUES ('12', 'Сравнение');
REPLACE INTO `PREFIX_DB_layout` (`layout_id`, `name`) VALUES ('13', 'Поиск');
REPLACE INTO `PREFIX_DB_layout` (`layout_id`, `name`) VALUES ('14', 'News');
REPLACE INTO `PREFIX_DB_layout` (`layout_id`, `name`) VALUES ('15', 'Faq');
REPLACE INTO `PREFIX_DB_layout` (`layout_id`, `name`) VALUES ('16', 'Review');



REPLACE INTO `PREFIX_DB_layout_module` (`layout_module_id`, `layout_id`, `code`, `position`, `sort_order`) VALUES ('402', '5', 'aridius_viewed.47', 'column_left', '1');
REPLACE INTO `PREFIX_DB_layout_module` (`layout_module_id`, `layout_id`, `code`, `position`, `sort_order`) VALUES ('338', '1', 'aridius_livesearch', 'content_bottom', '5');
REPLACE INTO `PREFIX_DB_layout_module` (`layout_module_id`, `layout_id`, `code`, `position`, `sort_order`) VALUES ('337', '1', 'aridius_pr_review.41', 'content_bottom', '4');
REPLACE INTO `PREFIX_DB_layout_module` (`layout_module_id`, `layout_id`, `code`, `position`, `sort_order`) VALUES ('336', '1', 'aridius_featured.40', 'content_bottom', '3');
REPLACE INTO `PREFIX_DB_layout_module` (`layout_module_id`, `layout_id`, `code`, `position`, `sort_order`) VALUES ('335', '1', 'aridius_special.38', 'content_bottom', '2');
REPLACE INTO `PREFIX_DB_layout_module` (`layout_module_id`, `layout_id`, `code`, `position`, `sort_order`) VALUES ('334', '1', 'aridius_latest.39', 'content_bottom', '1');
REPLACE INTO `PREFIX_DB_layout_module` (`layout_module_id`, `layout_id`, `code`, `position`, `sort_order`) VALUES ('333', '1', 'aridius_bestseller.37', 'content_bottom', '0');
REPLACE INTO `PREFIX_DB_layout_module` (`layout_module_id`, `layout_id`, `code`, `position`, `sort_order`) VALUES ('332', '1', 'carousel.29', 'content_mail', '2');
REPLACE INTO `PREFIX_DB_layout_module` (`layout_module_id`, `layout_id`, `code`, `position`, `sort_order`) VALUES ('331', '1', 'aridius_news', 'content_mail', '1');
REPLACE INTO `PREFIX_DB_layout_module` (`layout_module_id`, `layout_id`, `code`, `position`, `sort_order`) VALUES ('330', '1', 'aridius_letters', 'content_mail', '0');
REPLACE INTO `PREFIX_DB_layout_module` (`layout_module_id`, `layout_id`, `code`, `position`, `sort_order`) VALUES ('329', '1', 'banner.34', 'content_bot3', '0');
REPLACE INTO `PREFIX_DB_layout_module` (`layout_module_id`, `layout_id`, `code`, `position`, `sort_order`) VALUES ('328', '1', 'banner.33', 'content_bot2', '0');
REPLACE INTO `PREFIX_DB_layout_module` (`layout_module_id`, `layout_id`, `code`, `position`, `sort_order`) VALUES ('327', '1', 'banner.32', 'content_bot1', '0');
REPLACE INTO `PREFIX_DB_layout_module` (`layout_module_id`, `layout_id`, `code`, `position`, `sort_order`) VALUES ('326', '1', 'slideshow.27', 'content_fluid', '0');
REPLACE INTO `PREFIX_DB_layout_module` (`layout_module_id`, `layout_id`, `code`, `position`, `sort_order`) VALUES ('375', '3', 'aridius_livesearch', 'content_bottom', '2');
REPLACE INTO `PREFIX_DB_layout_module` (`layout_module_id`, `layout_id`, `code`, `position`, `sort_order`) VALUES ('325', '1', 'aridius_tab.36', 'content_top', '1');
REPLACE INTO `PREFIX_DB_layout_module` (`layout_module_id`, `layout_id`, `code`, `position`, `sort_order`) VALUES ('320', '2', 'aridiusfastorder', 'content_bottom', '2');
REPLACE INTO `PREFIX_DB_layout_module` (`layout_module_id`, `layout_id`, `code`, `position`, `sort_order`) VALUES ('319', '2', 'aridiusinstock', 'content_bottom', '1');
REPLACE INTO `PREFIX_DB_layout_module` (`layout_module_id`, `layout_id`, `code`, `position`, `sort_order`) VALUES ('374', '3', 'aridiusinstock', 'content_bottom', '1');
REPLACE INTO `PREFIX_DB_layout_module` (`layout_module_id`, `layout_id`, `code`, `position`, `sort_order`) VALUES ('373', '3', 'aridiuscallback', 'content_bottom', '0');
REPLACE INTO `PREFIX_DB_layout_module` (`layout_module_id`, `layout_id`, `code`, `position`, `sort_order`) VALUES ('372', '3', 'aridius_letters', 'content_mail', '0');
REPLACE INTO `PREFIX_DB_layout_module` (`layout_module_id`, `layout_id`, `code`, `position`, `sort_order`) VALUES ('371', '3', 'aridius_viewed.47', 'column_left', '7');
REPLACE INTO `PREFIX_DB_layout_module` (`layout_module_id`, `layout_id`, `code`, `position`, `sort_order`) VALUES ('318', '2', 'aridiuscallback', 'content_bottom', '0');
REPLACE INTO `PREFIX_DB_layout_module` (`layout_module_id`, `layout_id`, `code`, `position`, `sort_order`) VALUES ('317', '2', 'aridius_letters', 'content_mail', '0');
REPLACE INTO `PREFIX_DB_layout_module` (`layout_module_id`, `layout_id`, `code`, `position`, `sort_order`) VALUES ('316', '2', 'aridius_faq', 'column_left', '2');
REPLACE INTO `PREFIX_DB_layout_module` (`layout_module_id`, `layout_id`, `code`, `position`, `sort_order`) VALUES ('324', '1', 'aridius_catwall.35', 'content_top', '0');
REPLACE INTO `PREFIX_DB_layout_module` (`layout_module_id`, `layout_id`, `code`, `position`, `sort_order`) VALUES ('342', '15', 'aridius_letters', 'content_mail', '0');
REPLACE INTO `PREFIX_DB_layout_module` (`layout_module_id`, `layout_id`, `code`, `position`, `sort_order`) VALUES ('346', '14', 'aridius_letters', 'content_mail', '0');
REPLACE INTO `PREFIX_DB_layout_module` (`layout_module_id`, `layout_id`, `code`, `position`, `sort_order`) VALUES ('350', '16', 'aridius_letters', 'content_mail', '0');
REPLACE INTO `PREFIX_DB_layout_module` (`layout_module_id`, `layout_id`, `code`, `position`, `sort_order`) VALUES ('354', '6', 'aridius_letters', 'content_mail', '0');
REPLACE INTO `PREFIX_DB_layout_module` (`layout_module_id`, `layout_id`, `code`, `position`, `sort_order`) VALUES ('359', '11', 'aridius_letters', 'content_mail', '0');
REPLACE INTO `PREFIX_DB_layout_module` (`layout_module_id`, `layout_id`, `code`, `position`, `sort_order`) VALUES ('363', '9', 'aridius_letters', 'content_mail', '0');
REPLACE INTO `PREFIX_DB_layout_module` (`layout_module_id`, `layout_id`, `code`, `position`, `sort_order`) VALUES ('370', '3', 'aridius_faq', 'column_left', '6');
REPLACE INTO `PREFIX_DB_layout_module` (`layout_module_id`, `layout_id`, `code`, `position`, `sort_order`) VALUES ('369', '3', 'featured.43', 'column_left', '2');
REPLACE INTO `PREFIX_DB_layout_module` (`layout_module_id`, `layout_id`, `code`, `position`, `sort_order`) VALUES ('368', '3', 'aridius_news_category.42', 'column_left', '1');
REPLACE INTO `PREFIX_DB_layout_module` (`layout_module_id`, `layout_id`, `code`, `position`, `sort_order`) VALUES ('377', '8', 'aridius_letters', 'content_mail', '0');
REPLACE INTO `PREFIX_DB_layout_module` (`layout_module_id`, `layout_id`, `code`, `position`, `sort_order`) VALUES ('381', '7', 'aridius_letters', 'content_mail', '0');
REPLACE INTO `PREFIX_DB_layout_module` (`layout_module_id`, `layout_id`, `code`, `position`, `sort_order`) VALUES ('385', '10', 'aridius_letters', 'content_mail', '0');
REPLACE INTO `PREFIX_DB_layout_module` (`layout_module_id`, `layout_id`, `code`, `position`, `sort_order`) VALUES ('390', '4', 'aridius_letters', 'content_mail', '0');
REPLACE INTO `PREFIX_DB_layout_module` (`layout_module_id`, `layout_id`, `code`, `position`, `sort_order`) VALUES ('315', '2', 'aridius_viewed.47', 'column_left', '1');
REPLACE INTO `PREFIX_DB_layout_module` (`layout_module_id`, `layout_id`, `code`, `position`, `sort_order`) VALUES ('314', '2', 'aridius_category_accordion', 'column_left', '0');
REPLACE INTO `PREFIX_DB_layout_module` (`layout_module_id`, `layout_id`, `code`, `position`, `sort_order`) VALUES ('407', '12', 'aridius_letters', 'content_mail', '0');
REPLACE INTO `PREFIX_DB_layout_module` (`layout_module_id`, `layout_id`, `code`, `position`, `sort_order`) VALUES ('396', '13', 'aridius_viewed.47', 'column_left', '1');
REPLACE INTO `PREFIX_DB_layout_module` (`layout_module_id`, `layout_id`, `code`, `position`, `sort_order`) VALUES ('395', '13', 'aridius_category_accordion', 'column_left', '0');
REPLACE INTO `PREFIX_DB_layout_module` (`layout_module_id`, `layout_id`, `code`, `position`, `sort_order`) VALUES ('401', '5', 'aridius_category_accordion', 'column_left', '0');
REPLACE INTO `PREFIX_DB_layout_module` (`layout_module_id`, `layout_id`, `code`, `position`, `sort_order`) VALUES ('367', '3', 'aridius_category_accordion', 'column_left', '0');
REPLACE INTO `PREFIX_DB_layout_module` (`layout_module_id`, `layout_id`, `code`, `position`, `sort_order`) VALUES ('321', '2', 'aridiusundersell', 'content_bottom', '3');
REPLACE INTO `PREFIX_DB_layout_module` (`layout_module_id`, `layout_id`, `code`, `position`, `sort_order`) VALUES ('322', '2', 'aridius_viewed.48', 'content_bottom', '4');
REPLACE INTO `PREFIX_DB_layout_module` (`layout_module_id`, `layout_id`, `code`, `position`, `sort_order`) VALUES ('323', '2', 'aridius_popupmail', 'content_bottom', '5');
REPLACE INTO `PREFIX_DB_layout_module` (`layout_module_id`, `layout_id`, `code`, `position`, `sort_order`) VALUES ('339', '1', 'aridiuscallback', 'content_bottom', '6');
REPLACE INTO `PREFIX_DB_layout_module` (`layout_module_id`, `layout_id`, `code`, `position`, `sort_order`) VALUES ('340', '1', 'aridiusinstock', 'content_bottom', '7');
REPLACE INTO `PREFIX_DB_layout_module` (`layout_module_id`, `layout_id`, `code`, `position`, `sort_order`) VALUES ('341', '1', 'aridius_popupmail', 'content_bottom', '8');
REPLACE INTO `PREFIX_DB_layout_module` (`layout_module_id`, `layout_id`, `code`, `position`, `sort_order`) VALUES ('343', '15', 'aridiusinstock', 'content_bottom', '0');
REPLACE INTO `PREFIX_DB_layout_module` (`layout_module_id`, `layout_id`, `code`, `position`, `sort_order`) VALUES ('344', '15', 'aridiuscallback', 'content_bottom', '1');
REPLACE INTO `PREFIX_DB_layout_module` (`layout_module_id`, `layout_id`, `code`, `position`, `sort_order`) VALUES ('345', '15', 'aridius_livesearch', 'content_bottom', '2');
REPLACE INTO `PREFIX_DB_layout_module` (`layout_module_id`, `layout_id`, `code`, `position`, `sort_order`) VALUES ('347', '14', 'aridiuscallback', 'content_bottom', '0');
REPLACE INTO `PREFIX_DB_layout_module` (`layout_module_id`, `layout_id`, `code`, `position`, `sort_order`) VALUES ('348', '14', 'aridiusinstock', 'content_bottom', '1');
REPLACE INTO `PREFIX_DB_layout_module` (`layout_module_id`, `layout_id`, `code`, `position`, `sort_order`) VALUES ('349', '14', 'aridius_livesearch', 'content_bottom', '2');
REPLACE INTO `PREFIX_DB_layout_module` (`layout_module_id`, `layout_id`, `code`, `position`, `sort_order`) VALUES ('351', '16', 'aridiuscallback', 'content_bottom', '0');
REPLACE INTO `PREFIX_DB_layout_module` (`layout_module_id`, `layout_id`, `code`, `position`, `sort_order`) VALUES ('352', '16', 'aridiusinstock', 'content_bottom', '1');
REPLACE INTO `PREFIX_DB_layout_module` (`layout_module_id`, `layout_id`, `code`, `position`, `sort_order`) VALUES ('353', '16', 'aridius_livesearch', 'content_bottom', '2');
REPLACE INTO `PREFIX_DB_layout_module` (`layout_module_id`, `layout_id`, `code`, `position`, `sort_order`) VALUES ('355', '6', 'aridiuscallback', 'content_bottom', '0');
REPLACE INTO `PREFIX_DB_layout_module` (`layout_module_id`, `layout_id`, `code`, `position`, `sort_order`) VALUES ('356', '6', 'aridiusinstock', 'content_bottom', '1');
REPLACE INTO `PREFIX_DB_layout_module` (`layout_module_id`, `layout_id`, `code`, `position`, `sort_order`) VALUES ('357', '6', 'aridius_livesearch', 'content_bottom', '2');
REPLACE INTO `PREFIX_DB_layout_module` (`layout_module_id`, `layout_id`, `code`, `position`, `sort_order`) VALUES ('358', '6', 'account', 'column_right', '1');
REPLACE INTO `PREFIX_DB_layout_module` (`layout_module_id`, `layout_id`, `code`, `position`, `sort_order`) VALUES ('360', '11', 'aridiusinstock', 'content_bottom', '0');
REPLACE INTO `PREFIX_DB_layout_module` (`layout_module_id`, `layout_id`, `code`, `position`, `sort_order`) VALUES ('361', '11', 'aridiuscallback', 'content_bottom', '1');
REPLACE INTO `PREFIX_DB_layout_module` (`layout_module_id`, `layout_id`, `code`, `position`, `sort_order`) VALUES ('362', '11', 'aridius_livesearch', 'content_bottom', '2');
REPLACE INTO `PREFIX_DB_layout_module` (`layout_module_id`, `layout_id`, `code`, `position`, `sort_order`) VALUES ('364', '9', 'aridiuscallback', 'content_bottom', '0');
REPLACE INTO `PREFIX_DB_layout_module` (`layout_module_id`, `layout_id`, `code`, `position`, `sort_order`) VALUES ('365', '9', 'aridiusinstock', 'content_bottom', '1');
REPLACE INTO `PREFIX_DB_layout_module` (`layout_module_id`, `layout_id`, `code`, `position`, `sort_order`) VALUES ('366', '9', 'aridius_livesearch', 'content_bottom', '2');
REPLACE INTO `PREFIX_DB_layout_module` (`layout_module_id`, `layout_id`, `code`, `position`, `sort_order`) VALUES ('376', '3', 'aridius_popupmail', 'content_bottom', '3');
REPLACE INTO `PREFIX_DB_layout_module` (`layout_module_id`, `layout_id`, `code`, `position`, `sort_order`) VALUES ('378', '8', 'aridiuscallback', 'content_bottom', '0');
REPLACE INTO `PREFIX_DB_layout_module` (`layout_module_id`, `layout_id`, `code`, `position`, `sort_order`) VALUES ('379', '8', 'aridiusinstock', 'content_bottom', '1');
REPLACE INTO `PREFIX_DB_layout_module` (`layout_module_id`, `layout_id`, `code`, `position`, `sort_order`) VALUES ('380', '8', 'aridius_livesearch', 'content_bottom', '2');
REPLACE INTO `PREFIX_DB_layout_module` (`layout_module_id`, `layout_id`, `code`, `position`, `sort_order`) VALUES ('382', '7', 'aridiuscallback', 'content_bottom', '0');
REPLACE INTO `PREFIX_DB_layout_module` (`layout_module_id`, `layout_id`, `code`, `position`, `sort_order`) VALUES ('383', '7', 'aridiusinstock', 'content_bottom', '1');
REPLACE INTO `PREFIX_DB_layout_module` (`layout_module_id`, `layout_id`, `code`, `position`, `sort_order`) VALUES ('384', '7', 'aridius_livesearch', 'content_bottom', '2');
REPLACE INTO `PREFIX_DB_layout_module` (`layout_module_id`, `layout_id`, `code`, `position`, `sort_order`) VALUES ('386', '10', 'aridiuscallback', 'content_bottom', '0');
REPLACE INTO `PREFIX_DB_layout_module` (`layout_module_id`, `layout_id`, `code`, `position`, `sort_order`) VALUES ('387', '10', 'aridiusinstock', 'content_bottom', '1');
REPLACE INTO `PREFIX_DB_layout_module` (`layout_module_id`, `layout_id`, `code`, `position`, `sort_order`) VALUES ('388', '10', 'aridius_livesearch', 'content_bottom', '2');
REPLACE INTO `PREFIX_DB_layout_module` (`layout_module_id`, `layout_id`, `code`, `position`, `sort_order`) VALUES ('389', '10', 'account', 'column_right', '1');
REPLACE INTO `PREFIX_DB_layout_module` (`layout_module_id`, `layout_id`, `code`, `position`, `sort_order`) VALUES ('391', '4', 'aridiusinstock', 'content_bottom', '0');
REPLACE INTO `PREFIX_DB_layout_module` (`layout_module_id`, `layout_id`, `code`, `position`, `sort_order`) VALUES ('392', '4', 'aridiuscallback', 'content_bottom', '1');
REPLACE INTO `PREFIX_DB_layout_module` (`layout_module_id`, `layout_id`, `code`, `position`, `sort_order`) VALUES ('393', '4', 'aridius_livesearch', 'content_bottom', '2');
REPLACE INTO `PREFIX_DB_layout_module` (`layout_module_id`, `layout_id`, `code`, `position`, `sort_order`) VALUES ('394', '4', 'aridius_popupmail', 'content_bottom', '3');
REPLACE INTO `PREFIX_DB_layout_module` (`layout_module_id`, `layout_id`, `code`, `position`, `sort_order`) VALUES ('397', '13', 'aridius_letters', 'content_mail', '0');
REPLACE INTO `PREFIX_DB_layout_module` (`layout_module_id`, `layout_id`, `code`, `position`, `sort_order`) VALUES ('398', '13', 'aridiusinstock', 'content_bottom', '0');
REPLACE INTO `PREFIX_DB_layout_module` (`layout_module_id`, `layout_id`, `code`, `position`, `sort_order`) VALUES ('399', '13', 'aridiuscallback', 'content_bottom', '1');
REPLACE INTO `PREFIX_DB_layout_module` (`layout_module_id`, `layout_id`, `code`, `position`, `sort_order`) VALUES ('400', '13', 'aridius_livesearch', 'content_bottom', '2');
REPLACE INTO `PREFIX_DB_layout_module` (`layout_module_id`, `layout_id`, `code`, `position`, `sort_order`) VALUES ('403', '5', 'aridius_letters', 'content_mail', '0');
REPLACE INTO `PREFIX_DB_layout_module` (`layout_module_id`, `layout_id`, `code`, `position`, `sort_order`) VALUES ('404', '5', 'aridiuscallback', 'content_bottom', '0');
REPLACE INTO `PREFIX_DB_layout_module` (`layout_module_id`, `layout_id`, `code`, `position`, `sort_order`) VALUES ('405', '5', 'aridiusinstock', 'content_bottom', '1');
REPLACE INTO `PREFIX_DB_layout_module` (`layout_module_id`, `layout_id`, `code`, `position`, `sort_order`) VALUES ('406', '5', 'aridius_livesearch', 'content_bottom', '2');
REPLACE INTO `PREFIX_DB_layout_module` (`layout_module_id`, `layout_id`, `code`, `position`, `sort_order`) VALUES ('408', '12', 'aridiusinstock', 'content_bottom', '0');
REPLACE INTO `PREFIX_DB_layout_module` (`layout_module_id`, `layout_id`, `code`, `position`, `sort_order`) VALUES ('409', '12', 'aridiuscallback', 'content_bottom', '1');
REPLACE INTO `PREFIX_DB_layout_module` (`layout_module_id`, `layout_id`, `code`, `position`, `sort_order`) VALUES ('410', '12', 'aridius_livesearch', 'content_bottom', '2');



REPLACE INTO `PREFIX_DB_layout_route` (`layout_route_id`, `layout_id`, `store_id`, `route`) VALUES ('103', '6', '0', 'account/%');
REPLACE INTO `PREFIX_DB_layout_route` (`layout_route_id`, `layout_id`, `store_id`, `route`) VALUES ('109', '10', '0', 'affiliate/%');
REPLACE INTO `PREFIX_DB_layout_route` (`layout_route_id`, `layout_id`, `store_id`, `route`) VALUES ('106', '3', '0', 'product/category');
REPLACE INTO `PREFIX_DB_layout_route` (`layout_route_id`, `layout_id`, `store_id`, `route`) VALUES ('99', '1', '0', 'common/home');
REPLACE INTO `PREFIX_DB_layout_route` (`layout_route_id`, `layout_id`, `store_id`, `route`) VALUES ('98', '2', '0', 'product/product');
REPLACE INTO `PREFIX_DB_layout_route` (`layout_route_id`, `layout_id`, `store_id`, `route`) VALUES ('104', '11', '0', 'information/information');
REPLACE INTO `PREFIX_DB_layout_route` (`layout_route_id`, `layout_id`, `store_id`, `route`) VALUES ('108', '7', '0', 'checkout/%');
REPLACE INTO `PREFIX_DB_layout_route` (`layout_route_id`, `layout_id`, `store_id`, `route`) VALUES ('107', '8', '0', 'information/contact');
REPLACE INTO `PREFIX_DB_layout_route` (`layout_route_id`, `layout_id`, `store_id`, `route`) VALUES ('105', '9', '0', 'information/sitemap');
REPLACE INTO `PREFIX_DB_layout_route` (`layout_route_id`, `layout_id`, `store_id`, `route`) VALUES ('110', '4', '0', '');
REPLACE INTO `PREFIX_DB_layout_route` (`layout_route_id`, `layout_id`, `store_id`, `route`) VALUES ('112', '5', '0', 'product/manufacturer');
REPLACE INTO `PREFIX_DB_layout_route` (`layout_route_id`, `layout_id`, `store_id`, `route`) VALUES ('113', '12', '0', 'product/compare');
REPLACE INTO `PREFIX_DB_layout_route` (`layout_route_id`, `layout_id`, `store_id`, `route`) VALUES ('111', '13', '0', 'product/search');
REPLACE INTO `PREFIX_DB_layout_route` (`layout_route_id`, `layout_id`, `store_id`, `route`) VALUES ('101', '14', '0', 'information/aridius_news');
REPLACE INTO `PREFIX_DB_layout_route` (`layout_route_id`, `layout_id`, `store_id`, `route`) VALUES ('100', '15', '0', 'information/aridius_faq');
REPLACE INTO `PREFIX_DB_layout_route` (`layout_route_id`, `layout_id`, `store_id`, `route`) VALUES ('102', '16', '0', 'extension/module/aridius_store_review');



REPLACE INTO `PREFIX_DB_module` (`module_id`, `name`, `code`, `setting`) VALUES ('32', 'баннер ср1', 'banner', '{"name":"\\u0431\\u0430\\u043d\\u043d\\u0435\\u0440 \\u0441\\u04401","banner_id":"10","width":"503","height":"163","status":"1"}');
REPLACE INTO `PREFIX_DB_module` (`module_id`, `name`, `code`, `setting`) VALUES ('29', 'Производители (главная)', 'carousel', '{"name":"\\u041f\\u0440\\u043e\\u0438\\u0437\\u0432\\u043e\\u0434\\u0438\\u0442\\u0435\\u043b\\u0438 (\\u0433\\u043b\\u0430\\u0432\\u043d\\u0430\\u044f)","banner_id":"8","width":"100","height":"100","status":"1"}');
REPLACE INTO `PREFIX_DB_module` (`module_id`, `name`, `code`, `setting`) VALUES ('44', 'Последние - категории лево', 'latest', '{"name":"\\u041f\\u043e\\u0441\\u043b\\u0435\\u0434\\u043d\\u0438\\u0435 - \\u043a\\u0430\\u0442\\u0435\\u0433\\u043e\\u0440\\u0438\\u0438 \\u043b\\u0435\\u0432\\u043e","limit":"3","width":"95","height":"95","status":"0"}');
REPLACE INTO `PREFIX_DB_module` (`module_id`, `name`, `code`, `setting`) VALUES ('27', 'Слайд на всю ширину', 'slideshow', '{"transitionStyle":"0","name":"\\u0421\\u043b\\u0430\\u0439\\u0434 \\u043d\\u0430 \\u0432\\u0441\\u044e \\u0448\\u0438\\u0440\\u0438\\u043d\\u0443","banner_id":"9","width":"1920","height":"600","status":"1"}');
REPLACE INTO `PREFIX_DB_module` (`module_id`, `name`, `code`, `setting`) VALUES ('33', 'баннер ср2', 'banner', '{"name":"\\u0431\\u0430\\u043d\\u043d\\u0435\\u0440 \\u0441\\u04402","banner_id":"11","width":"503","height":"163","status":"1"}');
REPLACE INTO `PREFIX_DB_module` (`module_id`, `name`, `code`, `setting`) VALUES ('34', 'баннер ср3', 'banner', '{"name":"\\u0431\\u0430\\u043d\\u043d\\u0435\\u0440 \\u0441\\u04403","banner_id":"12","width":"503","height":"163","status":"1"}');
REPLACE INTO `PREFIX_DB_module` (`module_id`, `name`, `code`, `setting`) VALUES ('35', 'Стена категорий - главная', 'aridius_catwall', '{"name":"\\u0421\\u0442\\u0435\\u043d\\u0430 \\u043a\\u0430\\u0442\\u0435\\u0433\\u043e\\u0440\\u0438\\u0439 - \\u0433\\u043b\\u0430\\u0432\\u043d\\u0430\\u044f","aridius_catwall_cat":["88","20","71"],"width":"250","height":"200","child_visible":"1","add_img":"1","limit_child":"3","status":"1"}');
REPLACE INTO `PREFIX_DB_module` (`module_id`, `name`, `code`, `setting`) VALUES ('36', 'Табы 5 в 1 - главная', 'aridius_tab', '{"name":"\\u0422\\u0430\\u0431\\u044b 5 \\u0432 1 - \\u0433\\u043b\\u0430\\u0432\\u043d\\u0430\\u044f","animatetabsshow":"1","special_products":"1","latest_products":"1","bestseller_products":"1","mostviewed_products":"1","featured_products":"1","product":["52","67","56","65","63"],"limit":"15","width":"280","height":"200","autoplay":"400000","items":"4","pag_speed":"3000","rew_speed":"4000","stophover":"1","pagination":"0","navigation":"1","desc":"0","attribute":"1","rat":"1","wish":"1","comp":"1","quickview":"1","status":"1"}');
REPLACE INTO `PREFIX_DB_module` (`module_id`, `name`, `code`, `setting`) VALUES ('37', 'Хиты продаж (карусель) - главная', 'aridius_bestseller', '{"name":"\\u0425\\u0438\\u0442\\u044b \\u043f\\u0440\\u043e\\u0434\\u0430\\u0436 (\\u043a\\u0430\\u0440\\u0443\\u0441\\u0435\\u043b\\u044c) - \\u0433\\u043b\\u0430\\u0432\\u043d\\u0430\\u044f","limit":"15","width":"270","height":"200","autoplay":"40000000","items":"5","pag_speed":"3000","rew_speed":"4000","stophover":"1","pagination":"0","navigation":"1","desc":"0","attribute":"0","rat":"1","wish":"1","comp":"1","quickview":"1","status":"0"}');
REPLACE INTO `PREFIX_DB_module` (`module_id`, `name`, `code`, `setting`) VALUES ('38', 'Товары со скидкой (карусель) - главная', 'aridius_special', '{"name":"\\u0422\\u043e\\u0432\\u0430\\u0440\\u044b \\u0441\\u043e \\u0441\\u043a\\u0438\\u0434\\u043a\\u043e\\u0439 (\\u043a\\u0430\\u0440\\u0443\\u0441\\u0435\\u043b\\u044c) - \\u0433\\u043b\\u0430\\u0432\\u043d\\u0430\\u044f","limit":"15","width":"270","height":"200","autoplay":"40000000","items":"5","pag_speed":"3000","rew_speed":"4000","stophover":"1","pagination":"0","navigation":"1","desc":"0","attribute":"1","rat":"1","wish":"1","comp":"1","quickview":"1","status":"1"}');
REPLACE INTO `PREFIX_DB_module` (`module_id`, `name`, `code`, `setting`) VALUES ('39', 'Последние (карусель) - главнял', 'aridius_latest', '{"name":"\\u041f\\u043e\\u0441\\u043b\\u0435\\u0434\\u043d\\u0438\\u0435 (\\u043a\\u0430\\u0440\\u0443\\u0441\\u0435\\u043b\\u044c) - \\u0433\\u043b\\u0430\\u0432\\u043d\\u044f\\u043b","limit":"15","width":"270","height":"200","autoplay":"40000000","items":"5","pag_speed":"3000","rew_speed":"4000","stophover":"1","pagination":"0","navigation":"1","desc":"0","attribute":"0","rat":"1","wish":"1","comp":"1","quickview":"1","status":"0"}');
REPLACE INTO `PREFIX_DB_module` (`module_id`, `name`, `code`, `setting`) VALUES ('40', 'Рекомендуемые (карусель) - главная', 'aridius_featured', '{"name":"\\u0420\\u0435\\u043a\\u043e\\u043c\\u0435\\u043d\\u0434\\u0443\\u0435\\u043c\\u044b\\u0435 (\\u043a\\u0430\\u0440\\u0443\\u0441\\u0435\\u043b\\u044c) - \\u0433\\u043b\\u0430\\u0432\\u043d\\u0430\\u044f","product":["52","67","56","65","63"],"pagination":"0","navigation":"1","limit":"15","width":"270","height":"200","autoplay":"40000000","items":"5","pag_speed":"3000","rew_speed":"4000","stophover":"1","desc":"0","attribute":"0","rat":"1","wish":"1","comp":"1","quickview":"1","status":"0"}');
REPLACE INTO `PREFIX_DB_module` (`module_id`, `name`, `code`, `setting`) VALUES ('41', 'Последние отзывы о товарах (карусель) - главная', 'aridius_pr_review', '{"name":"\\u041f\\u043e\\u0441\\u043b\\u0435\\u0434\\u043d\\u0438\\u0435 \\u043e\\u0442\\u0437\\u044b\\u0432\\u044b \\u043e \\u0442\\u043e\\u0432\\u0430\\u0440\\u0430\\u0445 (\\u043a\\u0430\\u0440\\u0443\\u0441\\u0435\\u043b\\u044c) - \\u0433\\u043b\\u0430\\u0432\\u043d\\u0430\\u044f","limit":"15","width":"160","height":"160","autoplay":"4000","items":"4","pag_speed":"3000","rew_speed":"4000","stophover":"1","pagination":"0","navigation":"1","desc":"1","rat":"1","status":"1"}');
REPLACE INTO `PREFIX_DB_module` (`module_id`, `name`, `code`, `setting`) VALUES ('42', 'Список новостей - категория', 'aridius_news_category', '{"name":"\\u0421\\u043f\\u0438\\u0441\\u043e\\u043a \\u043d\\u043e\\u0432\\u043e\\u0441\\u0442\\u0435\\u0439 - \\u043a\\u0430\\u0442\\u0435\\u0433\\u043e\\u0440\\u0438\\u044f","aridius_news_category2":["2","3"],"width":"311","height":"170","status":"1"}');
REPLACE INTO `PREFIX_DB_module` (`module_id`, `name`, `code`, `setting`) VALUES ('43', 'Рекомендуемые - категории лево', 'featured', '{"name":"\\u0420\\u0435\\u043a\\u043e\\u043c\\u0435\\u043d\\u0434\\u0443\\u0435\\u043c\\u044b\\u0435 - \\u043a\\u0430\\u0442\\u0435\\u0433\\u043e\\u0440\\u0438\\u0438 \\u043b\\u0435\\u0432\\u043e","product_name":"","product":["52","67","56"],"limit":"3","width":"95","height":"95","status":"1"}');
REPLACE INTO `PREFIX_DB_module` (`module_id`, `name`, `code`, `setting`) VALUES ('45', 'Хиты продаж - категории лево', 'bestseller', '{"name":"\\u0425\\u0438\\u0442\\u044b \\u043f\\u0440\\u043e\\u0434\\u0430\\u0436 - \\u043a\\u0430\\u0442\\u0435\\u0433\\u043e\\u0440\\u0438\\u0438 \\u043b\\u0435\\u0432\\u043e","limit":"3","width":"95","height":"95","status":"0"}');
REPLACE INTO `PREFIX_DB_module` (`module_id`, `name`, `code`, `setting`) VALUES ('46', '  Товары со скидкой - категории лево', 'special', '{"name":"  \\u0422\\u043e\\u0432\\u0430\\u0440\\u044b \\u0441\\u043e \\u0441\\u043a\\u0438\\u0434\\u043a\\u043e\\u0439 - \\u043a\\u0430\\u0442\\u0435\\u0433\\u043e\\u0440\\u0438\\u0438 \\u043b\\u0435\\u0432\\u043e","limit":"3","width":"95","height":"95","status":"0"}');
REPLACE INTO `PREFIX_DB_module` (`module_id`, `name`, `code`, `setting`) VALUES ('47', 'Просмотренные товары - категории лево', 'aridius_viewed', '{"name":"\\u041f\\u0440\\u043e\\u0441\\u043c\\u043e\\u0442\\u0440\\u0435\\u043d\\u043d\\u044b\\u0435 \\u0442\\u043e\\u0432\\u0430\\u0440\\u044b - \\u043a\\u0430\\u0442\\u0435\\u0433\\u043e\\u0440\\u0438\\u0438 \\u043b\\u0435\\u0432\\u043e","limit":"3","width":"95","height":"95","autoplay":"4000","items":"3","pag_speed":"3000","rew_speed":"4000","stophover":"1","pagination":"0","navigation":"1","desc":"1","attribute":"0","rat":"1","wish":"1","comp":"1","quickview":"1","colleft":"1","status":"1"}');
REPLACE INTO `PREFIX_DB_module` (`module_id`, `name`, `code`, `setting`) VALUES ('48', 'Просмотренные товары - продукт низ', 'aridius_viewed', '{"name":"\\u041f\\u0440\\u043e\\u0441\\u043c\\u043e\\u0442\\u0440\\u0435\\u043d\\u043d\\u044b\\u0435 \\u0442\\u043e\\u0432\\u0430\\u0440\\u044b - \\u043f\\u0440\\u043e\\u0434\\u0443\\u043a\\u0442 \\u043d\\u0438\\u0437","limit":"15","width":"265","height":"200","autoplay":"40000000","items":"4","pag_speed":"3000","rew_speed":"4000","stophover":"1","pagination":"0","navigation":"1","desc":"0","attribute":"0","rat":"1","wish":"1","comp":"1","quickview":"1","colleft":"0","status":"0"}');
REPLACE INTO `PREFIX_DB_module` (`module_id`, `name`, `code`, `setting`) VALUES ('49', 'слайдер слева', 'slideshow', '{"transitionStyle":"0","name":"\\u0441\\u043b\\u0430\\u0439\\u0434\\u0435\\u0440 \\u0441\\u043b\\u0435\\u0432\\u0430","banner_id":"15","width":"750","height":"501","status":"1"}');
REPLACE INTO `PREFIX_DB_module` (`module_id`, `name`, `code`, `setting`) VALUES ('50', 'Баннер справа 1', 'banner', '{"name":"\\u0411\\u0430\\u043d\\u043d\\u0435\\u0440 \\u0441\\u043f\\u0440\\u0430\\u0432\\u0430 1","banner_id":"13","width":"493","height":"332","status":"1"}');
REPLACE INTO `PREFIX_DB_module` (`module_id`, `name`, `code`, `setting`) VALUES ('51', 'Баннер справа 2', 'banner', '{"name":"\\u0411\\u0430\\u043d\\u043d\\u0435\\u0440 \\u0441\\u043f\\u0440\\u0430\\u0432\\u0430 2","banner_id":"14","width":"493","height":"332","status":"1"}');

REPLACE INTO `PREFIX_DB_setting` (`setting_id`, `store_id`, `code`, `key`, `value`, `serialized`) VALUES ('4', '0', 'voucher', 'voucher_sort_order', '8', '0');
REPLACE INTO `PREFIX_DB_setting` (`setting_id`, `store_id`, `code`, `key`, `value`, `serialized`) VALUES ('5', '0', 'voucher', 'voucher_status', '1', '0');
REPLACE INTO `PREFIX_DB_setting` (`setting_id`, `store_id`, `code`, `key`, `value`, `serialized`) VALUES ('26886', '0', 'config', 'config_encryption', 'fdscRbs7UKHm3Knw4vZaQgP2q5PGZ03BbBp7SxABKBvyTVuFwBv6S40zXJp6ZqhcfSQM4RL5JmXolMEi6KEGvaA9JjvE67UQXK6wK9xFWopBMKpXu6THvvUnzADdXJg0qLIqmufoS8hqCSzjKA5RDLNQCoJQf5VzAMO6Mq3H29TzjdQfXs5fkAmZqLTcePu6JPaijJYIfyXjDmKPvCsFj1xWIQpAnf56LOvi7bTVtrx6nPbL4eghoiQWIAVBS9kpbul7FmXONuXydIjGqhg1lQdhJI9uZXDezyMYtwdjc1CY7kPfsBQC5sQLm1LQSsuHVtdr4NEvmIyMOgYlLZwKusffjgrIdd21hO3WSMmul1ZgfLkN7IXnbLTMbNdr4koAHcmuw9ickCu9Xfa0hMsQYWVSk0YZMcXXK1ejSm4zqVWPhRI90GY6tlJMaJbf8CDirIc7Ur2D61BrQVtVKJa7y1gIK6RcmsC9dORUEq2fCIN9BW876xmfEdJqjl1dr7bw9YHkmyCQrkQkVOkP5Do8TjSHSTd1Gm0vc1gUqdkDccdsfqLw6kZNcej8HtsNcLUT7WLIvtaGNuLtHAngZsTsIQBTGwFEMkWaMpo6pZQG0Csepc6zuBkhAQ5P2NHvqYqcCFhWkgYo9ToqLedJaAw7Rb2ggEVTPZjmAjl7viZABO1rhdLnrAihHvErkAvsa4ulpxqYEAjjPX4UunTK9OhyaOg5koLcaBh43p1SyQclXkuA4ns5vX3yDsV7w9LYIt8pKWeJWOEC8jzgekIytZt4M135DhmKKYlicKrZU0kIPogIL8urX3kub1axVB93rPcuYRoQLe1H84qqIBEntTKVmXRt05ngAVphtkZgomWPVbBM2pO44zQUrRX3UB58E1zE0vf44iSlBYd810vZQeSeUghnUjeGYXkqhu2V1O8dmjMMBw6Le4SEjAM6FY1M1tD6EyIF8Nlg6XzrO4OhTdPjuHZcqGtUjxUu3hSl5J8VsFrfrGjDBffgQMrKJHkGcJQU', '0');
REPLACE INTO `PREFIX_DB_setting` (`setting_id`, `store_id`, `code`, `key`, `value`, `serialized`) VALUES ('26885', '0', 'config', 'config_shared', '0', '0');
REPLACE INTO `PREFIX_DB_setting` (`setting_id`, `store_id`, `code`, `key`, `value`, `serialized`) VALUES ('26884', '0', 'config', 'config_password', '1', '0');
REPLACE INTO `PREFIX_DB_setting` (`setting_id`, `store_id`, `code`, `key`, `value`, `serialized`) VALUES ('26883', '0', 'config', 'config_secure', '0', '0');
REPLACE INTO `PREFIX_DB_setting` (`setting_id`, `store_id`, `code`, `key`, `value`, `serialized`) VALUES ('26880', '0', 'config', 'config_compression', '0', '0');
REPLACE INTO `PREFIX_DB_setting` (`setting_id`, `store_id`, `code`, `key`, `value`, `serialized`) VALUES ('26881', '0', 'config', 'config_mail_regexp', '/^[^@]+@.*.[a-z]{2,15}$/i', '0');
REPLACE INTO `PREFIX_DB_setting` (`setting_id`, `store_id`, `code`, `key`, `value`, `serialized`) VALUES ('26882', '0', 'config', 'config_editor_default', '0', '0');
REPLACE INTO `PREFIX_DB_setting` (`setting_id`, `store_id`, `code`, `key`, `value`, `serialized`) VALUES ('96', '0', 'free_checkout', 'free_checkout_status', '1', '0');
REPLACE INTO `PREFIX_DB_setting` (`setting_id`, `store_id`, `code`, `key`, `value`, `serialized`) VALUES ('97', '0', 'free_checkout', 'free_checkout_order_status_id', '1', '0');
REPLACE INTO `PREFIX_DB_setting` (`setting_id`, `store_id`, `code`, `key`, `value`, `serialized`) VALUES ('98', '0', 'shipping', 'shipping_sort_order', '3', '0');
REPLACE INTO `PREFIX_DB_setting` (`setting_id`, `store_id`, `code`, `key`, `value`, `serialized`) VALUES ('99', '0', 'sub_total', 'sub_total_sort_order', '1', '0');
REPLACE INTO `PREFIX_DB_setting` (`setting_id`, `store_id`, `code`, `key`, `value`, `serialized`) VALUES ('100', '0', 'sub_total', 'sub_total_status', '1', '0');
REPLACE INTO `PREFIX_DB_setting` (`setting_id`, `store_id`, `code`, `key`, `value`, `serialized`) VALUES ('6668', '0', 'tax', 'tax_sort_order', '5', '0');
REPLACE INTO `PREFIX_DB_setting` (`setting_id`, `store_id`, `code`, `key`, `value`, `serialized`) VALUES ('102', '0', 'total', 'total_sort_order', '9', '0');
REPLACE INTO `PREFIX_DB_setting` (`setting_id`, `store_id`, `code`, `key`, `value`, `serialized`) VALUES ('103', '0', 'total', 'total_status', '1', '0');
REPLACE INTO `PREFIX_DB_setting` (`setting_id`, `store_id`, `code`, `key`, `value`, `serialized`) VALUES ('6667', '0', 'tax', 'tax_status', '0', '0');
REPLACE INTO `PREFIX_DB_setting` (`setting_id`, `store_id`, `code`, `key`, `value`, `serialized`) VALUES ('105', '0', 'free_checkout', 'free_checkout_sort_order', '1', '0');
REPLACE INTO `PREFIX_DB_setting` (`setting_id`, `store_id`, `code`, `key`, `value`, `serialized`) VALUES ('106', '0', 'cod', 'cod_sort_order', '5', '0');
REPLACE INTO `PREFIX_DB_setting` (`setting_id`, `store_id`, `code`, `key`, `value`, `serialized`) VALUES ('107', '0', 'cod', 'cod_total', '0.01', '0');
REPLACE INTO `PREFIX_DB_setting` (`setting_id`, `store_id`, `code`, `key`, `value`, `serialized`) VALUES ('108', '0', 'cod', 'cod_order_status_id', '1', '0');
REPLACE INTO `PREFIX_DB_setting` (`setting_id`, `store_id`, `code`, `key`, `value`, `serialized`) VALUES ('109', '0', 'cod', 'cod_geo_zone_id', '0', '0');
REPLACE INTO `PREFIX_DB_setting` (`setting_id`, `store_id`, `code`, `key`, `value`, `serialized`) VALUES ('110', '0', 'cod', 'cod_status', '1', '0');
REPLACE INTO `PREFIX_DB_setting` (`setting_id`, `store_id`, `code`, `key`, `value`, `serialized`) VALUES ('111', '0', 'shipping', 'shipping_status', '1', '0');
REPLACE INTO `PREFIX_DB_setting` (`setting_id`, `store_id`, `code`, `key`, `value`, `serialized`) VALUES ('112', '0', 'shipping', 'shipping_estimator', '1', '0');
REPLACE INTO `PREFIX_DB_setting` (`setting_id`, `store_id`, `code`, `key`, `value`, `serialized`) VALUES ('113', '0', 'coupon', 'coupon_sort_order', '4', '0');
REPLACE INTO `PREFIX_DB_setting` (`setting_id`, `store_id`, `code`, `key`, `value`, `serialized`) VALUES ('114', '0', 'coupon', 'coupon_status', '1', '0');
REPLACE INTO `PREFIX_DB_setting` (`setting_id`, `store_id`, `code`, `key`, `value`, `serialized`) VALUES ('115', '0', 'flat', 'flat_sort_order', '1', '0');
REPLACE INTO `PREFIX_DB_setting` (`setting_id`, `store_id`, `code`, `key`, `value`, `serialized`) VALUES ('116', '0', 'flat', 'flat_status', '1', '0');
REPLACE INTO `PREFIX_DB_setting` (`setting_id`, `store_id`, `code`, `key`, `value`, `serialized`) VALUES ('117', '0', 'flat', 'flat_geo_zone_id', '0', '0');
REPLACE INTO `PREFIX_DB_setting` (`setting_id`, `store_id`, `code`, `key`, `value`, `serialized`) VALUES ('118', '0', 'flat', 'flat_tax_class_id', '9', '0');
REPLACE INTO `PREFIX_DB_setting` (`setting_id`, `store_id`, `code`, `key`, `value`, `serialized`) VALUES ('119', '0', 'flat', 'flat_cost', '5.00', '0');
REPLACE INTO `PREFIX_DB_setting` (`setting_id`, `store_id`, `code`, `key`, `value`, `serialized`) VALUES ('120', '0', 'credit', 'credit_sort_order', '7', '0');
REPLACE INTO `PREFIX_DB_setting` (`setting_id`, `store_id`, `code`, `key`, `value`, `serialized`) VALUES ('121', '0', 'credit', 'credit_status', '1', '0');
REPLACE INTO `PREFIX_DB_setting` (`setting_id`, `store_id`, `code`, `key`, `value`, `serialized`) VALUES ('122', '0', 'reward', 'reward_sort_order', '2', '0');
REPLACE INTO `PREFIX_DB_setting` (`setting_id`, `store_id`, `code`, `key`, `value`, `serialized`) VALUES ('123', '0', 'reward', 'reward_status', '1', '0');
REPLACE INTO `PREFIX_DB_setting` (`setting_id`, `store_id`, `code`, `key`, `value`, `serialized`) VALUES ('124', '0', 'category', 'category_status', '1', '0');
REPLACE INTO `PREFIX_DB_setting` (`setting_id`, `store_id`, `code`, `key`, `value`, `serialized`) VALUES ('125', '0', 'account', 'account_status', '1', '0');
REPLACE INTO `PREFIX_DB_setting` (`setting_id`, `store_id`, `code`, `key`, `value`, `serialized`) VALUES ('126', '0', 'affiliate', 'affiliate_status', '1', '0');
REPLACE INTO `PREFIX_DB_setting` (`setting_id`, `store_id`, `code`, `key`, `value`, `serialized`) VALUES ('127', '0', 'theme_default', 'theme_default_product_limit', '15', '0');
REPLACE INTO `PREFIX_DB_setting` (`setting_id`, `store_id`, `code`, `key`, `value`, `serialized`) VALUES ('128', '0', 'theme_default', 'theme_default_product_description_length', '100', '0');
REPLACE INTO `PREFIX_DB_setting` (`setting_id`, `store_id`, `code`, `key`, `value`, `serialized`) VALUES ('129', '0', 'theme_default', 'theme_default_image_thumb_width', '228', '0');
REPLACE INTO `PREFIX_DB_setting` (`setting_id`, `store_id`, `code`, `key`, `value`, `serialized`) VALUES ('130', '0', 'theme_default', 'theme_default_image_thumb_height', '228', '0');
REPLACE INTO `PREFIX_DB_setting` (`setting_id`, `store_id`, `code`, `key`, `value`, `serialized`) VALUES ('131', '0', 'theme_default', 'theme_default_image_popup_width', '500', '0');
REPLACE INTO `PREFIX_DB_setting` (`setting_id`, `store_id`, `code`, `key`, `value`, `serialized`) VALUES ('132', '0', 'theme_default', 'theme_default_image_popup_height', '500', '0');
REPLACE INTO `PREFIX_DB_setting` (`setting_id`, `store_id`, `code`, `key`, `value`, `serialized`) VALUES ('133', '0', 'theme_default', 'theme_default_image_category_width', '80', '0');
REPLACE INTO `PREFIX_DB_setting` (`setting_id`, `store_id`, `code`, `key`, `value`, `serialized`) VALUES ('134', '0', 'theme_default', 'theme_default_image_category_height', '80', '0');
REPLACE INTO `PREFIX_DB_setting` (`setting_id`, `store_id`, `code`, `key`, `value`, `serialized`) VALUES ('135', '0', 'theme_default', 'theme_default_image_product_width', '228', '0');
REPLACE INTO `PREFIX_DB_setting` (`setting_id`, `store_id`, `code`, `key`, `value`, `serialized`) VALUES ('136', '0', 'theme_default', 'theme_default_image_product_height', '228', '0');
REPLACE INTO `PREFIX_DB_setting` (`setting_id`, `store_id`, `code`, `key`, `value`, `serialized`) VALUES ('137', '0', 'theme_default', 'theme_default_image_additional_width', '74', '0');
REPLACE INTO `PREFIX_DB_setting` (`setting_id`, `store_id`, `code`, `key`, `value`, `serialized`) VALUES ('138', '0', 'theme_default', 'theme_default_image_additional_height', '74', '0');
REPLACE INTO `PREFIX_DB_setting` (`setting_id`, `store_id`, `code`, `key`, `value`, `serialized`) VALUES ('139', '0', 'theme_default', 'theme_default_image_related_width', '200', '0');
REPLACE INTO `PREFIX_DB_setting` (`setting_id`, `store_id`, `code`, `key`, `value`, `serialized`) VALUES ('140', '0', 'theme_default', 'theme_default_image_related_height', '200', '0');
REPLACE INTO `PREFIX_DB_setting` (`setting_id`, `store_id`, `code`, `key`, `value`, `serialized`) VALUES ('141', '0', 'theme_default', 'theme_default_image_compare_width', '90', '0');
REPLACE INTO `PREFIX_DB_setting` (`setting_id`, `store_id`, `code`, `key`, `value`, `serialized`) VALUES ('142', '0', 'theme_default', 'theme_default_image_compare_height', '90', '0');
REPLACE INTO `PREFIX_DB_setting` (`setting_id`, `store_id`, `code`, `key`, `value`, `serialized`) VALUES ('143', '0', 'theme_default', 'theme_default_image_wishlist_width', '47', '0');
REPLACE INTO `PREFIX_DB_setting` (`setting_id`, `store_id`, `code`, `key`, `value`, `serialized`) VALUES ('144', '0', 'theme_default', 'theme_default_image_wishlist_height', '47', '0');
REPLACE INTO `PREFIX_DB_setting` (`setting_id`, `store_id`, `code`, `key`, `value`, `serialized`) VALUES ('145', '0', 'theme_default', 'theme_default_image_cart_height', '47', '0');
REPLACE INTO `PREFIX_DB_setting` (`setting_id`, `store_id`, `code`, `key`, `value`, `serialized`) VALUES ('146', '0', 'theme_default', 'theme_default_image_cart_width', '47', '0');
REPLACE INTO `PREFIX_DB_setting` (`setting_id`, `store_id`, `code`, `key`, `value`, `serialized`) VALUES ('147', '0', 'theme_default', 'theme_default_image_location_height', '50', '0');
REPLACE INTO `PREFIX_DB_setting` (`setting_id`, `store_id`, `code`, `key`, `value`, `serialized`) VALUES ('148', '0', 'theme_default', 'theme_default_image_location_width', '268', '0');
REPLACE INTO `PREFIX_DB_setting` (`setting_id`, `store_id`, `code`, `key`, `value`, `serialized`) VALUES ('149', '0', 'theme_default', 'theme_default_directory', 'default', '0');
REPLACE INTO `PREFIX_DB_setting` (`setting_id`, `store_id`, `code`, `key`, `value`, `serialized`) VALUES ('150', '0', 'theme_default', 'theme_default_status', '1', '0');
REPLACE INTO `PREFIX_DB_setting` (`setting_id`, `store_id`, `code`, `key`, `value`, `serialized`) VALUES ('151', '0', 'dashboard_activity', 'dashboard_activity_status', '1', '0');
REPLACE INTO `PREFIX_DB_setting` (`setting_id`, `store_id`, `code`, `key`, `value`, `serialized`) VALUES ('152', '0', 'dashboard_activity', 'dashboard_activity_sort_order', '7', '0');
REPLACE INTO `PREFIX_DB_setting` (`setting_id`, `store_id`, `code`, `key`, `value`, `serialized`) VALUES ('153', '0', 'dashboard_sale', 'dashboard_sale_status', '1', '0');
REPLACE INTO `PREFIX_DB_setting` (`setting_id`, `store_id`, `code`, `key`, `value`, `serialized`) VALUES ('154', '0', 'dashboard_sale', 'dashboard_sale_width', '3', '0');
REPLACE INTO `PREFIX_DB_setting` (`setting_id`, `store_id`, `code`, `key`, `value`, `serialized`) VALUES ('155', '0', 'dashboard_chart', 'dashboard_chart_status', '1', '0');
REPLACE INTO `PREFIX_DB_setting` (`setting_id`, `store_id`, `code`, `key`, `value`, `serialized`) VALUES ('156', '0', 'dashboard_chart', 'dashboard_chart_width', '6', '0');
REPLACE INTO `PREFIX_DB_setting` (`setting_id`, `store_id`, `code`, `key`, `value`, `serialized`) VALUES ('157', '0', 'dashboard_customer', 'dashboard_customer_status', '1', '0');
REPLACE INTO `PREFIX_DB_setting` (`setting_id`, `store_id`, `code`, `key`, `value`, `serialized`) VALUES ('158', '0', 'dashboard_customer', 'dashboard_customer_width', '3', '0');
REPLACE INTO `PREFIX_DB_setting` (`setting_id`, `store_id`, `code`, `key`, `value`, `serialized`) VALUES ('159', '0', 'dashboard_map', 'dashboard_map_status', '1', '0');
REPLACE INTO `PREFIX_DB_setting` (`setting_id`, `store_id`, `code`, `key`, `value`, `serialized`) VALUES ('160', '0', 'dashboard_map', 'dashboard_map_width', '6', '0');
REPLACE INTO `PREFIX_DB_setting` (`setting_id`, `store_id`, `code`, `key`, `value`, `serialized`) VALUES ('161', '0', 'dashboard_online', 'dashboard_online_status', '1', '0');
REPLACE INTO `PREFIX_DB_setting` (`setting_id`, `store_id`, `code`, `key`, `value`, `serialized`) VALUES ('162', '0', 'dashboard_online', 'dashboard_online_width', '3', '0');
REPLACE INTO `PREFIX_DB_setting` (`setting_id`, `store_id`, `code`, `key`, `value`, `serialized`) VALUES ('163', '0', 'dashboard_order', 'dashboard_order_sort_order', '1', '0');
REPLACE INTO `PREFIX_DB_setting` (`setting_id`, `store_id`, `code`, `key`, `value`, `serialized`) VALUES ('164', '0', 'dashboard_order', 'dashboard_order_status', '1', '0');
REPLACE INTO `PREFIX_DB_setting` (`setting_id`, `store_id`, `code`, `key`, `value`, `serialized`) VALUES ('165', '0', 'dashboard_order', 'dashboard_order_width', '3', '0');
REPLACE INTO `PREFIX_DB_setting` (`setting_id`, `store_id`, `code`, `key`, `value`, `serialized`) VALUES ('166', '0', 'dashboard_sale', 'dashboard_sale_sort_order', '2', '0');
REPLACE INTO `PREFIX_DB_setting` (`setting_id`, `store_id`, `code`, `key`, `value`, `serialized`) VALUES ('167', '0', 'dashboard_customer', 'dashboard_customer_sort_order', '3', '0');
REPLACE INTO `PREFIX_DB_setting` (`setting_id`, `store_id`, `code`, `key`, `value`, `serialized`) VALUES ('168', '0', 'dashboard_online', 'dashboard_online_sort_order', '4', '0');
REPLACE INTO `PREFIX_DB_setting` (`setting_id`, `store_id`, `code`, `key`, `value`, `serialized`) VALUES ('169', '0', 'dashboard_map', 'dashboard_map_sort_order', '5', '0');
REPLACE INTO `PREFIX_DB_setting` (`setting_id`, `store_id`, `code`, `key`, `value`, `serialized`) VALUES ('170', '0', 'dashboard_chart', 'dashboard_chart_sort_order', '6', '0');
REPLACE INTO `PREFIX_DB_setting` (`setting_id`, `store_id`, `code`, `key`, `value`, `serialized`) VALUES ('171', '0', 'dashboard_recent', 'dashboard_recent_status', '1', '0');
REPLACE INTO `PREFIX_DB_setting` (`setting_id`, `store_id`, `code`, `key`, `value`, `serialized`) VALUES ('172', '0', 'dashboard_recent', 'dashboard_recent_sort_order', '8', '0');
REPLACE INTO `PREFIX_DB_setting` (`setting_id`, `store_id`, `code`, `key`, `value`, `serialized`) VALUES ('173', '0', 'dashboard_activity', 'dashboard_activity_width', '4', '0');
REPLACE INTO `PREFIX_DB_setting` (`setting_id`, `store_id`, `code`, `key`, `value`, `serialized`) VALUES ('174', '0', 'dashboard_recent', 'dashboard_recent_width', '8', '0');
REPLACE INTO `PREFIX_DB_setting` (`setting_id`, `store_id`, `code`, `key`, `value`, `serialized`) VALUES ('21312', '0', 'aridius_faq', 'aridius_faq_status', '1', '0');
REPLACE INTO `PREFIX_DB_setting` (`setting_id`, `store_id`, `code`, `key`, `value`, `serialized`) VALUES ('21309', '0', 'aridius_faq', 'aridius_faq_meta_title', '{"1":"FAQ","2":"FAQ"}', '1');
REPLACE INTO `PREFIX_DB_setting` (`setting_id`, `store_id`, `code`, `key`, `value`, `serialized`) VALUES ('15327', '0', 'aridius_category_accordion', 'aridius_category_accordion_status', '1', '0');
REPLACE INTO `PREFIX_DB_setting` (`setting_id`, `store_id`, `code`, `key`, `value`, `serialized`) VALUES ('23306', '0', 'aridius_letters', 'aridius_letters_status', '1', '0');
REPLACE INTO `PREFIX_DB_setting` (`setting_id`, `store_id`, `code`, `key`, `value`, `serialized`) VALUES ('24054', '0', 'aridius_news', 'aridius_news_mail', '0', '0');
REPLACE INTO `PREFIX_DB_setting` (`setting_id`, `store_id`, `code`, `key`, `value`, `serialized`) VALUES ('26854', '0', 'config', 'config_captcha', '', '0');
REPLACE INTO `PREFIX_DB_setting` (`setting_id`, `store_id`, `code`, `key`, `value`, `serialized`) VALUES ('26855', '0', 'config', 'config_captcha_page', '["review","return","contact"]', '1');
REPLACE INTO `PREFIX_DB_setting` (`setting_id`, `store_id`, `code`, `key`, `value`, `serialized`) VALUES ('26856', '0', 'config', 'config_logo', 'catalog/modern/logo.png', '0');
REPLACE INTO `PREFIX_DB_setting` (`setting_id`, `store_id`, `code`, `key`, `value`, `serialized`) VALUES ('26857', '0', 'config', 'config_icon', 'catalog/cart.png', '0');
REPLACE INTO `PREFIX_DB_setting` (`setting_id`, `store_id`, `code`, `key`, `value`, `serialized`) VALUES ('26858', '0', 'config', 'config_ftp_hostname', 'modern1.aridius.ru', '0');
REPLACE INTO `PREFIX_DB_setting` (`setting_id`, `store_id`, `code`, `key`, `value`, `serialized`) VALUES ('26859', '0', 'config', 'config_ftp_port', '21', '0');
REPLACE INTO `PREFIX_DB_setting` (`setting_id`, `store_id`, `code`, `key`, `value`, `serialized`) VALUES ('26860', '0', 'config', 'config_ftp_username', '', '0');
REPLACE INTO `PREFIX_DB_setting` (`setting_id`, `store_id`, `code`, `key`, `value`, `serialized`) VALUES ('26861', '0', 'config', 'config_ftp_password', '', '0');
REPLACE INTO `PREFIX_DB_setting` (`setting_id`, `store_id`, `code`, `key`, `value`, `serialized`) VALUES ('26862', '0', 'config', 'config_ftp_root', '', '0');
REPLACE INTO `PREFIX_DB_setting` (`setting_id`, `store_id`, `code`, `key`, `value`, `serialized`) VALUES ('26863', '0', 'config', 'config_ftp_status', '0', '0');
REPLACE INTO `PREFIX_DB_setting` (`setting_id`, `store_id`, `code`, `key`, `value`, `serialized`) VALUES ('26864', '0', 'config', 'config_mail_protocol', 'mail', '0');
REPLACE INTO `PREFIX_DB_setting` (`setting_id`, `store_id`, `code`, `key`, `value`, `serialized`) VALUES ('26865', '0', 'config', 'config_mail_parameter', '', '0');
REPLACE INTO `PREFIX_DB_setting` (`setting_id`, `store_id`, `code`, `key`, `value`, `serialized`) VALUES ('26866', '0', 'config', 'config_mail_smtp_hostname', '', '0');
REPLACE INTO `PREFIX_DB_setting` (`setting_id`, `store_id`, `code`, `key`, `value`, `serialized`) VALUES ('26867', '0', 'config', 'config_mail_smtp_username', '', '0');
REPLACE INTO `PREFIX_DB_setting` (`setting_id`, `store_id`, `code`, `key`, `value`, `serialized`) VALUES ('26868', '0', 'config', 'config_mail_smtp_password', '', '0');
REPLACE INTO `PREFIX_DB_setting` (`setting_id`, `store_id`, `code`, `key`, `value`, `serialized`) VALUES ('26869', '0', 'config', 'config_mail_smtp_port', '25', '0');
REPLACE INTO `PREFIX_DB_setting` (`setting_id`, `store_id`, `code`, `key`, `value`, `serialized`) VALUES ('26870', '0', 'config', 'config_mail_smtp_timeout', '5', '0');
REPLACE INTO `PREFIX_DB_setting` (`setting_id`, `store_id`, `code`, `key`, `value`, `serialized`) VALUES ('26871', '0', 'config', 'config_mail_alert', '["account","affiliate","order","review"]', '1');
REPLACE INTO `PREFIX_DB_setting` (`setting_id`, `store_id`, `code`, `key`, `value`, `serialized`) VALUES ('26873', '0', 'config', 'config_maintenance', '0', '0');
REPLACE INTO `PREFIX_DB_setting` (`setting_id`, `store_id`, `code`, `key`, `value`, `serialized`) VALUES ('26874', '0', 'config', 'config_seo_url', '1', '0');
REPLACE INTO `PREFIX_DB_setting` (`setting_id`, `store_id`, `code`, `key`, `value`, `serialized`) VALUES ('26875', '0', 'config', 'config_seo_url_type', 'seo_pro', '0');
REPLACE INTO `PREFIX_DB_setting` (`setting_id`, `store_id`, `code`, `key`, `value`, `serialized`) VALUES ('26876', '0', 'config', 'config_seo_url_include_path', '1', '0');
REPLACE INTO `PREFIX_DB_setting` (`setting_id`, `store_id`, `code`, `key`, `value`, `serialized`) VALUES ('26877', '0', 'config', 'config_seo_url_postfix', '', '0');
REPLACE INTO `PREFIX_DB_setting` (`setting_id`, `store_id`, `code`, `key`, `value`, `serialized`) VALUES ('26878', '0', 'config', 'config_seo_PREFIX_DB_utm', 'blockfrommarketgclidkeywordlist_typeopenstatopenstat_serviceopenstat_campaignopenstat_adopenstat_sourcepositionsourcetrackingtypeyclidymcliduriurltypeutm_sourceutm_mediumutm_campaignutm_termutm_content', '0');
REPLACE INTO `PREFIX_DB_setting` (`setting_id`, `store_id`, `code`, `key`, `value`, `serialized`) VALUES ('26879', '0', 'config', 'config_robots', 'abotdbotebothbotkbotlbotmbotnbotobotpbotrbotsbottbotvbotybotzbotbot.bot/_bot.bot/bot-bot:bot(botcrawlslurpspiderseekaccoonaacoonadressendeutschlandah-ha.comahoyaltavistaananzianthillappiearachnophiliaaralearaneoaranhaarchitextarethaarksasteriasatlocalatnatomzaugurfindbackrubbannana_botbaypupbdfetchbig brotherbiglotronbjaalandblackwidowblaizblogblo.bloodhoundboithoboochbradleybutterflycalifcassandraccubeecfetchcharlottechurlcienciaficcioncmccollectivecomagentcombinecomputingsitecscicurlcuscodaumoadeepindexdeloriedepspiddewebdie blinde kuhdiggerdittodmozdocomodownload expressdtaagentdwcpebinessebingbonge-collectorejupiteremacs-w3 search engineestherevliya celebiezresultfalconfelix ideferretfetchroverfidofindlinksfireballfish searchfouineurfunnelwebgazzgcreepgenieknowsgetterroboplusgeturlglxgoforitgolemgrabbergrapnelgralongriffongromitgrubgulliverhamahakkiharvesthavindexhelixheritrixhku www octopushomerwebhtdightml indexhtml_analyzerhtmlgobblehubaterhyper-decontextualizeria_archiveribm_planetwideichiroiconsurfiltrovatoreimage.kapsi.netimagelockincywincyindexerinfobeeinformantingridinktomisearch.cominspector webintelliagentinternet shinchakubinip3000iron33israeli-searchiviajackjakartajavabeejetbotjumpstationkatipokdd-explorerkilroyknowledgekototoikretrievelabelgrabberlachesislarbinlegslibwwwlinkalarmlink validatorlinkscanlockonlwplycosmagpiemantraagentmapoftheinternetmarvin/mattiemediafoxmediapartnersmercatormerzscopemicrosoft url controlminirankmivamj12mnogosearchmogetmonstermoosemotormultitextmunchermuscatferretmwd.searchmywebnajdinameprotectnationaldirectorynazillancsa betanec-meshexplorernederland.zoeknetcarta webmap enginenetmechanicnetresearchservernetscoopnewscan-onlinenhsenokia6682/nomadnoyonanutchnzexplorerobjectssearchoccamomniopen textopenfindopenintelligencedataorb searchosis-projectpack ratpageboypagebullpage_verifierpanscientparasitepartnersitepatricpear.pegasusperegrinatorpgp key agentphantomphpdigpicosearchpiltdownmanpimptrainpinpointpioneerpiranhaplumtreewebaccessorpogodakpoirotpompospoppelsdorfpoppipopular iconoclastpsycheclonepublisherpythonramblerraven searchroachroad runnerroadhouserobbierobofoxrobozillarulessaltysbiderscooterscoutjetscrubbysearch.searchprocesssemanticdiscoverysenrigansg-scoutshai\'huludsharkshopwikisidewindersiftsilksimmanysite searchersite valetsitetech-roverskymob.comsleeksmartwitsna-snappysnoopersohuspeedfindspheresphiderspinnerspydersteeler/sukesunteksupersnoopersurfnomoresvensygolszukacztach black widowtarantulatempleton/teomat-h-u-n-d-e-r-s-t-o-n-etheophrastustitantitintkwwwtoutatist-rextutorgigtwicelertwisteducsdudmsearchurl checkupdatedvagabondovalkyrieverticrawlvictoriavision-searchvolcanovoyager/voyager-hcw3c_validatorw3m2w3mirwalkerwallpaperwandererwauuuwavefireweb coreweb hopperweb wombatwebbanditwebcatcherwebcopywebfootweblayersweblinkerweblog monitorwebmirrorwebmonkeywebquestwebreaperwebsitepulsewebsnarfwebstolpererwebvacwebwalkwebwatchwebwombatwebzingerwhizbangwhowherewild ferretworldlightwwwcwwwsterxenuxgetxiftxirqyandexyangayetiyodaozaozipppzyborg', '0');
REPLACE INTO `PREFIX_DB_setting` (`setting_id`, `store_id`, `code`, `key`, `value`, `serialized`) VALUES ('26850', '0', 'config', 'config_affiliate_commission', '5', '0');
REPLACE INTO `PREFIX_DB_setting` (`setting_id`, `store_id`, `code`, `key`, `value`, `serialized`) VALUES ('26851', '0', 'config', 'config_affiliate_id', '4', '0');
REPLACE INTO `PREFIX_DB_setting` (`setting_id`, `store_id`, `code`, `key`, `value`, `serialized`) VALUES ('26852', '0', 'config', 'config_return_id', '0', '0');
REPLACE INTO `PREFIX_DB_setting` (`setting_id`, `store_id`, `code`, `key`, `value`, `serialized`) VALUES ('26853', '0', 'config', 'config_return_status_id', '2', '0');
REPLACE INTO `PREFIX_DB_setting` (`setting_id`, `store_id`, `code`, `key`, `value`, `serialized`) VALUES ('26849', '0', 'config', 'config_affiliate_auto', '0', '0');
REPLACE INTO `PREFIX_DB_setting` (`setting_id`, `store_id`, `code`, `key`, `value`, `serialized`) VALUES ('24053', '0', 'aridius_news', 'aridius_news_limite_page', '10', '0');
REPLACE INTO `PREFIX_DB_setting` (`setting_id`, `store_id`, `code`, `key`, `value`, `serialized`) VALUES ('24052', '0', 'aridius_news', 'aridius_news_display_captcha', '0', '0');
REPLACE INTO `PREFIX_DB_setting` (`setting_id`, `store_id`, `code`, `key`, `value`, `serialized`) VALUES ('24051', '0', 'aridius_news', 'aridius_news_display_answer_button', '0', '0');
REPLACE INTO `PREFIX_DB_setting` (`setting_id`, `store_id`, `code`, `key`, `value`, `serialized`) VALUES ('26848', '0', 'config', 'config_affiliate_approval', '0', '0');
REPLACE INTO `PREFIX_DB_setting` (`setting_id`, `store_id`, `code`, `key`, `value`, `serialized`) VALUES ('26847', '0', 'config', 'config_stock_checkout', '1', '0');
REPLACE INTO `PREFIX_DB_setting` (`setting_id`, `store_id`, `code`, `key`, `value`, `serialized`) VALUES ('26846', '0', 'config', 'config_stock_warning', '0', '0');
REPLACE INTO `PREFIX_DB_setting` (`setting_id`, `store_id`, `code`, `key`, `value`, `serialized`) VALUES ('26845', '0', 'config', 'config_stock_display', '0', '0');
REPLACE INTO `PREFIX_DB_setting` (`setting_id`, `store_id`, `code`, `key`, `value`, `serialized`) VALUES ('26844', '0', 'config', 'config_api_id', '1', '0');
REPLACE INTO `PREFIX_DB_setting` (`setting_id`, `store_id`, `code`, `key`, `value`, `serialized`) VALUES ('26843', '0', 'config', 'config_fraud_status_id', '2', '0');
REPLACE INTO `PREFIX_DB_setting` (`setting_id`, `store_id`, `code`, `key`, `value`, `serialized`) VALUES ('26842', '0', 'config', 'config_complete_status', '["3","5"]', '1');
REPLACE INTO `PREFIX_DB_setting` (`setting_id`, `store_id`, `code`, `key`, `value`, `serialized`) VALUES ('26841', '0', 'config', 'config_processing_status', '["2","3","1","12","5"]', '1');
REPLACE INTO `PREFIX_DB_setting` (`setting_id`, `store_id`, `code`, `key`, `value`, `serialized`) VALUES ('26840', '0', 'config', 'config_order_status_id', '1', '0');
REPLACE INTO `PREFIX_DB_setting` (`setting_id`, `store_id`, `code`, `key`, `value`, `serialized`) VALUES ('26839', '0', 'config', 'config_checkout_id', '5', '0');
REPLACE INTO `PREFIX_DB_setting` (`setting_id`, `store_id`, `code`, `key`, `value`, `serialized`) VALUES ('26838', '0', 'config', 'config_checkout_guest', '1', '0');
REPLACE INTO `PREFIX_DB_setting` (`setting_id`, `store_id`, `code`, `key`, `value`, `serialized`) VALUES ('28271', '0', 'modern', 'modern_color_tittle_news', 'A7A7A7', '0');
REPLACE INTO `PREFIX_DB_setting` (`setting_id`, `store_id`, `code`, `key`, `value`, `serialized`) VALUES ('28270', '0', 'modern', 'modern_color_callback', 'A99D90', '0');
REPLACE INTO `PREFIX_DB_setting` (`setting_id`, `store_id`, `code`, `key`, `value`, `serialized`) VALUES ('28164', '0', 'modern', 'modern_voucher_footer', '0', '0');
REPLACE INTO `PREFIX_DB_setting` (`setting_id`, `store_id`, `code`, `key`, `value`, `serialized`) VALUES ('28269', '0', 'modern', 'modern_text_color_border_btn_hover', '737373', '0');
REPLACE INTO `PREFIX_DB_setting` (`setting_id`, `store_id`, `code`, `key`, `value`, `serialized`) VALUES ('28268', '0', 'modern', 'modern_text_color_btn_hover', 'FFFFFF', '0');
REPLACE INTO `PREFIX_DB_setting` (`setting_id`, `store_id`, `code`, `key`, `value`, `serialized`) VALUES ('28267', '0', 'modern', 'modern_background_btn_hover', '51473C', '0');
REPLACE INTO `PREFIX_DB_setting` (`setting_id`, `store_id`, `code`, `key`, `value`, `serialized`) VALUES ('28266', '0', 'modern', 'modern_text_color_border_btn', '737373', '0');
REPLACE INTO `PREFIX_DB_setting` (`setting_id`, `store_id`, `code`, `key`, `value`, `serialized`) VALUES ('28265', '0', 'modern', 'modern_text_color_btn', 'FFFFFF', '0');
REPLACE INTO `PREFIX_DB_setting` (`setting_id`, `store_id`, `code`, `key`, `value`, `serialized`) VALUES ('28264', '0', 'modern', 'modern_background_btn', '2F2F2F', '0');
REPLACE INTO `PREFIX_DB_setting` (`setting_id`, `store_id`, `code`, `key`, `value`, `serialized`) VALUES ('28263', '0', 'modern', 'modern_main_color_text3', '737373', '0');
REPLACE INTO `PREFIX_DB_setting` (`setting_id`, `store_id`, `code`, `key`, `value`, `serialized`) VALUES ('28262', '0', 'modern', 'modern_main_color_text2', '79C1D4', '0');
REPLACE INTO `PREFIX_DB_setting` (`setting_id`, `store_id`, `code`, `key`, `value`, `serialized`) VALUES ('28261', '0', 'modern', 'modern_main_color_text', 'FFFFFF', '0');
REPLACE INTO `PREFIX_DB_setting` (`setting_id`, `store_id`, `code`, `key`, `value`, `serialized`) VALUES ('25192', '0', 'aridius_popupsize', 'aridius_popupsize_status', '1', '0');
REPLACE INTO `PREFIX_DB_setting` (`setting_id`, `store_id`, `code`, `key`, `value`, `serialized`) VALUES ('26107', '0', 'aridius_popupmail', 'aridius_popupmail_time', '15', '0');
REPLACE INTO `PREFIX_DB_setting` (`setting_id`, `store_id`, `code`, `key`, `value`, `serialized`) VALUES ('23305', '0', 'aridius_letters', 'aridius_letters_footer_back', 'catalog/modern/letters_back.jpg', '0');
REPLACE INTO `PREFIX_DB_setting` (`setting_id`, `store_id`, `code`, `key`, `value`, `serialized`) VALUES ('23304', '0', 'aridius_letters', 'aridius_letters_pl', '{"1":"\\u041f\\u041e\\u0414\\u041f\\u0418\\u0421\\u0410\\u0422\\u042c\\u0421\\u042f","2":"\\u041f\\u041e\\u0414\\u041f\\u0418\\u0421\\u0410\\u0422\\u042c\\u0421\\u042f"}', '1');
REPLACE INTO `PREFIX_DB_setting` (`setting_id`, `store_id`, `code`, `key`, `value`, `serialized`) VALUES ('24050', '0', 'aridius_news', 'aridius_news_status_review', '0', '0');
REPLACE INTO `PREFIX_DB_setting` (`setting_id`, `store_id`, `code`, `key`, `value`, `serialized`) VALUES ('24049', '0', 'aridius_news', 'aridius_news_review_guest', '0', '0');
REPLACE INTO `PREFIX_DB_setting` (`setting_id`, `store_id`, `code`, `key`, `value`, `serialized`) VALUES ('24048', '0', 'aridius_news', 'aridius_news_status', '1', '0');
REPLACE INTO `PREFIX_DB_setting` (`setting_id`, `store_id`, `code`, `key`, `value`, `serialized`) VALUES ('24047', '0', 'aridius_news', 'aridius_news_footer_back', 'catalog/modern/fon.jpg', '0');
REPLACE INTO `PREFIX_DB_setting` (`setting_id`, `store_id`, `code`, `key`, `value`, `serialized`) VALUES ('24046', '0', 'aridius_news', 'aridius_news_thumb_height', '315', '0');
REPLACE INTO `PREFIX_DB_setting` (`setting_id`, `store_id`, `code`, `key`, `value`, `serialized`) VALUES ('24045', '0', 'aridius_news', 'aridius_news_thumb_width', '560', '0');
REPLACE INTO `PREFIX_DB_setting` (`setting_id`, `store_id`, `code`, `key`, `value`, `serialized`) VALUES ('24044', '0', 'aridius_news', 'aridius_news_show_description', '0', '0');
REPLACE INTO `PREFIX_DB_setting` (`setting_id`, `store_id`, `code`, `key`, `value`, `serialized`) VALUES ('24043', '0', 'aridius_news', 'aridius_news_show_img', '0', '0');
REPLACE INTO `PREFIX_DB_setting` (`setting_id`, `store_id`, `code`, `key`, `value`, `serialized`) VALUES ('24042', '0', 'aridius_news', 'aridius_news_show_date', '0', '0');
REPLACE INTO `PREFIX_DB_setting` (`setting_id`, `store_id`, `code`, `key`, `value`, `serialized`) VALUES ('765', '0', 'aridiuscallback', 'aridiuscallback_adddescriptionshow', '1', '0');
REPLACE INTO `PREFIX_DB_setting` (`setting_id`, `store_id`, `code`, `key`, `value`, `serialized`) VALUES ('766', '0', 'aridiuscallback', 'aridiuscallback_firstnameshow', '0', '0');
REPLACE INTO `PREFIX_DB_setting` (`setting_id`, `store_id`, `code`, `key`, `value`, `serialized`) VALUES ('767', '0', 'aridiuscallback', 'aridiuscallback_firstnamevalid', '0', '0');
REPLACE INTO `PREFIX_DB_setting` (`setting_id`, `store_id`, `code`, `key`, `value`, `serialized`) VALUES ('768', '0', 'aridiuscallback', 'aridiuscallback_placeholderfirstname', '{"1":"\\u0424\\u0418\\u041e","2":"\\u0424\\u0418\\u041e"}', '1');
REPLACE INTO `PREFIX_DB_setting` (`setting_id`, `store_id`, `code`, `key`, `value`, `serialized`) VALUES ('769', '0', 'aridiuscallback', 'aridiuscallback_mask', '{"1":"+7(999) 999-9999","2":"+7(999) 999-9999"}', '1');
REPLACE INTO `PREFIX_DB_setting` (`setting_id`, `store_id`, `code`, `key`, `value`, `serialized`) VALUES ('770', '0', 'aridiuscallback', 'aridiuscallback_placeholdertell', '{"1":"\\u0422\\u0435\\u043b\\u0435\\u0444\\u043e\\u043d","2":"\\u0422\\u0435\\u043b\\u0435\\u0444\\u043e\\u043d"}', '1');
REPLACE INTO `PREFIX_DB_setting` (`setting_id`, `store_id`, `code`, `key`, `value`, `serialized`) VALUES ('771', '0', 'aridiuscallback', 'aridiuscallback_emailshow', '0', '0');
REPLACE INTO `PREFIX_DB_setting` (`setting_id`, `store_id`, `code`, `key`, `value`, `serialized`) VALUES ('772', '0', 'aridiuscallback', 'aridiuscallback_emailvalid', '0', '0');
REPLACE INTO `PREFIX_DB_setting` (`setting_id`, `store_id`, `code`, `key`, `value`, `serialized`) VALUES ('773', '0', 'aridiuscallback', 'aridiuscallback_placeholderemail', '{"1":"E-mail","2":"E-mail"}', '1');
REPLACE INTO `PREFIX_DB_setting` (`setting_id`, `store_id`, `code`, `key`, `value`, `serialized`) VALUES ('774', '0', 'aridiuscallback', 'aridiuscallback_commentshow', '0', '0');
REPLACE INTO `PREFIX_DB_setting` (`setting_id`, `store_id`, `code`, `key`, `value`, `serialized`) VALUES ('775', '0', 'aridiuscallback', 'aridiuscallback_placeholdercomment', '{"1":"\\u041a\\u043e\\u043c\\u043c\\u0435\\u043d\\u0442\\u0430\\u0440\\u0438\\u0439","2":"\\u041a\\u043e\\u043c\\u043c\\u0435\\u043d\\u0442\\u0430\\u0440\\u0438\\u0439"}', '1');
REPLACE INTO `PREFIX_DB_setting` (`setting_id`, `store_id`, `code`, `key`, `value`, `serialized`) VALUES ('776', '0', 'aridiuscallback', 'aridiuscallback_timetshow', '0', '0');
REPLACE INTO `PREFIX_DB_setting` (`setting_id`, `store_id`, `code`, `key`, `value`, `serialized`) VALUES ('777', '0', 'aridiuscallback', 'aridiuscallback_placeholdertimein', '{"1":"\\u0441","2":"\\u0441"}', '1');
REPLACE INTO `PREFIX_DB_setting` (`setting_id`, `store_id`, `code`, `key`, `value`, `serialized`) VALUES ('778', '0', 'aridiuscallback', 'aridiuscallback_placeholdertimeoff', '{"1":"\\u0434\\u043e","2":"\\u0434\\u043e"}', '1');
REPLACE INTO `PREFIX_DB_setting` (`setting_id`, `store_id`, `code`, `key`, `value`, `serialized`) VALUES ('779', '0', 'aridiuscallback', 'aridiuscallback_status', '1', '0');
REPLACE INTO `PREFIX_DB_setting` (`setting_id`, `store_id`, `code`, `key`, `value`, `serialized`) VALUES ('780', '0', 'aridiuscallback', 'aridiuscallback_description', '{"1":"&lt;span style=&quot;font-size: 11px;&quot;&gt;\\u041d\\u0430\\u0436\\u0438\\u043c\\u0430\\u044f \\u043d\\u0430 \\u043a\\u043d\\u043e\\u043f\\u043a\\u0443 \\u00ab\\u041e\\u0442\\u043f\\u0440\\u0430\\u0432\\u0438\\u0442\\u044c\\u00bb, \\u044f \\u0434\\u0430\\u044e c\\u043e\\u0433\\u043b\\u0430\\u0441\\u0438\\u0435 \\u043d\\u0430 &lt;a href=&quot;person_danie&quot; target=&quot;_blank&quot;&gt;\\u043e\\u0431\\u0440\\u0430\\u0431\\u043e\\u0442\\u043a\\u0443 \\u043f\\u0435\\u0440\\u0441\\u043e\\u043d\\u0430\\u043b\\u044c\\u043d\\u044b\\u0445 \\u0434\\u0430\\u043d\\u043d\\u044b\\u0445.&lt;\\/a&gt;&lt;\\/span&gt;","2":"&lt;span style=&quot;font-size: 11px;&quot;&gt;\\u041d\\u0430\\u0436\\u0438\\u043c\\u0430\\u044f \\u043d\\u0430 \\u043a\\u043d\\u043e\\u043f\\u043a\\u0443 \\u00ab\\u041e\\u0442\\u043f\\u0440\\u0430\\u0432\\u0438\\u0442\\u044c\\u00bb, \\u044f \\u0434\\u0430\\u044e c\\u043e\\u0433\\u043b\\u0430\\u0441\\u0438\\u0435 \\u043d\\u0430 &lt;a href=&quot;person_danie&quot; target=&quot;_blank&quot;&gt;\\u043e\\u0431\\u0440\\u0430\\u0431\\u043e\\u0442\\u043a\\u0443 \\u043f\\u0435\\u0440\\u0441\\u043e\\u043d\\u0430\\u043b\\u044c\\u043d\\u044b\\u0445 \\u0434\\u0430\\u043d\\u043d\\u044b\\u0445.&lt;\\/a&gt;&lt;\\/span&gt;"}', '1');
REPLACE INTO `PREFIX_DB_setting` (`setting_id`, `store_id`, `code`, `key`, `value`, `serialized`) VALUES ('781', '0', 'aridiuscallback', 'aridiuscallback_description2', '{"1":"&lt;p&gt;\\u0421\\u043f\\u0430\\u0441\\u0438\\u0431\\u043e \\u0437\\u0430 \\u0437\\u0430\\u043a\\u0430\\u0437 \\u0437\\u0432\\u043e\\u043d\\u043a\\u0430. \\u0421 \\u0432\\u0430\\u043c\\u0438 \\u0441\\u0432\\u044f\\u0436\\u0443\\u0442\\u0441\\u044f \\u0432 \\u0442\\u0435\\u0447\\u0435\\u043d\\u0438\\u0438 \\u0447\\u0430\\u0441\\u0430!&lt;br&gt;&lt;\\/p&gt;","2":"&lt;p&gt;\\u0421\\u043f\\u0430\\u0441\\u0438\\u0431\\u043e \\u0437\\u0430 \\u0437\\u0430\\u043a\\u0430\\u0437 \\u0437\\u0432\\u043e\\u043d\\u043a\\u0430. \\u0421 \\u0432\\u0430\\u043c\\u0438 \\u0441\\u0432\\u044f\\u0436\\u0443\\u0442\\u0441\\u044f \\u0432 \\u0442\\u0435\\u0447\\u0435\\u043d\\u0438\\u0438 \\u0447\\u0430\\u0441\\u0430!&lt;br&gt;&lt;\\/p&gt;"}', '1');
REPLACE INTO `PREFIX_DB_setting` (`setting_id`, `store_id`, `code`, `key`, `value`, `serialized`) VALUES ('782', '0', 'aridius_livesearch', 'aridius_livesearch_livesearch_model', '0', '0');
REPLACE INTO `PREFIX_DB_setting` (`setting_id`, `store_id`, `code`, `key`, `value`, `serialized`) VALUES ('783', '0', 'aridius_livesearch', 'aridius_livesearch_description', '0', '0');
REPLACE INTO `PREFIX_DB_setting` (`setting_id`, `store_id`, `code`, `key`, `value`, `serialized`) VALUES ('784', '0', 'aridius_livesearch', 'aridius_livesearch_sku', '0', '0');
REPLACE INTO `PREFIX_DB_setting` (`setting_id`, `store_id`, `code`, `key`, `value`, `serialized`) VALUES ('785', '0', 'aridius_livesearch', 'aridius_livesearch_tag', '0', '0');
REPLACE INTO `PREFIX_DB_setting` (`setting_id`, `store_id`, `code`, `key`, `value`, `serialized`) VALUES ('786', '0', 'aridius_livesearch', 'aridius_livesearch_img', '0', '0');
REPLACE INTO `PREFIX_DB_setting` (`setting_id`, `store_id`, `code`, `key`, `value`, `serialized`) VALUES ('787', '0', 'aridius_livesearch', 'aridius_livesearch_symbol', '1', '0');
REPLACE INTO `PREFIX_DB_setting` (`setting_id`, `store_id`, `code`, `key`, `value`, `serialized`) VALUES ('788', '0', 'aridius_livesearch', 'aridius_livesearch_limit', '5', '0');
REPLACE INTO `PREFIX_DB_setting` (`setting_id`, `store_id`, `code`, `key`, `value`, `serialized`) VALUES ('789', '0', 'aridius_livesearch', 'aridius_livesearch_width', '40', '0');
REPLACE INTO `PREFIX_DB_setting` (`setting_id`, `store_id`, `code`, `key`, `value`, `serialized`) VALUES ('790', '0', 'aridius_livesearch', 'aridius_livesearch_height', '40', '0');
REPLACE INTO `PREFIX_DB_setting` (`setting_id`, `store_id`, `code`, `key`, `value`, `serialized`) VALUES ('791', '0', 'aridius_livesearch', 'aridius_livesearch_status', '1', '0');
REPLACE INTO `PREFIX_DB_setting` (`setting_id`, `store_id`, `code`, `key`, `value`, `serialized`) VALUES ('21306', '0', 'aridius_faq', 'aridius_faq_top_links', '{"1":{"title":{"1":"\\u041a\\u0430\\u043a \\u043a\\u0443\\u043f\\u0438\\u0442\\u044c","2":"\\u041a\\u0430\\u043a \\u043a\\u0443\\u043f\\u0438\\u0442\\u044c"},"faicons_faq":"fa fa-usd","id":"tabfaq1","description":{"1":"&lt;p&gt;\\u0412\\u044b \\u043c\\u043e\\u0436\\u0435\\u0442\\u0435 \\u0437\\u0430\\u043a\\u0430\\u0437\\u0430\\u0442\\u044c \\u0442\\u043e\\u0432\\u0430\\u0440 \\u0447\\u0435\\u0440\\u0435\\u0437 \\u0441\\u0430\\u0439\\u0442, \\u043f\\u043e\\u0441\\u043b\\u0435 \\u0447\\u0435\\u0433\\u043e \\u0412\\u0430\\u043c \\u043f\\u043e\\u0437\\u0432\\u043e\\u043d\\u0438\\u0442 \\u043d\\u0430\\u0448 \\u043c\\u0435\\u043d\\u0435\\u0434\\u0436\\u0435\\u0440 \\u0438 \\u043e\\u0431\\u0441\\u0443\\u0434\\u0438\\u0442 \\u0432\\u0441\\u0435 \\u0434\\u0435\\u0442\\u0430\\u043b\\u0438 \\u0437\\u0430\\u043a\\u0430\\u0437\\u0430, \\u0438\\u043b\\u0438 \\u0441\\u0434\\u0435\\u043b\\u0430\\u0442\\u044c \\u0437\\u0430\\u043a\\u0430\\u0437 \\u043f\\u043e \\u043e\\u0434\\u043d\\u043e\\u043c\\u0443 \\u0438\\u0437 \\u0442\\u0435\\u043b\\u0435\\u0444\\u043e\\u043d\\u043e\\u0432: (xxx) xxx-xx-xx, (xxx) xxx-xx-xx, \\u0432\\u0440\\u0435\\u043c\\u044f \\u0440\\u0430\\u0431\\u043e\\u0442\\u044b \\u0432 \\u0431\\u0443\\u0434\\u043d\\u0438\\u0435 \\u0434\\u043d\\u0438 \\u0441 9:00 \\u0434\\u043e 18:00, \\u0441\\u0443\\u0431\\u0431\\u043e\\u0442\\u0430 \\u0441 10:00 \\u0434\\u043e 16:00, \\u0432\\u043e\\u0441\\u043a\\u0440\\u0435\\u0441\\u0435\\u043d\\u044c\\u0435 \\u0432\\u044b\\u0445\\u043e\\u0434\\u043d\\u043e\\u0439.&lt;\\/p&gt;","2":"&lt;p&gt;\\u0412\\u044b \\u043c\\u043e\\u0436\\u0435\\u0442\\u0435 \\u0437\\u0430\\u043a\\u0430\\u0437\\u0430\\u0442\\u044c \\u0442\\u043e\\u0432\\u0430\\u0440 \\u0447\\u0435\\u0440\\u0435\\u0437 \\u0441\\u0430\\u0439\\u0442, \\u043f\\u043e\\u0441\\u043b\\u0435 \\u0447\\u0435\\u0433\\u043e \\u0412\\u0430\\u043c \\u043f\\u043e\\u0437\\u0432\\u043e\\u043d\\u0438\\u0442 \\u043d\\u0430\\u0448 \\u043c\\u0435\\u043d\\u0435\\u0434\\u0436\\u0435\\u0440 \\u0438 \\u043e\\u0431\\u0441\\u0443\\u0434\\u0438\\u0442 \\u0432\\u0441\\u0435 \\u0434\\u0435\\u0442\\u0430\\u043b\\u0438 \\u0437\\u0430\\u043a\\u0430\\u0437\\u0430, \\u0438\\u043b\\u0438 \\u0441\\u0434\\u0435\\u043b\\u0430\\u0442\\u044c \\u0437\\u0430\\u043a\\u0430\\u0437 \\u043f\\u043e \\u043e\\u0434\\u043d\\u043e\\u043c\\u0443 \\u0438\\u0437 \\u0442\\u0435\\u043b\\u0435\\u0444\\u043e\\u043d\\u043e\\u0432: (xxx) xxx-xx-xx, (xxx) xxx-xx-xx, \\u0432\\u0440\\u0435\\u043c\\u044f \\u0440\\u0430\\u0431\\u043e\\u0442\\u044b \\u0432 \\u0431\\u0443\\u0434\\u043d\\u0438\\u0435 \\u0434\\u043d\\u0438 \\u0441 9:00 \\u0434\\u043e 18:00, \\u0441\\u0443\\u0431\\u0431\\u043e\\u0442\\u0430 \\u0441 10:00 \\u0434\\u043e 16:00, \\u0432\\u043e\\u0441\\u043a\\u0440\\u0435\\u0441\\u0435\\u043d\\u044c\\u0435 \\u0432\\u044b\\u0445\\u043e\\u0434\\u043d\\u043e\\u0439.&lt;\\/p&gt;"}},"2":{"title":{"1":"\\u0414\\u043e\\u0441\\u0442\\u0430\\u0432\\u043a\\u0430 \\u0438 \\u043e\\u043f\\u043b\\u0430\\u0442\\u0430","2":"\\u0414\\u043e\\u0441\\u0442\\u0430\\u0432\\u043a\\u0430 \\u0438 \\u043e\\u043f\\u043b\\u0430\\u0442\\u0430"},"faicons_faq":"fa fa-truck","id":"tabfaq2","description":{"1":"&lt;p&gt;\\u041f\\u0440\\u0438 \\u0432\\u044b\\u0431\\u043e\\u0440\\u0435 \\u0434\\u043e\\u0441\\u0442\\u0430\\u0432\\u043a\\u0438 \\u2013 \\u043d\\u0430\\u0448\\u0438\\u043c \\u0442\\u0440\\u0430\\u043d\\u0441\\u043f\\u043e\\u0440\\u0442\\u043e\\u043c, \\u0412\\u0430\\u043c \\u043d\\u0443\\u0436\\u043d\\u043e \\u043e\\u043f\\u043b\\u0430\\u0442\\u0438\\u0442\\u044c \\u043f\\u043e\\u043b\\u043d\\u0443\\u044e \\u0441\\u0442\\u043e\\u0438\\u043c\\u043e\\u0441\\u0442\\u044c \\u043f\\u043e\\u043a\\u0443\\u043f\\u043a\\u0438 \\u043d\\u0430 \\u043d\\u0430\\u0448 \\u0440\\u0430\\u0441\\u0447\\u0435\\u0442\\u043d\\u044b\\u0439 \\u0441\\u0447\\u0435\\u0442 \\u0432 \\u0431\\u0430\\u043d\\u043a\\u0435, \\u044d\\u0442\\u043e \\u043c\\u043e\\u0436\\u043d\\u043e \\u0441\\u0434\\u0435\\u043b\\u0430\\u0442\\u044c \\u0447\\u0435\\u0440\\u0435\\u0437 \\u043a\\u0430\\u0441\\u0441\\u0443 \\u0432 \\u043b\\u044e\\u0431\\u043e\\u043c \\u0431\\u0430\\u043d\\u043a\\u0435, \\u0438\\u043b\\u0438 \\u0441 \\u043f\\u043e\\u043c\\u043e\\u0449\\u044c\\u044e \\u0431\\u0430\\u043d\\u043a\\u043e\\u0432\\u0441\\u043a\\u043e\\u0439 \\u043a\\u0430\\u0440\\u0442\\u044b (\\u0432\\u044b\\u0431\\u0440\\u0430\\u0432 \\u0441\\u043f\\u043e\\u0441\\u043e\\u0431 \\u043e\\u043f\\u043b\\u0430\\u0442\\u044b \\u00ab\\u041e\\u043f\\u043b\\u0430\\u0442\\u0430 \\u043a\\u0430\\u0440\\u0442\\u043e\\u0439 \\u043b\\u044e\\u0431\\u043e\\u0433\\u043e \\u0431\\u0430\\u043d\\u043a\\u0430\\u00bb \\u043f\\u0440\\u0438 \\u043e\\u0444\\u043e\\u0440\\u043c\\u043b\\u0435\\u043d\\u0438\\u0438 \\u0437\\u0430\\u043a\\u0430\\u0437\\u0430 \\u043d\\u0430 \\u043d\\u0430\\u0448\\u0435\\u043c \\u0441\\u0430\\u0439\\u0442\\u0435).&lt;\\/p&gt;","2":"&lt;p&gt;\\u041f\\u0440\\u0438 \\u0432\\u044b\\u0431\\u043e\\u0440\\u0435 \\u0434\\u043e\\u0441\\u0442\\u0430\\u0432\\u043a\\u0438 \\u2013 \\u043d\\u0430\\u0448\\u0438\\u043c \\u0442\\u0440\\u0430\\u043d\\u0441\\u043f\\u043e\\u0440\\u0442\\u043e\\u043c, \\u0412\\u0430\\u043c \\u043d\\u0443\\u0436\\u043d\\u043e \\u043e\\u043f\\u043b\\u0430\\u0442\\u0438\\u0442\\u044c \\u043f\\u043e\\u043b\\u043d\\u0443\\u044e \\u0441\\u0442\\u043e\\u0438\\u043c\\u043e\\u0441\\u0442\\u044c \\u043f\\u043e\\u043a\\u0443\\u043f\\u043a\\u0438 \\u043d\\u0430 \\u043d\\u0430\\u0448 \\u0440\\u0430\\u0441\\u0447\\u0435\\u0442\\u043d\\u044b\\u0439 \\u0441\\u0447\\u0435\\u0442 \\u0432 \\u0431\\u0430\\u043d\\u043a\\u0435, \\u044d\\u0442\\u043e \\u043c\\u043e\\u0436\\u043d\\u043e \\u0441\\u0434\\u0435\\u043b\\u0430\\u0442\\u044c \\u0447\\u0435\\u0440\\u0435\\u0437 \\u043a\\u0430\\u0441\\u0441\\u0443 \\u0432 \\u043b\\u044e\\u0431\\u043e\\u043c \\u0431\\u0430\\u043d\\u043a\\u0435, \\u0438\\u043b\\u0438 \\u0441 \\u043f\\u043e\\u043c\\u043e\\u0449\\u044c\\u044e \\u0431\\u0430\\u043d\\u043a\\u043e\\u0432\\u0441\\u043a\\u043e\\u0439 \\u043a\\u0430\\u0440\\u0442\\u044b (\\u0432\\u044b\\u0431\\u0440\\u0430\\u0432 \\u0441\\u043f\\u043e\\u0441\\u043e\\u0431 \\u043e\\u043f\\u043b\\u0430\\u0442\\u044b \\u00ab\\u041e\\u043f\\u043b\\u0430\\u0442\\u0430 \\u043a\\u0430\\u0440\\u0442\\u043e\\u0439 \\u043b\\u044e\\u0431\\u043e\\u0433\\u043e \\u0431\\u0430\\u043d\\u043a\\u0430\\u00bb \\u043f\\u0440\\u0438 \\u043e\\u0444\\u043e\\u0440\\u043c\\u043b\\u0435\\u043d\\u0438\\u0438 \\u0437\\u0430\\u043a\\u0430\\u0437\\u0430 \\u043d\\u0430 \\u043d\\u0430\\u0448\\u0435\\u043c \\u0441\\u0430\\u0439\\u0442\\u0435).&lt;\\/p&gt;"}},"3":{"title":{"1":"\\u041e \\u043d\\u0430\\u0448\\u0435\\u043c \\u043c\\u0430\\u0433\\u0430\\u0437\\u0438\\u043d\\u0435","2":"\\u041e \\u043d\\u0430\\u0448\\u0435\\u043c \\u043c\\u0430\\u0433\\u0430\\u0437\\u0438\\u043d\\u0435"},"faicons_faq":"fa fa-gift","id":"tabfaq3","description":{"1":"&lt;p&gt;\\u0418\\u043d\\u0442\\u0435\\u0440\\u043d\\u0435\\u0442-\\u043c\\u0430\\u0433\\u0430\\u0437\\u0438\\u043d (\\u0430\\u043d\\u0433\\u043b. online shop \\u0438\\u043b\\u0438 e-shop) \\u2014 \\u0441\\u0430\\u0439\\u0442, \\u0442\\u043e\\u0440\\u0433\\u0443\\u044e\\u0449\\u0438\\u0439 \\u0442\\u043e\\u0432\\u0430\\u0440\\u0430\\u043c\\u0438 \\u043f\\u043e\\u0441\\u0440\\u0435\\u0434\\u0441\\u0442\\u0432\\u043e\\u043c \\u0441\\u0435\\u0442\\u0438 \\u0418\\u043d\\u0442\\u0435\\u0440\\u043d\\u0435\\u0442. \\u041f\\u043e\\u0437\\u0432\\u043e\\u043b\\u044f\\u0435\\u0442 \\u043f\\u043e\\u043b\\u044c\\u0437\\u043e\\u0432\\u0430\\u0442\\u0435\\u043b\\u044f\\u043c \\u043e\\u043d\\u043b\\u0430\\u0439\\u043d, \\u0432 \\u0441\\u0432\\u043e\\u0451\\u043c \\u0431\\u0440\\u0430\\u0443\\u0437\\u0435\\u0440\\u0435 \\u0438\\u043b\\u0438 \\u0447\\u0435\\u0440\\u0435\\u0437 \\u043c\\u043e\\u0431\\u0438\\u043b\\u044c\\u043d\\u043e\\u0435 \\u043f\\u0440\\u0438\\u043b\\u043e\\u0436\\u0435\\u043d\\u0438\\u0435&lt;\\/p&gt;&lt;p&gt;&amp;nbsp;&lt;\\/p&gt;","2":"&lt;p&gt;\\u0418\\u043d\\u0442\\u0435\\u0440\\u043d\\u0435\\u0442-\\u043c\\u0430\\u0433\\u0430\\u0437\\u0438\\u043d (\\u0430\\u043d\\u0433\\u043b. online shop \\u0438\\u043b\\u0438 e-shop) \\u2014 \\u0441\\u0430\\u0439\\u0442, \\u0442\\u043e\\u0440\\u0433\\u0443\\u044e\\u0449\\u0438\\u0439 \\u0442\\u043e\\u0432\\u0430\\u0440\\u0430\\u043c\\u0438 \\u043f\\u043e\\u0441\\u0440\\u0435\\u0434\\u0441\\u0442\\u0432\\u043e\\u043c \\u0441\\u0435\\u0442\\u0438 \\u0418\\u043d\\u0442\\u0435\\u0440\\u043d\\u0435\\u0442. \\u041f\\u043e\\u0437\\u0432\\u043e\\u043b\\u044f\\u0435\\u0442 \\u043f\\u043e\\u043b\\u044c\\u0437\\u043e\\u0432\\u0430\\u0442\\u0435\\u043b\\u044f\\u043c \\u043e\\u043d\\u043b\\u0430\\u0439\\u043d, \\u0432 \\u0441\\u0432\\u043e\\u0451\\u043c \\u0431\\u0440\\u0430\\u0443\\u0437\\u0435\\u0440\\u0435 \\u0438\\u043b\\u0438 \\u0447\\u0435\\u0440\\u0435\\u0437 \\u043c\\u043e\\u0431\\u0438\\u043b\\u044c\\u043d\\u043e\\u0435 \\u043f\\u0440\\u0438\\u043b\\u043e\\u0436\\u0435\\u043d\\u0438\\u0435&lt;\\/p&gt;&lt;p&gt;&amp;nbsp;&lt;\\/p&gt;"}}}', '1');
REPLACE INTO `PREFIX_DB_setting` (`setting_id`, `store_id`, `code`, `key`, `value`, `serialized`) VALUES ('21311', '0', 'aridius_faq', 'aridius_faq_meta_keyword', '{"1":"FAQ","2":"FAQ"}', '1');
REPLACE INTO `PREFIX_DB_setting` (`setting_id`, `store_id`, `code`, `key`, `value`, `serialized`) VALUES ('21310', '0', 'aridius_faq', 'aridius_faq_meta_description', '{"1":"FAQ","2":"FAQ"}', '1');
REPLACE INTO `PREFIX_DB_setting` (`setting_id`, `store_id`, `code`, `key`, `value`, `serialized`) VALUES ('21307', '0', 'aridius_faq', 'aridius_faq_description', '{"1":"&lt;p&gt;\\u041d\\u0430\\u0448\\u0430 \\u043a\\u043e\\u043c\\u043f\\u0430\\u043d\\u0438\\u044f \\u0437\\u0430\\u0431\\u043e\\u0442\\u0438\\u0442\\u044c\\u0441\\u044f \\u043e \\u043a\\u0430\\u0436\\u0434\\u043e\\u043c \\u043a\\u043b\\u0438\\u0435\\u043d\\u0442\\u0435 \\u0438 \\u0441\\u0442\\u0430\\u0440\\u0430\\u0435\\u0442\\u0441\\u044f \\u043f\\u043e\\u0441\\u0442\\u043e\\u044f\\u043d\\u043d\\u043e \\u0443\\u0441\\u043e\\u0432\\u0435\\u0440\\u0448\\u0435\\u043d\\u0441\\u0442\\u0432\\u043e\\u0432\\u0430\\u0442\\u044c\\u0441\\u044f. \\u041f\\u043e\\u044d\\u0442\\u043e\\u043c\\u0443 \\u0441\\u043e\\u0433\\u043b\\u0430\\u0441\\u043d\\u043e \\u0437\\u0430\\u043a\\u043e\\u043d\\u0430 \\u00ab\\u041f\\u0440\\u043e \\u0437\\u0430\\u0449\\u0438\\u0442\\u0443 \\u043f\\u0440\\u0430\\u0432 \\u043f\\u043e\\u0442\\u0440\\u0435\\u0431\\u0438\\u0442\\u0435\\u043b\\u044f\\u00bb \\u0435\\u0441\\u043b\\u0438 \\u043a\\u0443\\u043f\\u043b\\u0435\\u043d\\u043d\\u044b\\u0439 \\u0442\\u043e\\u0432\\u0430\\u0440 \\u0432\\u0430\\u043c \\u043d\\u0435 \\u043f\\u043e\\u0434\\u043e\\u0448\\u0435\\u043b \\u043f\\u043e \\u043a\\u0430\\u043a\\u043e\\u0439 - \\u0442\\u043e \\u0438\\u0437 \\u043f\\u0440\\u0438\\u0447\\u0438\\u043d, \\u0438\\u043c\\u0435\\u0435\\u0442 \\u0437\\u0430\\u0432\\u043e\\u0434\\u0441\\u043a\\u0438\\u0435 \\u0434\\u0435\\u0444\\u0435\\u043a\\u0442\\u044b, \\u0412\\u044b \\u0438\\u043c\\u0435\\u0435\\u0442\\u0435 \\u043f\\u0440\\u0430\\u0432\\u043e \\u0432\\u0435\\u0440\\u043d\\u0443\\u0442\\u044c \\u0438\\u043b\\u0438 \\u043e\\u0431\\u043c\\u0435\\u043d\\u044f\\u0442\\u044c \\u0442\\u043e\\u0432\\u0430\\u0440 \\u0432 \\u0442\\u0435\\u0447\\u0435\\u043d\\u0438\\u0438 14 \\u0434\\u043d\\u0435\\u0439 \\u0441 \\u043c\\u043e\\u043c\\u0435\\u043d\\u0442\\u0430 \\u0435\\u0433\\u043e \\u043f\\u043e\\u043a\\u0443\\u043f\\u043a\\u0438.&lt;\\/p&gt;","2":""}', '1');
REPLACE INTO `PREFIX_DB_setting` (`setting_id`, `store_id`, `code`, `key`, `value`, `serialized`) VALUES ('21308', '0', 'aridius_faq', 'aridius_faq_description2', '{"1":"&lt;p&gt;&lt;span style=&quot;font-size:14px&quot;&gt;\\u041a\\u0443\\u043f\\u0438\\u0442\\u044c \\u0442\\u043e\\u0432\\u0430\\u0440 \\u0443 \\u043d\\u0430\\u0441 \\u0412\\u044b \\u043c\\u043e\\u0436\\u0435\\u0442\\u0435, \\u043f\\u043e\\u0437\\u0432\\u043e\\u043d\\u0438\\u043c \\u043f\\u043e \\u043e\\u0434\\u043d\\u043e\\u043c\\u0443 \\u0438\\u0437 \\u043d\\u0430\\u0448\\u0438\\u0445 \\u0442\\u0435\\u043b\\u0435\\u0444\\u043e\\u043d\\u043e\\u0432 \\u0438\\u043b\\u0438 \\u043e\\u0444\\u043e\\u0440\\u043c\\u0438\\u0442\\u044c \\u0442\\u043e\\u0432\\u0430\\u0440 \\u043a\\u0443\\u043f\\u0438\\u0432 \\u0435\\u0433\\u043e \\u0447\\u0435\\u0440\\u0435\\u0437 \\u043d\\u0430\\u0448 \\u043c\\u0430\\u0433\\u0430\\u0437\\u0438\\u043d, \\u043f\\u043e\\u0441\\u043b\\u0435 \\u0447\\u0435\\u0433\\u043e \\u0441 \\u0412\\u0430\\u043c\\u0438 \\u0441\\u0432\\u044f\\u0436\\u0435\\u0442\\u0441\\u044f \\u043d\\u0430\\u0448 \\u043c\\u0435\\u043d\\u0435\\u0434\\u0436\\u0435\\u0440 \\u0438 \\u043e\\u0431\\u0433\\u043e\\u0432\\u043e\\u0440\\u0438\\u0442\\u044c \\u0432\\u0441\\u0435 \\u0434\\u0435\\u0442\\u0430\\u043b\\u0438.&lt;\\/span&gt;&lt;\\/p&gt;","2":""}', '1');
REPLACE INTO `PREFIX_DB_setting` (`setting_id`, `store_id`, `code`, `key`, `value`, `serialized`) VALUES ('21305', '0', 'aridius_faq', 'aridius_faq_name', '{"1":"FAQ","2":"FAQ"}', '1');
REPLACE INTO `PREFIX_DB_setting` (`setting_id`, `store_id`, `code`, `key`, `value`, `serialized`) VALUES ('800', '0', 'aridius_qckview', 'aridius_qckview_tabs', '0', '0');
REPLACE INTO `PREFIX_DB_setting` (`setting_id`, `store_id`, `code`, `key`, `value`, `serialized`) VALUES ('801', '0', 'aridius_qckview', 'aridius_qckview_tab_description', '0', '0');
REPLACE INTO `PREFIX_DB_setting` (`setting_id`, `store_id`, `code`, `key`, `value`, `serialized`) VALUES ('802', '0', 'aridius_qckview', 'aridius_qckview_tab_character', '0', '0');
REPLACE INTO `PREFIX_DB_setting` (`setting_id`, `store_id`, `code`, `key`, `value`, `serialized`) VALUES ('803', '0', 'aridius_qckview', 'aridius_qckview_tab_reviews', '0', '0');
REPLACE INTO `PREFIX_DB_setting` (`setting_id`, `store_id`, `code`, `key`, `value`, `serialized`) VALUES ('804', '0', 'aridius_qckview', 'aridius_qckview_tab_additional', '0', '0');
REPLACE INTO `PREFIX_DB_setting` (`setting_id`, `store_id`, `code`, `key`, `value`, `serialized`) VALUES ('805', '0', 'aridius_qckview', 'aridius_qckview_image', '0', '0');
REPLACE INTO `PREFIX_DB_setting` (`setting_id`, `store_id`, `code`, `key`, `value`, `serialized`) VALUES ('806', '0', 'aridius_qckview', 'aridius_qckview_additional_image', '0', '0');
REPLACE INTO `PREFIX_DB_setting` (`setting_id`, `store_id`, `code`, `key`, `value`, `serialized`) VALUES ('807', '0', 'aridius_qckview', 'aridius_qckview_rating', '0', '0');
REPLACE INTO `PREFIX_DB_setting` (`setting_id`, `store_id`, `code`, `key`, `value`, `serialized`) VALUES ('808', '0', 'aridius_qckview', 'aridius_qckview_short_info', '0', '0');
REPLACE INTO `PREFIX_DB_setting` (`setting_id`, `store_id`, `code`, `key`, `value`, `serialized`) VALUES ('809', '0', 'aridius_qckview', 'aridius_qckview_manufacturer', '0', '0');
REPLACE INTO `PREFIX_DB_setting` (`setting_id`, `store_id`, `code`, `key`, `value`, `serialized`) VALUES ('810', '0', 'aridius_qckview', 'aridius_qckview_stock', '0', '0');
REPLACE INTO `PREFIX_DB_setting` (`setting_id`, `store_id`, `code`, `key`, `value`, `serialized`) VALUES ('811', '0', 'aridius_qckview', 'aridius_qckview_code_product', '0', '0');
REPLACE INTO `PREFIX_DB_setting` (`setting_id`, `store_id`, `code`, `key`, `value`, `serialized`) VALUES ('812', '0', 'aridius_qckview', 'aridius_qckview_button_wish', '0', '0');
REPLACE INTO `PREFIX_DB_setting` (`setting_id`, `store_id`, `code`, `key`, `value`, `serialized`) VALUES ('813', '0', 'aridius_qckview', 'aridius_qckview_button_compare', '0', '0');
REPLACE INTO `PREFIX_DB_setting` (`setting_id`, `store_id`, `code`, `key`, `value`, `serialized`) VALUES ('814', '0', 'aridius_qckview', 'aridius_qckview_icons_likes', '0', '0');
REPLACE INTO `PREFIX_DB_setting` (`setting_id`, `store_id`, `code`, `key`, `value`, `serialized`) VALUES ('815', '0', 'aridius_qckview', 'aridius_qckview_status', '1', '0');
REPLACE INTO `PREFIX_DB_setting` (`setting_id`, `store_id`, `code`, `key`, `value`, `serialized`) VALUES ('15326', '0', 'aridius_category_accordion', 'aridius_category_accordion_child_visible', '["26","60","61","62","63","64","65","66","67","68","69","70","73","75","76","77","78","79","80","81","82","83","84","85","87","88","90","92","93","94","95","96","97","98","99","100","101","20","27","72","91","59","71","74","89"]', '1');
REPLACE INTO `PREFIX_DB_setting` (`setting_id`, `store_id`, `code`, `key`, `value`, `serialized`) VALUES ('818', '0', 'aridiusfastorder', 'aridiusfastorder_descriptionshow', '0', '0');
REPLACE INTO `PREFIX_DB_setting` (`setting_id`, `store_id`, `code`, `key`, `value`, `serialized`) VALUES ('819', '0', 'aridiusfastorder', 'aridiusfastorder_adddescriptionshow', '1', '0');
REPLACE INTO `PREFIX_DB_setting` (`setting_id`, `store_id`, `code`, `key`, `value`, `serialized`) VALUES ('820', '0', 'aridiusfastorder', 'aridiusfastorder_img', '0', '0');
REPLACE INTO `PREFIX_DB_setting` (`setting_id`, `store_id`, `code`, `key`, `value`, `serialized`) VALUES ('821', '0', 'aridiusfastorder', 'aridiusfastorder_price', '0', '0');
REPLACE INTO `PREFIX_DB_setting` (`setting_id`, `store_id`, `code`, `key`, `value`, `serialized`) VALUES ('822', '0', 'aridiusfastorder', 'aridiusfastorder_quantity', '0', '0');
REPLACE INTO `PREFIX_DB_setting` (`setting_id`, `store_id`, `code`, `key`, `value`, `serialized`) VALUES ('823', '0', 'aridiusfastorder', 'aridiusfastorder_firstnameshow', '0', '0');
REPLACE INTO `PREFIX_DB_setting` (`setting_id`, `store_id`, `code`, `key`, `value`, `serialized`) VALUES ('824', '0', 'aridiusfastorder', 'aridiusfastorder_firstnamevalid', '0', '0');
REPLACE INTO `PREFIX_DB_setting` (`setting_id`, `store_id`, `code`, `key`, `value`, `serialized`) VALUES ('825', '0', 'aridiusfastorder', 'aridiusfastorder_placeholderfirstname', '{"1":"\\u0424\\u0418\\u041e","2":"\\u0424\\u0418\\u041e"}', '1');
REPLACE INTO `PREFIX_DB_setting` (`setting_id`, `store_id`, `code`, `key`, `value`, `serialized`) VALUES ('826', '0', 'aridiusfastorder', 'aridiusfastorder_mask', '{"1":"+38(999) 999-9999","2":"+7(999) 999-9999"}', '1');
REPLACE INTO `PREFIX_DB_setting` (`setting_id`, `store_id`, `code`, `key`, `value`, `serialized`) VALUES ('827', '0', 'aridiusfastorder', 'aridiusfastorder_placeholdertell', '{"1":"\\u0422\\u0435\\u043b\\u0435\\u0444\\u043e\\u043d","2":"\\u0422\\u0435\\u043b\\u0435\\u0444\\u043e\\u043d"}', '1');
REPLACE INTO `PREFIX_DB_setting` (`setting_id`, `store_id`, `code`, `key`, `value`, `serialized`) VALUES ('828', '0', 'aridiusfastorder', 'aridiusfastorder_emailshow', '0', '0');
REPLACE INTO `PREFIX_DB_setting` (`setting_id`, `store_id`, `code`, `key`, `value`, `serialized`) VALUES ('829', '0', 'aridiusfastorder', 'aridiusfastorder_emailvalid', '0', '0');
REPLACE INTO `PREFIX_DB_setting` (`setting_id`, `store_id`, `code`, `key`, `value`, `serialized`) VALUES ('830', '0', 'aridiusfastorder', 'aridiusfastorder_placeholderemail', '{"1":"E-mail","2":"E-mail"}', '1');
REPLACE INTO `PREFIX_DB_setting` (`setting_id`, `store_id`, `code`, `key`, `value`, `serialized`) VALUES ('831', '0', 'aridiusfastorder', 'aridiusfastorder_commentshow', '0', '0');
REPLACE INTO `PREFIX_DB_setting` (`setting_id`, `store_id`, `code`, `key`, `value`, `serialized`) VALUES ('832', '0', 'aridiusfastorder', 'aridiusfastorder_placeholdercomment', '{"1":"\\u041a\\u043e\\u043c\\u043c\\u0435\\u043d\\u0442\\u0430\\u0440\\u0438\\u0439","2":"\\u041a\\u043e\\u043c\\u043c\\u0435\\u043d\\u0442\\u0430\\u0440\\u0438\\u0439"}', '1');
REPLACE INTO `PREFIX_DB_setting` (`setting_id`, `store_id`, `code`, `key`, `value`, `serialized`) VALUES ('833', '0', 'aridiusfastorder', 'aridiusfastorder_status', '1', '0');
REPLACE INTO `PREFIX_DB_setting` (`setting_id`, `store_id`, `code`, `key`, `value`, `serialized`) VALUES ('834', '0', 'aridiusfastorder', 'aridiusfastorder_description', '{"1":"&lt;span style=&quot;font-size: 11px;&quot;&gt;\\u041d\\u0430\\u0436\\u0438\\u043c\\u0430\\u044f \\u043d\\u0430 \\u043a\\u043d\\u043e\\u043f\\u043a\\u0443 \\u00ab\\u041e\\u0442\\u043f\\u0440\\u0430\\u0432\\u0438\\u0442\\u044c\\u00bb, \\u044f \\u0434\\u0430\\u044e c\\u043e\\u0433\\u043b\\u0430\\u0441\\u0438\\u0435 \\u043d\\u0430 &lt;a href=&quot;person_danie&quot; target=&quot;_blank&quot;&gt;\\u043e\\u0431\\u0440\\u0430\\u0431\\u043e\\u0442\\u043a\\u0443 \\u043f\\u0435\\u0440\\u0441\\u043e\\u043d\\u0430\\u043b\\u044c\\u043d\\u044b\\u0445 \\u0434\\u0430\\u043d\\u043d\\u044b\\u0445.&lt;\\/a&gt;&lt;\\/span&gt;","2":"&lt;span style=&quot;font-size: 11px;&quot;&gt;\\u041d\\u0430\\u0436\\u0438\\u043c\\u0430\\u044f \\u043d\\u0430 \\u043a\\u043d\\u043e\\u043f\\u043a\\u0443 \\u00ab\\u041e\\u0442\\u043f\\u0440\\u0430\\u0432\\u0438\\u0442\\u044c\\u00bb, \\u044f \\u0434\\u0430\\u044e c\\u043e\\u0433\\u043b\\u0430\\u0441\\u0438\\u0435 \\u043d\\u0430 &lt;a href=&quot;person_danie&quot; target=&quot;_blank&quot;&gt;\\u043e\\u0431\\u0440\\u0430\\u0431\\u043e\\u0442\\u043a\\u0443 \\u043f\\u0435\\u0440\\u0441\\u043e\\u043d\\u0430\\u043b\\u044c\\u043d\\u044b\\u0445 \\u0434\\u0430\\u043d\\u043d\\u044b\\u0445.&lt;\\/a&gt;&lt;\\/span&gt;"}', '1');
REPLACE INTO `PREFIX_DB_setting` (`setting_id`, `store_id`, `code`, `key`, `value`, `serialized`) VALUES ('835', '0', 'aridiusfastorder', 'aridiusfastorder_description2', '{"1":"&lt;p&gt;\\u0421\\u043f\\u0430\\u0441\\u0438\\u0431\\u043e \\u0437\\u0430 \\u0431\\u044b\\u0441\\u0442\\u0440\\u044b\\u0439 \\u0437\\u0430\\u043a\\u0430\\u0437. \\u0421 \\u0432\\u0430\\u043c\\u0438 \\u0441\\u0432\\u044f\\u0436\\u0443\\u0442\\u0441\\u044f \\u0432 \\u0442\\u0435\\u0447\\u0435\\u043d\\u0438\\u0438 \\u0447\\u0430\\u0441\\u0430!&lt;br&gt;&lt;\\/p&gt;","2":"&lt;p&gt;\\u0421\\u043f\\u0430\\u0441\\u0438\\u0431\\u043e \\u0437\\u0430 \\u0431\\u044b\\u0441\\u0442\\u0440\\u044b\\u0439 \\u0437\\u0430\\u043a\\u0430\\u0437. \\u0421 \\u0432\\u0430\\u043c\\u0438 \\u0441\\u0432\\u044f\\u0436\\u0443\\u0442\\u0441\\u044f \\u0432 \\u0442\\u0435\\u0447\\u0435\\u043d\\u0438\\u0438 \\u0447\\u0430\\u0441\\u0430!&lt;br&gt;&lt;\\/p&gt;"}', '1');
REPLACE INTO `PREFIX_DB_setting` (`setting_id`, `store_id`, `code`, `key`, `value`, `serialized`) VALUES ('836', '0', 'aridiusundersell', 'aridiusundersell_descriptionshow', '0', '0');
REPLACE INTO `PREFIX_DB_setting` (`setting_id`, `store_id`, `code`, `key`, `value`, `serialized`) VALUES ('837', '0', 'aridiusundersell', 'aridiusundersell_adddescriptionshow', '1', '0');
REPLACE INTO `PREFIX_DB_setting` (`setting_id`, `store_id`, `code`, `key`, `value`, `serialized`) VALUES ('838', '0', 'aridiusundersell', 'aridiusundersell_img', '0', '0');
REPLACE INTO `PREFIX_DB_setting` (`setting_id`, `store_id`, `code`, `key`, `value`, `serialized`) VALUES ('839', '0', 'aridiusundersell', 'aridiusundersell_price', '0', '0');
REPLACE INTO `PREFIX_DB_setting` (`setting_id`, `store_id`, `code`, `key`, `value`, `serialized`) VALUES ('840', '0', 'aridiusundersell', 'aridiusundersell_quantity', '0', '0');
REPLACE INTO `PREFIX_DB_setting` (`setting_id`, `store_id`, `code`, `key`, `value`, `serialized`) VALUES ('841', '0', 'aridiusundersell', 'aridiusundersell_firstnameshow', '0', '0');
REPLACE INTO `PREFIX_DB_setting` (`setting_id`, `store_id`, `code`, `key`, `value`, `serialized`) VALUES ('842', '0', 'aridiusundersell', 'aridiusundersell_firstnamevalid', '0', '0');
REPLACE INTO `PREFIX_DB_setting` (`setting_id`, `store_id`, `code`, `key`, `value`, `serialized`) VALUES ('843', '0', 'aridiusundersell', 'aridiusundersell_placeholderfirstname', '{"1":"\\u0424\\u0418\\u041e","2":"\\u0424\\u0418\\u041e"}', '1');
REPLACE INTO `PREFIX_DB_setting` (`setting_id`, `store_id`, `code`, `key`, `value`, `serialized`) VALUES ('844', '0', 'aridiusundersell', 'aridiusundersell_mask', '{"1":"+7(999) 999-9999","2":"+7(999) 999-9999"}', '1');
REPLACE INTO `PREFIX_DB_setting` (`setting_id`, `store_id`, `code`, `key`, `value`, `serialized`) VALUES ('845', '0', 'aridiusundersell', 'aridiusundersell_placeholdertell', '{"1":"\\u0422\\u0435\\u043b\\u0435\\u0444\\u043e\\u043d","2":"\\u0422\\u0435\\u043b\\u0435\\u0444\\u043e\\u043d"}', '1');
REPLACE INTO `PREFIX_DB_setting` (`setting_id`, `store_id`, `code`, `key`, `value`, `serialized`) VALUES ('846', '0', 'aridiusundersell', 'aridiusundersell_emailshow', '0', '0');
REPLACE INTO `PREFIX_DB_setting` (`setting_id`, `store_id`, `code`, `key`, `value`, `serialized`) VALUES ('847', '0', 'aridiusundersell', 'aridiusundersell_emailvalid', '0', '0');
REPLACE INTO `PREFIX_DB_setting` (`setting_id`, `store_id`, `code`, `key`, `value`, `serialized`) VALUES ('848', '0', 'aridiusundersell', 'aridiusundersell_placeholderemail', '{"1":"E-mail","2":"E-mail"}', '1');
REPLACE INTO `PREFIX_DB_setting` (`setting_id`, `store_id`, `code`, `key`, `value`, `serialized`) VALUES ('849', '0', 'aridiusundersell', 'aridiusundersell_commentshow', '0', '0');
REPLACE INTO `PREFIX_DB_setting` (`setting_id`, `store_id`, `code`, `key`, `value`, `serialized`) VALUES ('850', '0', 'aridiusundersell', 'aridiusundersell_placeholdercomment', '{"1":"\\u041a\\u043e\\u043c\\u043c\\u0435\\u043d\\u0442\\u0430\\u0440\\u0438\\u0439","2":"\\u041a\\u043e\\u043c\\u043c\\u0435\\u043d\\u0442\\u0430\\u0440\\u0438\\u0439"}', '1');
REPLACE INTO `PREFIX_DB_setting` (`setting_id`, `store_id`, `code`, `key`, `value`, `serialized`) VALUES ('851', '0', 'aridiusundersell', 'aridiusundersell_linkshow', '0', '0');
REPLACE INTO `PREFIX_DB_setting` (`setting_id`, `store_id`, `code`, `key`, `value`, `serialized`) VALUES ('852', '0', 'aridiusundersell', 'aridiusundersell_linkvalid', '0', '0');
REPLACE INTO `PREFIX_DB_setting` (`setting_id`, `store_id`, `code`, `key`, `value`, `serialized`) VALUES ('853', '0', 'aridiusundersell', 'aridiusundersell_placeholderlink', '{"1":"\\u0421\\u0441\\u044b\\u043b\\u043a\\u0430 \\u043d\\u0430 \\u0442\\u043e\\u0432\\u0430\\u0440","2":"\\u0421\\u0441\\u044b\\u043b\\u043a\\u0430 \\u043d\\u0430 \\u0442\\u043e\\u0432\\u0430\\u0440"}', '1');
REPLACE INTO `PREFIX_DB_setting` (`setting_id`, `store_id`, `code`, `key`, `value`, `serialized`) VALUES ('854', '0', 'aridiusundersell', 'aridiusundersell_status', '1', '0');
REPLACE INTO `PREFIX_DB_setting` (`setting_id`, `store_id`, `code`, `key`, `value`, `serialized`) VALUES ('855', '0', 'aridiusundersell', 'aridiusundersell_description', '{"1":"&lt;span style=&quot;font-size: 11px;&quot;&gt;\\u041d\\u0430\\u0436\\u0438\\u043c\\u0430\\u044f \\u043d\\u0430 \\u043a\\u043d\\u043e\\u043f\\u043a\\u0443 \\u00ab\\u041e\\u0442\\u043f\\u0440\\u0430\\u0432\\u0438\\u0442\\u044c\\u00bb, \\u044f \\u0434\\u0430\\u044e c\\u043e\\u0433\\u043b\\u0430\\u0441\\u0438\\u0435 \\u043d\\u0430 &lt;a href=&quot;person_danie&quot; target=&quot;_blank&quot;&gt;\\u043e\\u0431\\u0440\\u0430\\u0431\\u043e\\u0442\\u043a\\u0443 \\u043f\\u0435\\u0440\\u0441\\u043e\\u043d\\u0430\\u043b\\u044c\\u043d\\u044b\\u0445 \\u0434\\u0430\\u043d\\u043d\\u044b\\u0445.&lt;\\/a&gt;&lt;\\/span&gt;","2":"&lt;span style=&quot;font-size: 11px;&quot;&gt;\\u041d\\u0430\\u0436\\u0438\\u043c\\u0430\\u044f \\u043d\\u0430 \\u043a\\u043d\\u043e\\u043f\\u043a\\u0443 \\u00ab\\u041e\\u0442\\u043f\\u0440\\u0430\\u0432\\u0438\\u0442\\u044c\\u00bb, \\u044f \\u0434\\u0430\\u044e c\\u043e\\u0433\\u043b\\u0430\\u0441\\u0438\\u0435 \\u043d\\u0430 &lt;a href=&quot;person_danie&quot; target=&quot;_blank&quot;&gt;\\u043e\\u0431\\u0440\\u0430\\u0431\\u043e\\u0442\\u043a\\u0443 \\u043f\\u0435\\u0440\\u0441\\u043e\\u043d\\u0430\\u043b\\u044c\\u043d\\u044b\\u0445 \\u0434\\u0430\\u043d\\u043d\\u044b\\u0445.&lt;\\/a&gt;&lt;\\/span&gt;"}', '1');
REPLACE INTO `PREFIX_DB_setting` (`setting_id`, `store_id`, `code`, `key`, `value`, `serialized`) VALUES ('856', '0', 'aridiusundersell', 'aridiusundersell_description2', '{"1":"&lt;p&gt;\\u0421\\u043f\\u0430\\u0441\\u0438\\u0431\\u043e. \\u0421 \\u0432\\u0430\\u043c\\u0438 \\u0441\\u0432\\u044f\\u0436\\u0443\\u0442\\u0441\\u044f \\u0432 \\u0442\\u0435\\u0447\\u0435\\u043d\\u0438\\u0438 \\u0447\\u0430\\u0441\\u0430!&lt;\\/p&gt;","2":"&lt;p&gt;\\u0421\\u043f\\u0430\\u0441\\u0438\\u0431\\u043e. \\u0421 \\u0432\\u0430\\u043c\\u0438 \\u0441\\u0432\\u044f\\u0436\\u0443\\u0442\\u0441\\u044f \\u0432 \\u0442\\u0435\\u0447\\u0435\\u043d\\u0438\\u0438 \\u0447\\u0430\\u0441\\u0430!&lt;br&gt;&lt;\\/p&gt;"}', '1');
REPLACE INTO `PREFIX_DB_setting` (`setting_id`, `store_id`, `code`, `key`, `value`, `serialized`) VALUES ('857', '0', 'aridius_store_review', 'aridius_store_review_review_guest', '0', '0');
REPLACE INTO `PREFIX_DB_setting` (`setting_id`, `store_id`, `code`, `key`, `value`, `serialized`) VALUES ('858', '0', 'aridius_store_review', 'aridius_store_review_display_answer_button', '0', '0');
REPLACE INTO `PREFIX_DB_setting` (`setting_id`, `store_id`, `code`, `key`, `value`, `serialized`) VALUES ('859', '0', 'aridius_store_review', 'aridius_store_review_display_average_rating', '0', '0');
REPLACE INTO `PREFIX_DB_setting` (`setting_id`, `store_id`, `code`, `key`, `value`, `serialized`) VALUES ('860', '0', 'aridius_store_review', 'aridius_store_review_default_rating', '1', '0');
REPLACE INTO `PREFIX_DB_setting` (`setting_id`, `store_id`, `code`, `key`, `value`, `serialized`) VALUES ('861', '0', 'aridius_store_review', 'aridius_store_review_limite_page', '20', '0');
REPLACE INTO `PREFIX_DB_setting` (`setting_id`, `store_id`, `code`, `key`, `value`, `serialized`) VALUES ('862', '0', 'aridius_store_review', 'aridius_store_review_display_captcha', '0', '0');
REPLACE INTO `PREFIX_DB_setting` (`setting_id`, `store_id`, `code`, `key`, `value`, `serialized`) VALUES ('863', '0', 'aridius_store_review', 'aridius_store_review_mail', '0', '0');
REPLACE INTO `PREFIX_DB_setting` (`setting_id`, `store_id`, `code`, `key`, `value`, `serialized`) VALUES ('864', '0', 'aridius_store_review', 'aridius_store_review_meta_title', '{"1":"\\u041e\\u0442\\u0437\\u044b\\u0432\\u044b \\u043e \\u043c\\u0430\\u0433\\u0430\\u0437\\u0438\\u043d\\u0435","2":"\\u041e\\u0442\\u0437\\u044b\\u0432\\u044b \\u043e \\u043c\\u0430\\u0433\\u0430\\u0437\\u0438\\u043d\\u0435"}', '1');
REPLACE INTO `PREFIX_DB_setting` (`setting_id`, `store_id`, `code`, `key`, `value`, `serialized`) VALUES ('865', '0', 'aridius_store_review', 'aridius_store_review_meta_description', '{"1":"\\u041e\\u0442\\u0437\\u044b\\u0432\\u044b \\u043e \\u043c\\u0430\\u0433\\u0430\\u0437\\u0438\\u043d\\u0435","2":"\\u041e\\u0442\\u0437\\u044b\\u0432\\u044b \\u043e \\u043c\\u0430\\u0433\\u0430\\u0437\\u0438\\u043d\\u0435"}', '1');
REPLACE INTO `PREFIX_DB_setting` (`setting_id`, `store_id`, `code`, `key`, `value`, `serialized`) VALUES ('866', '0', 'aridius_store_review', 'aridius_store_review_meta_keyword', '{"1":"\\u041e\\u0442\\u0437\\u044b\\u0432\\u044b \\u043e \\u043c\\u0430\\u0433\\u0430\\u0437\\u0438\\u043d\\u0435","2":"\\u041e\\u0442\\u0437\\u044b\\u0432\\u044b \\u043e \\u043c\\u0430\\u0433\\u0430\\u0437\\u0438\\u043d\\u0435"}', '1');
REPLACE INTO `PREFIX_DB_setting` (`setting_id`, `store_id`, `code`, `key`, `value`, `serialized`) VALUES ('867', '0', 'aridius_store_review', 'aridius_store_review_status', '1', '0');
REPLACE INTO `PREFIX_DB_setting` (`setting_id`, `store_id`, `code`, `key`, `value`, `serialized`) VALUES ('8424', '0', 'aridiusinstock', 'aridiusinstock_emailshow', '0', '0');
REPLACE INTO `PREFIX_DB_setting` (`setting_id`, `store_id`, `code`, `key`, `value`, `serialized`) VALUES ('8425', '0', 'aridiusinstock', 'aridiusinstock_emailvalid', '0', '0');
REPLACE INTO `PREFIX_DB_setting` (`setting_id`, `store_id`, `code`, `key`, `value`, `serialized`) VALUES ('8426', '0', 'aridiusinstock', 'aridiusinstock_placeholderemail', '{"1":"E-mail","2":"E-mail"}', '1');
REPLACE INTO `PREFIX_DB_setting` (`setting_id`, `store_id`, `code`, `key`, `value`, `serialized`) VALUES ('8427', '0', 'aridiusinstock', 'aridiusinstock_status', '1', '0');
REPLACE INTO `PREFIX_DB_setting` (`setting_id`, `store_id`, `code`, `key`, `value`, `serialized`) VALUES ('8428', '0', 'aridiusinstock', 'aridiusinstock_description', '{"1":"&lt;span style=&quot;font-size: 11px;&quot;&gt;\\u041d\\u0430\\u0436\\u0438\\u043c\\u0430\\u044f \\u043d\\u0430 \\u043a\\u043d\\u043e\\u043f\\u043a\\u0443 \\u00ab\\u041e\\u0442\\u043f\\u0440\\u0430\\u0432\\u0438\\u0442\\u044c\\u00bb, \\u044f \\u0434\\u0430\\u044e c\\u043e\\u0433\\u043b\\u0430\\u0441\\u0438\\u0435 \\u043d\\u0430 &lt;a href=&quot;person_danie&quot; target=&quot;_blank&quot;&gt;\\u043e\\u0431\\u0440\\u0430\\u0431\\u043e\\u0442\\u043a\\u0443 \\u043f\\u0435\\u0440\\u0441\\u043e\\u043d\\u0430\\u043b\\u044c\\u043d\\u044b\\u0445 \\u0434\\u0430\\u043d\\u043d\\u044b\\u0445.&lt;\\/a&gt;&lt;\\/span&gt;","2":"&lt;span style=&quot;font-size: 11px;&quot;&gt;\\u041d\\u0430\\u0436\\u0438\\u043c\\u0430\\u044f \\u043d\\u0430 \\u043a\\u043d\\u043e\\u043f\\u043a\\u0443 \\u00ab\\u041e\\u0442\\u043f\\u0440\\u0430\\u0432\\u0438\\u0442\\u044c\\u00bb, \\u044f \\u0434\\u0430\\u044e c\\u043e\\u0433\\u043b\\u0430\\u0441\\u0438\\u0435 \\u043d\\u0430 &lt;a href=&quot;person_danie&quot; target=&quot;_blank&quot;&gt;\\u043e\\u0431\\u0440\\u0430\\u0431\\u043e\\u0442\\u043a\\u0443 \\u043f\\u0435\\u0440\\u0441\\u043e\\u043d\\u0430\\u043b\\u044c\\u043d\\u044b\\u0445 \\u0434\\u0430\\u043d\\u043d\\u044b\\u0445.&lt;\\/a&gt;&lt;\\/span&gt;"}', '1');
REPLACE INTO `PREFIX_DB_setting` (`setting_id`, `store_id`, `code`, `key`, `value`, `serialized`) VALUES ('8429', '0', 'aridiusinstock', 'aridiusinstock_description2', '{"1":"&lt;p&gt;\\u0421\\u043f\\u0430\\u0441\\u0438\\u0431\\u043e, \\u043c\\u044b \\u0440\\u0430\\u0434\\u044b \\u0437\\u0430 \\u043f\\u0440\\u043e\\u044f\\u0432\\u043b\\u0435\\u043d\\u043d\\u044b\\u0439 \\u0438\\u043d\\u0442\\u0435\\u0440\\u0435\\u0441. \\u041f\\u043e\\u0441\\u043b\\u0435 \\u043f\\u043e\\u043b\\u0443\\u0447\\u0435\\u043d\\u0438\\u044f \\u0442\\u043e\\u0432\\u0430\\u0440\\u0430 \\u043c\\u044b \\u0441\\u0432\\u044f\\u0436\\u0435\\u043c\\u0441\\u044f \\u0441 \\u0432\\u0430\\u043c\\u0438!&lt;br&gt;&lt;\\/p&gt;","2":"&lt;p&gt;\\u0421\\u043f\\u0430\\u0441\\u0438\\u0431\\u043e, \\u043c\\u044b \\u0440\\u0430\\u0434\\u044b \\u0437\\u0430 \\u043f\\u0440\\u043e\\u044f\\u0432\\u043b\\u0435\\u043d\\u043d\\u044b\\u0439 \\u0438\\u043d\\u0442\\u0435\\u0440\\u0435\\u0441. \\u041f\\u043e\\u0441\\u043b\\u0435 \\u043f\\u043e\\u043b\\u0443\\u0447\\u0435\\u043d\\u0438\\u044f \\u0442\\u043e\\u0432\\u0430\\u0440\\u0430 \\u043c\\u044b \\u0441\\u0432\\u044f\\u0436\\u0435\\u043c\\u0441\\u044f \\u0441 \\u0432\\u0430\\u043c\\u0438!&lt;br&gt;&lt;\\/p&gt;"}', '1');
REPLACE INTO `PREFIX_DB_setting` (`setting_id`, `store_id`, `code`, `key`, `value`, `serialized`) VALUES ('8423', '0', 'aridiusinstock', 'aridiusinstock_placeholdertell', '{"1":"\\u0422\\u0435\\u043b\\u0435\\u0444\\u043e\\u043d","2":"\\u0422\\u0435\\u043b\\u0435\\u0444\\u043e\\u043d"}', '1');
REPLACE INTO `PREFIX_DB_setting` (`setting_id`, `store_id`, `code`, `key`, `value`, `serialized`) VALUES ('8422', '0', 'aridiusinstock', 'aridiusinstock_mask', '{"1":"+7(999) 999-9999","2":"+7(999) 999-9999"}', '1');
REPLACE INTO `PREFIX_DB_setting` (`setting_id`, `store_id`, `code`, `key`, `value`, `serialized`) VALUES ('8421', '0', 'aridiusinstock', 'aridiusinstock_tellvalid', '0', '0');
REPLACE INTO `PREFIX_DB_setting` (`setting_id`, `store_id`, `code`, `key`, `value`, `serialized`) VALUES ('8420', '0', 'aridiusinstock', 'aridiusinstock_tellshow', '0', '0');
REPLACE INTO `PREFIX_DB_setting` (`setting_id`, `store_id`, `code`, `key`, `value`, `serialized`) VALUES ('8419', '0', 'aridiusinstock', 'aridiusinstock_placeholderfirstname', '{"1":"\\u0424\\u0418\\u041e","2":"\\u0424\\u0418\\u041e"}', '1');
REPLACE INTO `PREFIX_DB_setting` (`setting_id`, `store_id`, `code`, `key`, `value`, `serialized`) VALUES ('8418', '0', 'aridiusinstock', 'aridiusinstock_firstnamevalid', '0', '0');
REPLACE INTO `PREFIX_DB_setting` (`setting_id`, `store_id`, `code`, `key`, `value`, `serialized`) VALUES ('8417', '0', 'aridiusinstock', 'aridiusinstock_firstnameshow', '0', '0');
REPLACE INTO `PREFIX_DB_setting` (`setting_id`, `store_id`, `code`, `key`, `value`, `serialized`) VALUES ('8416', '0', 'aridiusinstock', 'aridiusinstock_img', '0', '0');
REPLACE INTO `PREFIX_DB_setting` (`setting_id`, `store_id`, `code`, `key`, `value`, `serialized`) VALUES ('8413', '0', 'aridiusinstock', 'aridiusinstock_mail_send', '0', '0');
REPLACE INTO `PREFIX_DB_setting` (`setting_id`, `store_id`, `code`, `key`, `value`, `serialized`) VALUES ('8414', '0', 'aridiusinstock', 'aridiusinstock_descriptionshow', '0', '0');
REPLACE INTO `PREFIX_DB_setting` (`setting_id`, `store_id`, `code`, `key`, `value`, `serialized`) VALUES ('8415', '0', 'aridiusinstock', 'aridiusinstock_adddescriptionshow', '1', '0');
REPLACE INTO `PREFIX_DB_setting` (`setting_id`, `store_id`, `code`, `key`, `value`, `serialized`) VALUES ('25191', '0', 'aridius_popupsize', 'aridius_popupsize_top_links', '{"1":{"title":{"1":"\\u0416\\u0435\\u043d\\u0441\\u043a\\u0438\\u0435","2":"\\u0416\\u0435\\u043d\\u0441\\u043a\\u0438\\u0435"},"id":"tabpopup1","description":{"1":"&lt;img class=&quot;img-responsive&quot; alt=&quot;size&quot; src=&quot;image\\/catalog\\/modern\\/size-women.jpg&quot;&gt;     ","2":"&lt;img class=&quot;img-responsive&quot; alt=&quot;size&quot; src=&quot;image\\/catalog\\/modern\\/size-women.jpg&quot;&gt;     "}},"2":{"title":{"1":"\\u0414\\u0435\\u0442\\u0441\\u043a\\u0438\\u0435","2":"\\u0414\\u0435\\u0442\\u0441\\u043a\\u0438\\u0435"},"id":"tabpopup2","description":{"1":"&lt;p&gt;\\u041f\\u0440\\u0430\\u0432\\u0438\\u043b\\u044c\\u043d\\u0435\\u0435 \\u0432\\u0441\\u0435\\u0433\\u043e \\u043f\\u0440\\u0438\\u043e\\u0431\\u0440\\u0435\\u0442\\u0430\\u0442\\u044c \\u043e\\u0431\\u0443\\u0432\\u044c \\u0441 \\u0437\\u0430\\u043f\\u0430\\u0441\\u043e\\u043c \\u0434\\u043e \\u043f\\u043e\\u043b\\u0443\\u0442\\u043e\\u0440\\u0430 \\u0441\\u0430\\u043d\\u0442\\u0438\\u043c\\u0435\\u0442\\u0440\\u043e\\u0432, \\u043f\\u0440\\u0438\\u0447\\u0435\\u043c, \\u043f\\u043e\\u043a\\u0443\\u043f\\u0430\\u044f \\u0437\\u0438\\u043c\\u043d\\u044e\\u044e \\u043e\\u0431\\u0443\\u0432\\u044c, \\u0443\\u0447\\u0438\\u0442\\u044b\\u0432\\u0430\\u0439\\u0442\\u0435, \\u0431\\u0443\\u0434\\u0435\\u0442\\u0435 \\u043b\\u0438 \\u0412\\u044b \\u043d\\u0430\\u0434\\u0435\\u0432\\u0430\\u0442\\u044c \\u043f\\u043e\\u0434 \\u043d\\u0435\\u0435 \\u043c\\u0430\\u043b\\u044b\\u0448\\u0443 \\u0434\\u043e\\u043f\\u043e\\u043b\\u043d\\u0438\\u0442\\u0435\\u043b\\u044c\\u043d\\u044b\\u0435 \\u043d\\u043e\\u0441\\u043e\\u0447\\u043a\\u0438. \\u0424\\u0438\\u0437\\u0438\\u043e\\u043b\\u043e\\u0433\\u0438\\u0447\\u0435\\u0441\\u043a\\u0438\\u0439 \\u0437\\u0430\\u043f\\u0430\\u0441 \\u043e\\u0431\\u0435\\u0441\\u043f\\u0435\\u0447\\u0438\\u0442 \\u0447\\u0443\\u0432\\u0441\\u0442\\u0432\\u043e \\u043a\\u043e\\u043c\\u0444\\u043e\\u0440\\u0442\\u0430: \\u0441\\u043b\\u0430\\u0431\\u044b\\u0435 \\u0434\\u0435\\u0442\\u0441\\u043a\\u0438\\u0435 \\u0441\\u0443\\u0441\\u0442\\u0430\\u0432\\u043d\\u044b\\u0435 \\u0441\\u0432\\u044f\\u0437\\u043a\\u0438 \\u0434\\u043e\\u0441\\u0442\\u0430\\u0442\\u043e\\u0447\\u043d\\u043e \\u0445\\u043e\\u0440\\u043e\\u0448\\u043e \\u0437\\u0430\\u0444\\u0438\\u043a\\u0441\\u0438\\u0440\\u0443\\u044e\\u0442\\u0441\\u044f, \\u043d\\u043e\\u0433\\u0430 \\u043d\\u0435 \\u0431\\u0443\\u0434\\u0435\\u0442 \\u0431\\u043e\\u043b\\u0442\\u0430\\u0442\\u044c\\u0441\\u044f \\u0438 \\u0435\\u0440\\u0437\\u0430\\u0442\\u044c. \\u041f\\u0440\\u0430\\u0432\\u0438\\u043b\\u044c\\u043d\\u043e \\u0432\\u044b\\u0431\\u0440\\u0430\\u043d\\u043d\\u044b\\u0439 \\u0440\\u0430\\u0437\\u043c\\u0435\\u0440 \\u043e\\u0431\\u0435\\u0437\\u043e\\u043f\\u0430\\u0441\\u0438\\u0442 \\u0440\\u0435\\u0431\\u0435\\u043d\\u043a\\u0430 \\u043e\\u0442 \\u0442\\u0440\\u0430\\u0432\\u043c, \\u0440\\u0430\\u0441\\u0442\\u044f\\u0436\\u0435\\u043d\\u0438\\u0439 \\u0438 \\u0432\\u044b\\u0432\\u0438\\u0445\\u043e\\u0432.                         &lt;br&gt;&lt;\\/p&gt;     ","2":"&lt;p&gt;\\u041f\\u0440\\u0430\\u0432\\u0438\\u043b\\u044c\\u043d\\u0435\\u0435 \\u0432\\u0441\\u0435\\u0433\\u043e \\u043f\\u0440\\u0438\\u043e\\u0431\\u0440\\u0435\\u0442\\u0430\\u0442\\u044c \\u043e\\u0431\\u0443\\u0432\\u044c \\u0441 \\u0437\\u0430\\u043f\\u0430\\u0441\\u043e\\u043c \\u0434\\u043e \\u043f\\u043e\\u043b\\u0443\\u0442\\u043e\\u0440\\u0430 \\u0441\\u0430\\u043d\\u0442\\u0438\\u043c\\u0435\\u0442\\u0440\\u043e\\u0432, \\u043f\\u0440\\u0438\\u0447\\u0435\\u043c, \\u043f\\u043e\\u043a\\u0443\\u043f\\u0430\\u044f \\u0437\\u0438\\u043c\\u043d\\u044e\\u044e \\u043e\\u0431\\u0443\\u0432\\u044c, \\u0443\\u0447\\u0438\\u0442\\u044b\\u0432\\u0430\\u0439\\u0442\\u0435, \\u0431\\u0443\\u0434\\u0435\\u0442\\u0435 \\u043b\\u0438 \\u0412\\u044b \\u043d\\u0430\\u0434\\u0435\\u0432\\u0430\\u0442\\u044c \\u043f\\u043e\\u0434 \\u043d\\u0435\\u0435 \\u043c\\u0430\\u043b\\u044b\\u0448\\u0443 \\u0434\\u043e\\u043f\\u043e\\u043b\\u043d\\u0438\\u0442\\u0435\\u043b\\u044c\\u043d\\u044b\\u0435 \\u043d\\u043e\\u0441\\u043e\\u0447\\u043a\\u0438. \\u0424\\u0438\\u0437\\u0438\\u043e\\u043b\\u043e\\u0433\\u0438\\u0447\\u0435\\u0441\\u043a\\u0438\\u0439 \\u0437\\u0430\\u043f\\u0430\\u0441 \\u043e\\u0431\\u0435\\u0441\\u043f\\u0435\\u0447\\u0438\\u0442 \\u0447\\u0443\\u0432\\u0441\\u0442\\u0432\\u043e \\u043a\\u043e\\u043c\\u0444\\u043e\\u0440\\u0442\\u0430: \\u0441\\u043b\\u0430\\u0431\\u044b\\u0435 \\u0434\\u0435\\u0442\\u0441\\u043a\\u0438\\u0435 \\u0441\\u0443\\u0441\\u0442\\u0430\\u0432\\u043d\\u044b\\u0435 \\u0441\\u0432\\u044f\\u0437\\u043a\\u0438 \\u0434\\u043e\\u0441\\u0442\\u0430\\u0442\\u043e\\u0447\\u043d\\u043e \\u0445\\u043e\\u0440\\u043e\\u0448\\u043e \\u0437\\u0430\\u0444\\u0438\\u043a\\u0441\\u0438\\u0440\\u0443\\u044e\\u0442\\u0441\\u044f, \\u043d\\u043e\\u0433\\u0430 \\u043d\\u0435 \\u0431\\u0443\\u0434\\u0435\\u0442 \\u0431\\u043e\\u043b\\u0442\\u0430\\u0442\\u044c\\u0441\\u044f \\u0438 \\u0435\\u0440\\u0437\\u0430\\u0442\\u044c. \\u041f\\u0440\\u0430\\u0432\\u0438\\u043b\\u044c\\u043d\\u043e \\u0432\\u044b\\u0431\\u0440\\u0430\\u043d\\u043d\\u044b\\u0439 \\u0440\\u0430\\u0437\\u043c\\u0435\\u0440 \\u043e\\u0431\\u0435\\u0437\\u043e\\u043f\\u0430\\u0441\\u0438\\u0442 \\u0440\\u0435\\u0431\\u0435\\u043d\\u043a\\u0430 \\u043e\\u0442 \\u0442\\u0440\\u0430\\u0432\\u043c, \\u0440\\u0430\\u0441\\u0442\\u044f\\u0436\\u0435\\u043d\\u0438\\u0439 \\u0438 \\u0432\\u044b\\u0432\\u0438\\u0445\\u043e\\u0432.                         &lt;br&gt;&lt;\\/p&gt;     "}},"3":{"title":{"1":"\\u0414\\u043e\\u0441\\u0442\\u0430\\u0432\\u043a\\u0430 \\u0438 \\u043e\\u043f\\u043b\\u0430\\u0442\\u0430","2":"\\u0414\\u043e\\u0441\\u0442\\u0430\\u0432\\u043a\\u0430 \\u0438 \\u043e\\u043f\\u043b\\u0430\\u0442\\u0430"},"id":"tabpopup3","description":{"1":"&lt;p&gt;\\u041f\\u0440\\u0438 \\u0432\\u044b\\u0431\\u043e\\u0440\\u0435 \\u0434\\u043e\\u0441\\u0442\\u0430\\u0432\\u043a\\u0438 \\u2013 \\u043d\\u0430\\u0448\\u0438\\u043c \\u0442\\u0440\\u0430\\u043d\\u0441\\u043f\\u043e\\u0440\\u0442\\u043e\\u043c, \\u0412\\u0430\\u043c \\u043d\\u0443\\u0436\\u043d\\u043e \\u043e\\u043f\\u043b\\u0430\\u0442\\u0438\\u0442\\u044c \\u043f\\u043e\\u043b\\u043d\\u0443\\u044e \\u0441\\u0442\\u043e\\u0438\\u043c\\u043e\\u0441\\u0442\\u044c \\u043f\\u043e\\u043a\\u0443\\u043f\\u043a\\u0438 \\u043d\\u0430 \\u043d\\u0430\\u0448 \\u0440\\u0430\\u0441\\u0447\\u0435\\u0442\\u043d\\u044b\\u0439 \\u0441\\u0447\\u0435\\u0442 \\u0432 \\u0431\\u0430\\u043d\\u043a\\u0435, \\u044d\\u0442\\u043e \\u043c\\u043e\\u0436\\u043d\\u043e \\u0441\\u0434\\u0435\\u043b\\u0430\\u0442\\u044c \\u0447\\u0435\\u0440\\u0435\\u0437 \\u043a\\u0430\\u0441\\u0441\\u0443 \\u0432 \\u043b\\u044e\\u0431\\u043e\\u043c \\u0431\\u0430\\u043d\\u043a\\u0435, \\u0438\\u043b\\u0438 \\u0441 \\u043f\\u043e\\u043c\\u043e\\u0449\\u044c\\u044e \\u0431\\u0430\\u043d\\u043a\\u043e\\u0432\\u0441\\u043a\\u043e\\u0439 \\u043a\\u0430\\u0440\\u0442\\u044b (\\u0432\\u044b\\u0431\\u0440\\u0430\\u0432 \\u0441\\u043f\\u043e\\u0441\\u043e\\u0431 \\u043e\\u043f\\u043b\\u0430\\u0442\\u044b \\u00ab\\u041e\\u043f\\u043b\\u0430\\u0442\\u0430 \\u043a\\u0430\\u0440\\u0442\\u043e\\u0439 \\u043b\\u044e\\u0431\\u043e\\u0433\\u043e \\u0431\\u0430\\u043d\\u043a\\u0430\\u00bb \\u043f\\u0440\\u0438 \\u043e\\u0444\\u043e\\u0440\\u043c\\u043b\\u0435\\u043d\\u0438\\u0438 \\u0437\\u0430\\u043a\\u0430\\u0437\\u0430 \\u043d\\u0430 \\u043d\\u0430\\u0448\\u0435\\u043c \\u0441\\u0430\\u0439\\u0442\\u0435).&lt;br&gt;&lt;\\/p&gt;     ","2":"&lt;p&gt;\\u041f\\u0440\\u0438 \\u0432\\u044b\\u0431\\u043e\\u0440\\u0435 \\u0434\\u043e\\u0441\\u0442\\u0430\\u0432\\u043a\\u0438 \\u2013 \\u043d\\u0430\\u0448\\u0438\\u043c \\u0442\\u0440\\u0430\\u043d\\u0441\\u043f\\u043e\\u0440\\u0442\\u043e\\u043c, \\u0412\\u0430\\u043c \\u043d\\u0443\\u0436\\u043d\\u043e \\u043e\\u043f\\u043b\\u0430\\u0442\\u0438\\u0442\\u044c \\u043f\\u043e\\u043b\\u043d\\u0443\\u044e \\u0441\\u0442\\u043e\\u0438\\u043c\\u043e\\u0441\\u0442\\u044c \\u043f\\u043e\\u043a\\u0443\\u043f\\u043a\\u0438 \\u043d\\u0430 \\u043d\\u0430\\u0448 \\u0440\\u0430\\u0441\\u0447\\u0435\\u0442\\u043d\\u044b\\u0439 \\u0441\\u0447\\u0435\\u0442 \\u0432 \\u0431\\u0430\\u043d\\u043a\\u0435, \\u044d\\u0442\\u043e \\u043c\\u043e\\u0436\\u043d\\u043e \\u0441\\u0434\\u0435\\u043b\\u0430\\u0442\\u044c \\u0447\\u0435\\u0440\\u0435\\u0437 \\u043a\\u0430\\u0441\\u0441\\u0443 \\u0432 \\u043b\\u044e\\u0431\\u043e\\u043c \\u0431\\u0430\\u043d\\u043a\\u0435, \\u0438\\u043b\\u0438 \\u0441 \\u043f\\u043e\\u043c\\u043e\\u0449\\u044c\\u044e \\u0431\\u0430\\u043d\\u043a\\u043e\\u0432\\u0441\\u043a\\u043e\\u0439 \\u043a\\u0430\\u0440\\u0442\\u044b (\\u0432\\u044b\\u0431\\u0440\\u0430\\u0432 \\u0441\\u043f\\u043e\\u0441\\u043e\\u0431 \\u043e\\u043f\\u043b\\u0430\\u0442\\u044b \\u00ab\\u041e\\u043f\\u043b\\u0430\\u0442\\u0430 \\u043a\\u0430\\u0440\\u0442\\u043e\\u0439 \\u043b\\u044e\\u0431\\u043e\\u0433\\u043e \\u0431\\u0430\\u043d\\u043a\\u0430\\u00bb \\u043f\\u0440\\u0438 \\u043e\\u0444\\u043e\\u0440\\u043c\\u043b\\u0435\\u043d\\u0438\\u0438 \\u0437\\u0430\\u043a\\u0430\\u0437\\u0430 \\u043d\\u0430 \\u043d\\u0430\\u0448\\u0435\\u043c \\u0441\\u0430\\u0439\\u0442\\u0435).&lt;br&gt;&lt;\\/p&gt;     "}}}', '1');
REPLACE INTO `PREFIX_DB_setting` (`setting_id`, `store_id`, `code`, `key`, `value`, `serialized`) VALUES ('26837', '0', 'config', 'config_cart_weight', '1', '0');
REPLACE INTO `PREFIX_DB_setting` (`setting_id`, `store_id`, `code`, `key`, `value`, `serialized`) VALUES ('26836', '0', 'config', 'config_invoice_prefix', 'INV-2013-00', '0');
REPLACE INTO `PREFIX_DB_setting` (`setting_id`, `store_id`, `code`, `key`, `value`, `serialized`) VALUES ('28272', '0', 'modern', 'modern_color_text_news', 'FFFFFF', '0');
REPLACE INTO `PREFIX_DB_setting` (`setting_id`, `store_id`, `code`, `key`, `value`, `serialized`) VALUES ('28260', '0', 'modern', 'modern_main_background_color', '2F2F2F', '0');
REPLACE INTO `PREFIX_DB_setting` (`setting_id`, `store_id`, `code`, `key`, `value`, `serialized`) VALUES ('28259', '0', 'modern', 'modern_attribute_see', '5', '0');
REPLACE INTO `PREFIX_DB_setting` (`setting_id`, `store_id`, `code`, `key`, `value`, `serialized`) VALUES ('28258', '0', 'modern', 'modern_limit_symbolst', '55', '0');
REPLACE INTO `PREFIX_DB_setting` (`setting_id`, `store_id`, `code`, `key`, `value`, `serialized`) VALUES ('28257', '0', 'modern', 'modern_arrowup', '0', '0');
REPLACE INTO `PREFIX_DB_setting` (`setting_id`, `store_id`, `code`, `key`, `value`, `serialized`) VALUES ('28256', '0', 'modern', 'modern_rating_cat', '0', '0');
REPLACE INTO `PREFIX_DB_setting` (`setting_id`, `store_id`, `code`, `key`, `value`, `serialized`) VALUES ('28254', '0', 'modern', 'modern_description_cat', '1', '0');
REPLACE INTO `PREFIX_DB_setting` (`setting_id`, `store_id`, `code`, `key`, `value`, `serialized`) VALUES ('28255', '0', 'modern', 'modern_atribute', '0', '0');
REPLACE INTO `PREFIX_DB_setting` (`setting_id`, `store_id`, `code`, `key`, `value`, `serialized`) VALUES ('28253', '0', 'modern', 'modern_compare_cat', '0', '0');
REPLACE INTO `PREFIX_DB_setting` (`setting_id`, `store_id`, `code`, `key`, `value`, `serialized`) VALUES ('28209', '0', 'modern', 'modern_sticker_top_product_auto', '0', '0');
REPLACE INTO `PREFIX_DB_setting` (`setting_id`, `store_id`, `code`, `key`, `value`, `serialized`) VALUES ('28210', '0', 'modern', 'modern_name_sticker_product_new', '{"1":"NEW","2":"NEW"}', '1');
REPLACE INTO `PREFIX_DB_setting` (`setting_id`, `store_id`, `code`, `key`, `value`, `serialized`) VALUES ('28211', '0', 'modern', 'modern_name_sticker_product_top', '{"1":"TOP","2":"TOP"}', '1');
REPLACE INTO `PREFIX_DB_setting` (`setting_id`, `store_id`, `code`, `key`, `value`, `serialized`) VALUES ('28212', '0', 'modern', 'modern_sticker_product_new_day', '90', '0');
REPLACE INTO `PREFIX_DB_setting` (`setting_id`, `store_id`, `code`, `key`, `value`, `serialized`) VALUES ('28213', '0', 'modern', 'modern_sticker_product_top_ratinr', '1', '0');
REPLACE INTO `PREFIX_DB_setting` (`setting_id`, `store_id`, `code`, `key`, `value`, `serialized`) VALUES ('28214', '0', 'modern', 'modern_sticker_product_top_rating', '5', '0');
REPLACE INTO `PREFIX_DB_setting` (`setting_id`, `store_id`, `code`, `key`, `value`, `serialized`) VALUES ('28215', '0', 'modern', 'modern_sticker_product_top_viewed', '200', '0');
REPLACE INTO `PREFIX_DB_setting` (`setting_id`, `store_id`, `code`, `key`, `value`, `serialized`) VALUES ('28216', '0', 'modern', 'modern_categories_2lv', '0', '0');
REPLACE INTO `PREFIX_DB_setting` (`setting_id`, `store_id`, `code`, `key`, `value`, `serialized`) VALUES ('28217', '0', 'modern', 'modern_categories_2lv_width', '90', '0');
REPLACE INTO `PREFIX_DB_setting` (`setting_id`, `store_id`, `code`, `key`, `value`, `serialized`) VALUES ('28218', '0', 'modern', 'modern_categories_2lv_height', '90', '0');
REPLACE INTO `PREFIX_DB_setting` (`setting_id`, `store_id`, `code`, `key`, `value`, `serialized`) VALUES ('28219', '0', 'modern', 'modern_count_cat', '0', '0');
REPLACE INTO `PREFIX_DB_setting` (`setting_id`, `store_id`, `code`, `key`, `value`, `serialized`) VALUES ('28220', '0', 'modern', 'modern_sort_cat', '0', '0');
REPLACE INTO `PREFIX_DB_setting` (`setting_id`, `store_id`, `code`, `key`, `value`, `serialized`) VALUES ('28221', '0', 'modern', 'modern_description_top_or_bot', '0', '0');
REPLACE INTO `PREFIX_DB_setting` (`setting_id`, `store_id`, `code`, `key`, `value`, `serialized`) VALUES ('28222', '0', 'modern', 'modern_elevatezoom', '0', '0');
REPLACE INTO `PREFIX_DB_setting` (`setting_id`, `store_id`, `code`, `key`, `value`, `serialized`) VALUES ('28223', '0', 'modern', 'modern_product_size', '1', '0');
REPLACE INTO `PREFIX_DB_setting` (`setting_id`, `store_id`, `code`, `key`, `value`, `serialized`) VALUES ('28224', '0', 'modern', 'modern_product_weight', '1', '0');
REPLACE INTO `PREFIX_DB_setting` (`setting_id`, `store_id`, `code`, `key`, `value`, `serialized`) VALUES ('28225', '0', 'modern', 'modern_product_kod_tovara', '0', '0');
REPLACE INTO `PREFIX_DB_setting` (`setting_id`, `store_id`, `code`, `key`, `value`, `serialized`) VALUES ('28226', '0', 'modern', 'modern_product_man_img', '0', '0');
REPLACE INTO `PREFIX_DB_setting` (`setting_id`, `store_id`, `code`, `key`, `value`, `serialized`) VALUES ('28227', '0', 'modern', 'modern_product_raiting', '5', '0');
REPLACE INTO `PREFIX_DB_setting` (`setting_id`, `store_id`, `code`, `key`, `value`, `serialized`) VALUES ('28228', '0', 'modern', 'modern_product_timer', '0', '0');
REPLACE INTO `PREFIX_DB_setting` (`setting_id`, `store_id`, `code`, `key`, `value`, `serialized`) VALUES ('28229', '0', 'modern', 'modern_product_man_width', '50', '0');
REPLACE INTO `PREFIX_DB_setting` (`setting_id`, `store_id`, `code`, `key`, `value`, `serialized`) VALUES ('28230', '0', 'modern', 'modern_product_man_height', '50', '0');
REPLACE INTO `PREFIX_DB_setting` (`setting_id`, `store_id`, `code`, `key`, `value`, `serialized`) VALUES ('28231', '0', 'modern', 'modern_product_optionimg_width', '70', '0');
REPLACE INTO `PREFIX_DB_setting` (`setting_id`, `store_id`, `code`, `key`, `value`, `serialized`) VALUES ('28232', '0', 'modern', 'modern_product_optionimg_height', '70', '0');
REPLACE INTO `PREFIX_DB_setting` (`setting_id`, `store_id`, `code`, `key`, `value`, `serialized`) VALUES ('28233', '0', 'modern', 'modern_product_show_share', '1', '0');
REPLACE INTO `PREFIX_DB_setting` (`setting_id`, `store_id`, `code`, `key`, `value`, `serialized`) VALUES ('28234', '0', 'modern', 'modern_share', '&lt;script type=&quot;text/javascript&quot; src=&quot;//yastatic.net/es5-shims/0.0.2/es5-shims.min.js&quot; charset=&quot;utf-8&quot;&gt;&lt;/script&gt;&lt;script type=&quot;text/javascript&quot; src=&quot;//yastatic.net/share2/share.js&quot; charset=&quot;utf-8&quot;&gt;&lt;/script&gt;&lt;div class=&quot;ya-share2&quot; data-services=&quot;vkontakte,facebook,odnoklassniki,moimir,gplus,twitter,viber,whatsapp&quot; data-size=&quot;s&quot;&gt;&lt;/div&gt;', '0');
REPLACE INTO `PREFIX_DB_setting` (`setting_id`, `store_id`, `code`, `key`, `value`, `serialized`) VALUES ('28235', '0', 'modern', 'modern_product_show_sku', '1', '0');
REPLACE INTO `PREFIX_DB_setting` (`setting_id`, `store_id`, `code`, `key`, `value`, `serialized`) VALUES ('28236', '0', 'modern', 'modern_product_show_upc', '1', '0');
REPLACE INTO `PREFIX_DB_setting` (`setting_id`, `store_id`, `code`, `key`, `value`, `serialized`) VALUES ('28237', '0', 'modern', 'modern_product_show_ean', '1', '0');
REPLACE INTO `PREFIX_DB_setting` (`setting_id`, `store_id`, `code`, `key`, `value`, `serialized`) VALUES ('28238', '0', 'modern', 'modern_product_show_jan', '1', '0');
REPLACE INTO `PREFIX_DB_setting` (`setting_id`, `store_id`, `code`, `key`, `value`, `serialized`) VALUES ('28239', '0', 'modern', 'modern_product_show_isbn', '1', '0');
REPLACE INTO `PREFIX_DB_setting` (`setting_id`, `store_id`, `code`, `key`, `value`, `serialized`) VALUES ('28240', '0', 'modern', 'modern_product_show_mpn', '1', '0');
REPLACE INTO `PREFIX_DB_setting` (`setting_id`, `store_id`, `code`, `key`, `value`, `serialized`) VALUES ('28241', '0', 'modern', 'modern_product_sku', '{"1":"","2":""}', '1');
REPLACE INTO `PREFIX_DB_setting` (`setting_id`, `store_id`, `code`, `key`, `value`, `serialized`) VALUES ('28242', '0', 'modern', 'modern_product_upc', '{"1":"","2":""}', '1');
REPLACE INTO `PREFIX_DB_setting` (`setting_id`, `store_id`, `code`, `key`, `value`, `serialized`) VALUES ('28243', '0', 'modern', 'modern_product_ean', '{"1":"","2":""}', '1');
REPLACE INTO `PREFIX_DB_setting` (`setting_id`, `store_id`, `code`, `key`, `value`, `serialized`) VALUES ('28244', '0', 'modern', 'modern_product_jan', '{"1":"","2":""}', '1');
REPLACE INTO `PREFIX_DB_setting` (`setting_id`, `store_id`, `code`, `key`, `value`, `serialized`) VALUES ('28245', '0', 'modern', 'modern_product_isbn', '{"1":"","2":""}', '1');
REPLACE INTO `PREFIX_DB_setting` (`setting_id`, `store_id`, `code`, `key`, `value`, `serialized`) VALUES ('28246', '0', 'modern', 'modern_product_mpn', '{"1":"","2":""}', '1');
REPLACE INTO `PREFIX_DB_setting` (`setting_id`, `store_id`, `code`, `key`, `value`, `serialized`) VALUES ('28247', '0', 'modern', 'modern_top_links7', '{"1":{"title":{"1":"\\u0414\\u043e\\u0441\\u0442\\u0430\\u0432\\u043a\\u0430","2":"\\u0414\\u043e\\u0441\\u0442\\u0430\\u0432\\u043a\\u0430"},"id":"tabproduct1","description":{"1":"&lt;p&gt;\\u041f\\u0440\\u0438 \\u0432\\u044b\\u0431\\u043e\\u0440\\u0435 \\u0434\\u043e\\u0441\\u0442\\u0430\\u0432\\u043a\\u0438 \\u2013 \\u043d\\u0430\\u0448\\u0438\\u043c \\u0442\\u0440\\u0430\\u043d\\u0441\\u043f\\u043e\\u0440\\u0442\\u043e\\u043c, \\u0412\\u0430\\u043c \\u043d\\u0443\\u0436\\u043d\\u043e \\u043e\\u043f\\u043b\\u0430\\u0442\\u0438\\u0442\\u044c \\u043f\\u043e\\u043b\\u043d\\u0443\\u044e \\u0441\\u0442\\u043e\\u0438\\u043c\\u043e\\u0441\\u0442\\u044c \\u043f\\u043e\\u043a\\u0443\\u043f\\u043a\\u0438 \\u043d\\u0430 \\u043d\\u0430\\u0448 \\u0440\\u0430\\u0441\\u0447\\u0435\\u0442\\u043d\\u044b\\u0439 \\u0441\\u0447\\u0435\\u0442 \\u0432 \\u0431\\u0430\\u043d\\u043a\\u0435, \\u044d\\u0442\\u043e \\u043c\\u043e\\u0436\\u043d\\u043e \\u0441\\u0434\\u0435\\u043b\\u0430\\u0442\\u044c \\u0447\\u0435\\u0440\\u0435\\u0437 \\u043a\\u0430\\u0441\\u0441\\u0443 \\u0432 \\u043b\\u044e\\u0431\\u043e\\u043c \\u0431\\u0430\\u043d\\u043a\\u0435, \\u0438\\u043b\\u0438 \\u0441 \\u043f\\u043e\\u043c\\u043e\\u0449\\u044c\\u044e \\u0431\\u0430\\u043d\\u043a\\u043e\\u0432\\u0441\\u043a\\u043e\\u0439 \\u043a\\u0430\\u0440\\u0442\\u044b (\\u0432\\u044b\\u0431\\u0440\\u0430\\u0432 \\u0441\\u043f\\u043e\\u0441\\u043e\\u0431 \\u043e\\u043f\\u043b\\u0430\\u0442\\u044b \\u00ab\\u041e\\u043f\\u043b\\u0430\\u0442\\u0430 \\u043a\\u0430\\u0440\\u0442\\u043e\\u0439 \\u043b\\u044e\\u0431\\u043e\\u0433\\u043e \\u0431\\u0430\\u043d\\u043a\\u0430\\u00bb \\u043f\\u0440\\u0438 \\u043e\\u0444\\u043e\\u0440\\u043c\\u043b\\u0435\\u043d\\u0438\\u0438 \\u0437\\u0430\\u043a\\u0430\\u0437\\u0430 \\u043d\\u0430 \\u043d\\u0430\\u0448\\u0435\\u043c \\u0441\\u0430\\u0439\\u0442\\u0435).&lt;\\/p&gt;                                                                                                                   ","2":"&lt;p&gt;\\u041f\\u0440\\u0438 \\u0432\\u044b\\u0431\\u043e\\u0440\\u0435 \\u0434\\u043e\\u0441\\u0442\\u0430\\u0432\\u043a\\u0438 \\u2013 \\u043d\\u0430\\u0448\\u0438\\u043c \\u0442\\u0440\\u0430\\u043d\\u0441\\u043f\\u043e\\u0440\\u0442\\u043e\\u043c, \\u0412\\u0430\\u043c \\u043d\\u0443\\u0436\\u043d\\u043e \\u043e\\u043f\\u043b\\u0430\\u0442\\u0438\\u0442\\u044c \\u043f\\u043e\\u043b\\u043d\\u0443\\u044e \\u0441\\u0442\\u043e\\u0438\\u043c\\u043e\\u0441\\u0442\\u044c \\u043f\\u043e\\u043a\\u0443\\u043f\\u043a\\u0438 \\u043d\\u0430 \\u043d\\u0430\\u0448 \\u0440\\u0430\\u0441\\u0447\\u0435\\u0442\\u043d\\u044b\\u0439 \\u0441\\u0447\\u0435\\u0442 \\u0432 \\u0431\\u0430\\u043d\\u043a\\u0435, \\u044d\\u0442\\u043e \\u043c\\u043e\\u0436\\u043d\\u043e \\u0441\\u0434\\u0435\\u043b\\u0430\\u0442\\u044c \\u0447\\u0435\\u0440\\u0435\\u0437 \\u043a\\u0430\\u0441\\u0441\\u0443 \\u0432 \\u043b\\u044e\\u0431\\u043e\\u043c \\u0431\\u0430\\u043d\\u043a\\u0435, \\u0438\\u043b\\u0438 \\u0441 \\u043f\\u043e\\u043c\\u043e\\u0449\\u044c\\u044e \\u0431\\u0430\\u043d\\u043a\\u043e\\u0432\\u0441\\u043a\\u043e\\u0439 \\u043a\\u0430\\u0440\\u0442\\u044b (\\u0432\\u044b\\u0431\\u0440\\u0430\\u0432 \\u0441\\u043f\\u043e\\u0441\\u043e\\u0431 \\u043e\\u043f\\u043b\\u0430\\u0442\\u044b \\u00ab\\u041e\\u043f\\u043b\\u0430\\u0442\\u0430 \\u043a\\u0430\\u0440\\u0442\\u043e\\u0439 \\u043b\\u044e\\u0431\\u043e\\u0433\\u043e \\u0431\\u0430\\u043d\\u043a\\u0430\\u00bb \\u043f\\u0440\\u0438 \\u043e\\u0444\\u043e\\u0440\\u043c\\u043b\\u0435\\u043d\\u0438\\u0438 \\u0437\\u0430\\u043a\\u0430\\u0437\\u0430 \\u043d\\u0430 \\u043d\\u0430\\u0448\\u0435\\u043c \\u0441\\u0430\\u0439\\u0442\\u0435).&lt;\\/p&gt;                                                                                                                   "}}}', '1');
REPLACE INTO `PREFIX_DB_setting` (`setting_id`, `store_id`, `code`, `key`, `value`, `serialized`) VALUES ('26835', '0', 'config', 'config_account_id', '3', '0');
REPLACE INTO `PREFIX_DB_setting` (`setting_id`, `store_id`, `code`, `key`, `value`, `serialized`) VALUES ('26834', '0', 'config', 'config_login_attempts', '5', '0');
REPLACE INTO `PREFIX_DB_setting` (`setting_id`, `store_id`, `code`, `key`, `value`, `serialized`) VALUES ('26833', '0', 'config', 'config_customer_price', '0', '0');
REPLACE INTO `PREFIX_DB_setting` (`setting_id`, `store_id`, `code`, `key`, `value`, `serialized`) VALUES ('26832', '0', 'config', 'config_customer_group_display', '["1"]', '1');
REPLACE INTO `PREFIX_DB_setting` (`setting_id`, `store_id`, `code`, `key`, `value`, `serialized`) VALUES ('26831', '0', 'config', 'config_customer_group_id', '1', '0');
REPLACE INTO `PREFIX_DB_setting` (`setting_id`, `store_id`, `code`, `key`, `value`, `serialized`) VALUES ('26830', '0', 'config', 'config_customer_search', '0', '0');
REPLACE INTO `PREFIX_DB_setting` (`setting_id`, `store_id`, `code`, `key`, `value`, `serialized`) VALUES ('28273', '0', 'modern', 'modern_counter', '', '0');
REPLACE INTO `PREFIX_DB_setting` (`setting_id`, `store_id`, `code`, `key`, `value`, `serialized`) VALUES ('28274', '0', 'modern', 'modern_css', '/* ---------------- */ /* ef-slider START */ /* ---------------- */.ef-slider1{-webkit-animation: 2000ms linear 300ms both bounceInLeft;-moz-animation: 2000ms linear 300ms both bounceInLeft;-o-animation: 2000ms linear 300ms both bounceInLeft;-ms-animation: 2000ms linear 300ms both bounceInLeft;animation: 2000ms linear 300ms both bounceInLeft;}.ef-slider2{ -webkit-animation: 500ms linear 500ms both fadeInUp;-moz-animation: 500ms linear 500ms both fadeInUp;-o-animation: 500ms linear 500ms both fadeInUp;-ms-animation: 500ms linear 500ms both fadeInUp;animation: 500ms linear 500ms both fadeInUp;}.ef-slider3{-webkit-animation: 2000ms linear 1200ms both bounceInLeft;-moz-animation: 2000ms linear 1200ms both bounceInLeft;-o-animation: 2000ms linear 1200ms both bounceInLeft;-ms-animation: 2000ms linear 1200ms both bounceInLeft;animation: 2000ms linear 1200ms both bounceInLeft;}.ef-slider4{-webkit-animation: 500ms linear 2600ms both fadeInUp;-moz-animation: 500ms linear 2200ms both fadeInUp;-o-animation: 500ms linear 2600ms both fadeInUp;-ms-animation: 500ms linear 2600ms both fadeInUp;animation: 500ms linear 2600ms both fadeInUp;}.text-slider1{position: absolute;color: #FFFFFF;font-size: 16px;left: 20px; top: 40px;padding: 5px;background: rgba(0, 0, 0, 0.5) none repeat scroll 0 0;}.text-slider2{position: absolute;color: #FFFFFF;font-size: 16px;left: 20px; top: 77px;padding: 5px;background: rgba(0, 0, 0, 0.5) none repeat scroll 0 0;}.text-slider3{position: absolute;color: #FFFFFF;font-size: 16px;left: 20px;top: 114px;padding: 5px;background: rgba(0, 0, 0, 0.5) none repeat scroll 0 0;}.text-slider4{position: absolute;color: white;font-size: 16px;left: 20px;top: 151px;padding: 5px;}.btn-slider {color: #fff;font-size: 14px;border: 1px solid #737373;text-transform: uppercase;padding: 7px;}.btn-slider:hover {background: #51473c;color: #fff;}/* ---------------- */ /* ef-slider END */ /* ---------------- */', '0');
REPLACE INTO `PREFIX_DB_setting` (`setting_id`, `store_id`, `code`, `key`, `value`, `serialized`) VALUES ('28252', '0', 'modern', 'modern_wishlist_cat', '0', '0');
REPLACE INTO `PREFIX_DB_setting` (`setting_id`, `store_id`, `code`, `key`, `value`, `serialized`) VALUES ('28251', '0', 'modern', 'modern_callleft', '0', '0');
REPLACE INTO `PREFIX_DB_setting` (`setting_id`, `store_id`, `code`, `key`, `value`, `serialized`) VALUES ('28249', '0', 'modern', 'modern_header_var', '0', '0');
REPLACE INTO `PREFIX_DB_setting` (`setting_id`, `store_id`, `code`, `key`, `value`, `serialized`) VALUES ('28250', '0', 'modern', 'modern_cart_img', 'catalog/modern/basket.png', '0');
REPLACE INTO `PREFIX_DB_setting` (`setting_id`, `store_id`, `code`, `key`, `value`, `serialized`) VALUES ('28248', '0', 'modern', 'modern_top_links9', '{"1":{"image":"catalog\\/modern\\/ico_3.png","description":{"1":"&lt;p&gt;&lt;span style=&quot;font-size:20px&quot;&gt;&lt;strong&gt;\\u0414\\u043e\\u0441\\u0442\\u0430\\u0432\\u043a\\u0430&lt;\\/strong&gt;&lt;\\/span&gt;&lt;\\/p&gt;&lt;p&gt;&lt;span style=&quot;color:#8E8E8E&quot;&gt;\\u041d\\u0435\\u0431\\u043e\\u043b\\u044c\\u0448\\u043e\\u0439 \\u0442\\u0435\\u043a\\u0441\\u0442. \\u0443\\u0441\\u043b\\u043e\\u0432\\u0438\\u044f \\u0434\\u043e\\u0441\\u0442\\u0430\\u0432\\u043a\\u0438 \\u0438 \\u043f\\u0440\\u043e\\u0447\\u0435\\u0435&lt;\\/span&gt;&lt;\\/p&gt;                                                                                                                   ","2":"&lt;p&gt;&lt;span style=&quot;font-size:20px&quot;&gt;&lt;strong&gt;\\u0414\\u043e\\u0441\\u0442\\u0430\\u0432\\u043a\\u0430&lt;\\/strong&gt;&lt;\\/span&gt;&lt;\\/p&gt;&lt;p&gt;&lt;span style=&quot;color:#8E8E8E&quot;&gt;\\u041d\\u0435\\u0431\\u043e\\u043b\\u044c\\u0448\\u043e\\u0439 \\u0442\\u0435\\u043a\\u0441\\u0442. \\u0443\\u0441\\u043b\\u043e\\u0432\\u0438\\u044f \\u0434\\u043e\\u0441\\u0442\\u0430\\u0432\\u043a\\u0438 \\u0438 \\u043f\\u0440\\u043e\\u0447\\u0435\\u0435&lt;\\/span&gt;&lt;\\/p&gt;                                                                                                                   "}},"2":{"image":"catalog\\/modern\\/ico_2.png","description":{"1":"&lt;p&gt;&lt;span style=&quot;font-size:20px&quot;&gt;&lt;strong&gt;\\u041e\\u043d-\\u043b\\u0430\\u0439\\u043d 24\\/7&lt;\\/strong&gt;&lt;\\/span&gt;&lt;\\/p&gt;&lt;p&gt;&lt;span style=&quot;color:#8E8E8E&quot;&gt;\\u041d\\u0435\\u0431\\u043e\\u043b\\u044c\\u0448\\u043e\\u0439 \\u0442\\u0435\\u043a\\u0441\\u0442. \\u0443\\u0441\\u043b\\u043e\\u0432\\u0438\\u044f \\u0434\\u043e\\u0441\\u0442\\u0430\\u0432\\u043a\\u0438 \\u0438 \\u043f\\u0440\\u043e\\u0447\\u0435\\u0435&lt;\\/span&gt;&lt;\\/p&gt;                                                                                                                   ","2":"&lt;p&gt;&lt;span style=&quot;font-size:20px&quot;&gt;&lt;strong&gt;\\u041e\\u043d-\\u043b\\u0430\\u0439\\u043d 24\\/7&lt;\\/strong&gt;&lt;\\/span&gt;&lt;\\/p&gt;&lt;p&gt;&lt;span style=&quot;color:#8E8E8E&quot;&gt;\\u041d\\u0435\\u0431\\u043e\\u043b\\u044c\\u0448\\u043e\\u0439 \\u0442\\u0435\\u043a\\u0441\\u0442. \\u0443\\u0441\\u043b\\u043e\\u0432\\u0438\\u044f \\u0434\\u043e\\u0441\\u0442\\u0430\\u0432\\u043a\\u0438 \\u0438 \\u043f\\u0440\\u043e\\u0447\\u0435\\u0435&lt;\\/span&gt;&lt;\\/p&gt;                                                                                                                   "}},"3":{"image":"catalog\\/modern\\/ico_1.png","description":{"1":"&lt;p&gt;&lt;span style=&quot;font-size:20px&quot;&gt;&lt;strong&gt;\\u0417\\u0430\\u0449\\u0438\\u0442\\u0430 \\u043f\\u043e\\u043a\\u0443\\u043f\\u043e\\u043a&lt;\\/strong&gt;&lt;\\/span&gt;&lt;\\/p&gt;&lt;p&gt;&lt;span style=&quot;color:#8E8E8E&quot;&gt;\\u041d\\u0435\\u0431\\u043e\\u043b\\u044c\\u0448\\u043e\\u0439 \\u0442\\u0435\\u043a\\u0441\\u0442. \\u0443\\u0441\\u043b\\u043e\\u0432\\u0438\\u044f \\u0434\\u043e\\u0441\\u0442\\u0430\\u0432\\u043a\\u0438 \\u0438 \\u043f\\u0440\\u043e\\u0447\\u0435\\u0435&lt;\\/span&gt;&lt;\\/p&gt;                                                                                                                   ","2":"&lt;p&gt;&lt;span style=&quot;font-size:20px&quot;&gt;&lt;strong&gt;\\u0417\\u0430\\u0449\\u0438\\u0442\\u0430 \\u043f\\u043e\\u043a\\u0443\\u043f\\u043e\\u043a&lt;\\/strong&gt;&lt;\\/span&gt;&lt;\\/p&gt;&lt;p&gt;&lt;span style=&quot;color:#8E8E8E&quot;&gt;\\u041d\\u0435\\u0431\\u043e\\u043b\\u044c\\u0448\\u043e\\u0439 \\u0442\\u0435\\u043a\\u0441\\u0442. \\u0443\\u0441\\u043b\\u043e\\u0432\\u0438\\u044f \\u0434\\u043e\\u0441\\u0442\\u0430\\u0432\\u043a\\u0438 \\u0438 \\u043f\\u0440\\u043e\\u0447\\u0435\\u0435&lt;\\/span&gt;&lt;\\/p&gt;                                                                                                                   "}}}', '1');
REPLACE INTO `PREFIX_DB_setting` (`setting_id`, `store_id`, `code`, `key`, `value`, `serialized`) VALUES ('24041', '0', 'aridius_news', 'aridius_news_aridius_newspage_addthis', '0', '0');
REPLACE INTO `PREFIX_DB_setting` (`setting_id`, `store_id`, `code`, `key`, `value`, `serialized`) VALUES ('24040', '0', 'aridius_news', 'aridius_news_headline_chars', '90', '0');
REPLACE INTO `PREFIX_DB_setting` (`setting_id`, `store_id`, `code`, `key`, `value`, `serialized`) VALUES ('23303', '0', 'aridius_letters', 'aridius_letters_placeholder', '{"1":"\\u0412\\u0432\\u0435\\u0434\\u0438\\u0442\\u0435 \\u0432\\u0430\\u0448 e-mail","2":"\\u0412\\u0432\\u0435\\u0434\\u0438\\u0442\\u0435 \\u0432\\u0430\\u0448 e-mail"}', '1');
REPLACE INTO `PREFIX_DB_setting` (`setting_id`, `store_id`, `code`, `key`, `value`, `serialized`) VALUES ('26829', '0', 'config', 'config_customer_activity', '0', '0');
REPLACE INTO `PREFIX_DB_setting` (`setting_id`, `store_id`, `code`, `key`, `value`, `serialized`) VALUES ('26828', '0', 'config', 'config_customer_online', '0', '0');
REPLACE INTO `PREFIX_DB_setting` (`setting_id`, `store_id`, `code`, `key`, `value`, `serialized`) VALUES ('26827', '0', 'config', 'config_tax_customer', 'shipping', '0');
REPLACE INTO `PREFIX_DB_setting` (`setting_id`, `store_id`, `code`, `key`, `value`, `serialized`) VALUES ('26826', '0', 'config', 'config_tax_default', 'shipping', '0');
REPLACE INTO `PREFIX_DB_setting` (`setting_id`, `store_id`, `code`, `key`, `value`, `serialized`) VALUES ('26825', '0', 'config', 'config_tax', '0', '0');
REPLACE INTO `PREFIX_DB_setting` (`setting_id`, `store_id`, `code`, `key`, `value`, `serialized`) VALUES ('26824', '0', 'config', 'config_voucher_max', '1000', '0');
REPLACE INTO `PREFIX_DB_setting` (`setting_id`, `store_id`, `code`, `key`, `value`, `serialized`) VALUES ('26823', '0', 'config', 'config_voucher_min', '1', '0');
REPLACE INTO `PREFIX_DB_setting` (`setting_id`, `store_id`, `code`, `key`, `value`, `serialized`) VALUES ('26822', '0', 'config', 'config_review_guest', '1', '0');
REPLACE INTO `PREFIX_DB_setting` (`setting_id`, `store_id`, `code`, `key`, `value`, `serialized`) VALUES ('26821', '0', 'config', 'config_review_status', '1', '0');
REPLACE INTO `PREFIX_DB_setting` (`setting_id`, `store_id`, `code`, `key`, `value`, `serialized`) VALUES ('26820', '0', 'config', 'config_product_mpn_hide', '0', '0');
REPLACE INTO `PREFIX_DB_setting` (`setting_id`, `store_id`, `code`, `key`, `value`, `serialized`) VALUES ('26819', '0', 'config', 'config_product_isbn_hide', '0', '0');
REPLACE INTO `PREFIX_DB_setting` (`setting_id`, `store_id`, `code`, `key`, `value`, `serialized`) VALUES ('26818', '0', 'config', 'config_product_jan_hide', '0', '0');
REPLACE INTO `PREFIX_DB_setting` (`setting_id`, `store_id`, `code`, `key`, `value`, `serialized`) VALUES ('26817', '0', 'config', 'config_product_ean_hide', '0', '0');
REPLACE INTO `PREFIX_DB_setting` (`setting_id`, `store_id`, `code`, `key`, `value`, `serialized`) VALUES ('26816', '0', 'config', 'config_product_upc_hide', '0', '0');
REPLACE INTO `PREFIX_DB_setting` (`setting_id`, `store_id`, `code`, `key`, `value`, `serialized`) VALUES ('26815', '0', 'config', 'config_limit_admin', '20', '0');
REPLACE INTO `PREFIX_DB_setting` (`setting_id`, `store_id`, `code`, `key`, `value`, `serialized`) VALUES ('26814', '0', 'config', 'config_product_count', '0', '0');
REPLACE INTO `PREFIX_DB_setting` (`setting_id`, `store_id`, `code`, `key`, `value`, `serialized`) VALUES ('26813', '0', 'config', 'config_weight_class_id', '1', '0');
REPLACE INTO `PREFIX_DB_setting` (`setting_id`, `store_id`, `code`, `key`, `value`, `serialized`) VALUES ('26812', '0', 'config', 'config_length_class_id', '1', '0');
REPLACE INTO `PREFIX_DB_setting` (`setting_id`, `store_id`, `code`, `key`, `value`, `serialized`) VALUES ('26811', '0', 'config', 'config_currency_auto', '1', '0');
REPLACE INTO `PREFIX_DB_setting` (`setting_id`, `store_id`, `code`, `key`, `value`, `serialized`) VALUES ('26810', '0', 'config', 'config_autocalc_not_mul_qty', '0', '0');
REPLACE INTO `PREFIX_DB_setting` (`setting_id`, `store_id`, `code`, `key`, `value`, `serialized`) VALUES ('24039', '0', 'aridius_news', 'aridius_news_home_chars', '115', '0');
REPLACE INTO `PREFIX_DB_setting` (`setting_id`, `store_id`, `code`, `key`, `value`, `serialized`) VALUES ('24038', '0', 'aridius_news', 'aridius_news_home_limit', '4', '0');
REPLACE INTO `PREFIX_DB_setting` (`setting_id`, `store_id`, `code`, `key`, `value`, `serialized`) VALUES ('28206', '0', 'modern', 'modern_name_sticker_menu_sale', '{"1":"SALE","2":"SALE"}', '1');
REPLACE INTO `PREFIX_DB_setting` (`setting_id`, `store_id`, `code`, `key`, `value`, `serialized`) VALUES ('28207', '0', 'modern', 'modern_sticker_sale_product_auto', '0', '0');
REPLACE INTO `PREFIX_DB_setting` (`setting_id`, `store_id`, `code`, `key`, `value`, `serialized`) VALUES ('28208', '0', 'modern', 'modern_sticker_new_product_auto', '0', '0');
REPLACE INTO `PREFIX_DB_setting` (`setting_id`, `store_id`, `code`, `key`, `value`, `serialized`) VALUES ('28202', '0', 'modern', 'modern_link_menucatalog', '', '0');
REPLACE INTO `PREFIX_DB_setting` (`setting_id`, `store_id`, `code`, `key`, `value`, `serialized`) VALUES ('28203', '0', 'modern', 'modern_sticker_menu', '0', '0');
REPLACE INTO `PREFIX_DB_setting` (`setting_id`, `store_id`, `code`, `key`, `value`, `serialized`) VALUES ('28204', '0', 'modern', 'modern_name_sticker_menu_new', '{"1":"NEW","2":"NEW"}', '1');
REPLACE INTO `PREFIX_DB_setting` (`setting_id`, `store_id`, `code`, `key`, `value`, `serialized`) VALUES ('28205', '0', 'modern', 'modern_name_sticker_menu_top', '{"1":"TOP","2":"TOP"}', '1');
REPLACE INTO `PREFIX_DB_setting` (`setting_id`, `store_id`, `code`, `key`, `value`, `serialized`) VALUES ('28201', '0', 'modern', 'modern_countvmenulv', '3', '0');
REPLACE INTO `PREFIX_DB_setting` (`setting_id`, `store_id`, `code`, `key`, `value`, `serialized`) VALUES ('28200', '0', 'modern', 'modern_seeall_menu', '{"1":"\\u0421\\u043c\\u043e\\u0442\\u0440\\u0435\\u0442\\u044c \\u0432\\u0441\\u0435","2":"\\u0421\\u043c\\u043e\\u0442\\u0440\\u0435\\u0442\\u044c \\u0432\\u0441\\u0435"}', '1');
REPLACE INTO `PREFIX_DB_setting` (`setting_id`, `store_id`, `code`, `key`, `value`, `serialized`) VALUES ('28196', '0', 'modern', 'modern_top_links8', '{"1":{"title":{"1":"\\u041d\\u043e\\u0432\\u043e\\u0441\\u0442\\u0438","2":"News"},"faicons_top":"","link_top":{"1":"all-news","2":"all-news"}},"2":{"title":{"1":"FAQ","2":"FAQ"},"faicons_top":"","link_top":{"1":"faq","2":"faq"}},"3":{"title":{"1":"\\u041e\\u0442\\u0437\\u044b\\u0432\\u044b","2":"\\u041e\\u0442\\u0437\\u044b\\u0432\\u044b"},"faicons_top":"","link_top":{"1":"review","2":"review"}},"4":{"title":{"1":"\\u0410\\u043a\\u0446\\u0438\\u0438","2":"Special"},"faicons_top":"","link_top":{"1":"specials\\/","2":"specials\\/"}}}', '1');
REPLACE INTO `PREFIX_DB_setting` (`setting_id`, `store_id`, `code`, `key`, `value`, `serialized`) VALUES ('26809', '0', 'config', 'config_autocalc_option_special', '0', '0');
REPLACE INTO `PREFIX_DB_setting` (`setting_id`, `store_id`, `code`, `key`, `value`, `serialized`) VALUES ('26808', '0', 'config', 'config_currency2', '', '0');
REPLACE INTO `PREFIX_DB_setting` (`setting_id`, `store_id`, `code`, `key`, `value`, `serialized`) VALUES ('26807', '0', 'config', 'config_currency', 'RUB', '0');
REPLACE INTO `PREFIX_DB_setting` (`setting_id`, `store_id`, `code`, `key`, `value`, `serialized`) VALUES ('26796', '0', 'config', 'config_theme', 'modern', '0');
REPLACE INTO `PREFIX_DB_setting` (`setting_id`, `store_id`, `code`, `key`, `value`, `serialized`) VALUES ('26797', '0', 'config', 'config_layout_id', '4', '0');
REPLACE INTO `PREFIX_DB_setting` (`setting_id`, `store_id`, `code`, `key`, `value`, `serialized`) VALUES ('26798', '0', 'config', 'config_geocode', '54.718681,20.499113', '0');
REPLACE INTO `PREFIX_DB_setting` (`setting_id`, `store_id`, `code`, `key`, `value`, `serialized`) VALUES ('26799', '0', 'config', 'config_email', 'test@test.ru', '0');
REPLACE INTO `PREFIX_DB_setting` (`setting_id`, `store_id`, `code`, `key`, `value`, `serialized`) VALUES ('26800', '0', 'config', 'config_telephone', '123456789', '0');
REPLACE INTO `PREFIX_DB_setting` (`setting_id`, `store_id`, `code`, `key`, `value`, `serialized`) VALUES ('26801', '0', 'config', 'config_fax', '', '0');
REPLACE INTO `PREFIX_DB_setting` (`setting_id`, `store_id`, `code`, `key`, `value`, `serialized`) VALUES ('26802', '0', 'config', 'config_image', '', '0');
REPLACE INTO `PREFIX_DB_setting` (`setting_id`, `store_id`, `code`, `key`, `value`, `serialized`) VALUES ('26803', '0', 'config', 'config_country_id', '176', '0');
REPLACE INTO `PREFIX_DB_setting` (`setting_id`, `store_id`, `code`, `key`, `value`, `serialized`) VALUES ('26804', '0', 'config', 'config_zone_id', '2785', '0');
REPLACE INTO `PREFIX_DB_setting` (`setting_id`, `store_id`, `code`, `key`, `value`, `serialized`) VALUES ('26805', '0', 'config', 'config_language', 'ru-ru', '0');
REPLACE INTO `PREFIX_DB_setting` (`setting_id`, `store_id`, `code`, `key`, `value`, `serialized`) VALUES ('26806', '0', 'config', 'config_admin_language', 'ru-ru', '0');
REPLACE INTO `PREFIX_DB_setting` (`setting_id`, `store_id`, `code`, `key`, `value`, `serialized`) VALUES ('26795', '0', 'config', 'config_langdata', '{"1":{"meta_title":"Modern","meta_description":"\\u0428\\u0430\\u0431\\u043b\\u043e\\u043d Modern opencart","meta_keyword":"\\u0428\\u0430\\u0431\\u043b\\u043e\\u043d Modern opencart","name":"Modern","owner":"\\u041c\\u043e\\u0435 \\u0418\\u043c\\u044f","address":"\\u0410\\u0434\\u0440\\u0435\\u0441","open":"\\u0441 10\\u0447 \\u0434\\u043e 18\\u0447\\u043e\\u0431\\u0435\\u0434 \\u0441 14\\u0447 \\u0434\\u043e 15\\u0447\\u0432\\u043e\\u0441\\u043a\\u0440\\u0435\\u0441\\u0435\\u043d\\u044c\\u0435 - \\u0432\\u044b\\u0445\\u043e\\u0434\\u043d\\u043e\\u0439","comment":""},"2":{"meta_title":"Modern","meta_description":"Modern","meta_keyword":"Modern","name":"Your Store","owner":"Your Name","address":"Address 1","open":"","comment":""}}', '1');
REPLACE INTO `PREFIX_DB_setting` (`setting_id`, `store_id`, `code`, `key`, `value`, `serialized`) VALUES ('25190', '0', 'aridius_popupsize', 'aridius_popupsize_name', '{"1":"\\u0412\\u0441\\u043f\\u043b\\u044b\\u0432\\u0430\\u044e\\u0449\\u0435\\u0435 \\u043e\\u043a\\u043d\\u043e \\u0441 \\u0432\\u0430\\u0448\\u0435\\u0439 \\u0438\\u043d\\u0444\\u043e\\u0440\\u043c\\u0430\\u0446\\u0438\\u0435\\u0439","2":"\\u0412\\u0441\\u043f\\u043b\\u044b\\u0432\\u0430\\u044e\\u0449\\u0435\\u0435 \\u043e\\u043a\\u043d\\u043e \\u0441 \\u0432\\u0430\\u0448\\u0435\\u0439 \\u0438\\u043d\\u0444\\u043e\\u0440\\u043c\\u0430\\u0446\\u0438\\u0435\\u0439"}', '1');
REPLACE INTO `PREFIX_DB_setting` (`setting_id`, `store_id`, `code`, `key`, `value`, `serialized`) VALUES ('26106', '0', 'aridius_popupmail', 'aridius_popupmail_img', '{"1":"&lt;img class=&quot;img-responsive&quot; src=&quot;\\/image\\/catalog\\/img_mail\\/img_mail.jpg&quot;&gt;","2":"&lt;img class=&quot;img-responsive&quot; src=&quot;\\/image\\/catalog\\/modern\\/img_mail.png&quot; alt=&quot;mail&quot;&gt;"}', '1');
REPLACE INTO `PREFIX_DB_setting` (`setting_id`, `store_id`, `code`, `key`, `value`, `serialized`) VALUES ('26104', '0', 'aridius_popupmail', 'aridius_popupmail_subject', '{"1":"\\u0412\\u0430\\u043c \\u0441\\u043a\\u0438\\u0434\\u043a\\u0430!","2":"\\u0412\\u0430\\u043c \\u0441\\u043a\\u0438\\u0434\\u043a\\u0430!"}', '1');
REPLACE INTO `PREFIX_DB_setting` (`setting_id`, `store_id`, `code`, `key`, `value`, `serialized`) VALUES ('26105', '0', 'aridius_popupmail', 'aridius_popupmail_message', '{"1":"&lt;p style=&quot;font-weight: bold; font-size: 25px;&quot;&gt;\\u0412\\u0430\\u0448\\u0430 \\u0441\\u043a\\u0438\\u0434\\u043a\\u0430 &lt;span style=&quot;color: rgb(255, 0, 0);&quot;&gt;200 \\u0440\\u0443\\u0431.&lt;\\/span&gt;&lt;br&gt;&lt;\\/p&gt;&lt;p style=&quot;&quot;&gt;&lt;span style=&quot;font-size: 25px; font-weight: bold;&quot;&gt;\\u041d\\u041e\\u041c\\u0415\\u0420 \\u041a\\u0423\\u041f\\u041e\\u041d\\u0410: &lt;\\/span&gt;&lt;span style=&quot;font-size: 25px; font-weight: bold;&quot;&gt;&lt;span style=&quot;color: rgb(0, 0, 255);&quot;&gt;45678834&lt;\\/span&gt;&lt;br&gt;&lt;\\/span&gt;&lt;\\/p&gt;&lt;h5&gt;&lt;span style=&quot;font-size: 25px; font-weight: bold;&quot;&gt;\\u0414\\u043b\\u044f \\u0442\\u043e\\u0433\\u043e \\u0447\\u0442\\u043e\\u0431\\u044b \\u0430\\u043a\\u0442\\u0438\\u0432\\u0438\\u0440\\u043e\\u0432\\u0430\\u0442\\u044c \\u0412\\u0430\\u0448 \\u043a\\u0443\\u043f\\u043e\\u043d - \\u0432\\u0432\\u0435\\u0434\\u0438\\u0442\\u0435 \\u044d\\u0442\\u043e\\u0442 \\u043d\\u043e\\u043c\\u0435\\u0440 \\u0432 \\u043a\\u043e\\u0440\\u0437\\u0438\\u043d\\u0435 \\u0442\\u043e\\u0432\\u0430\\u0440\\u0430 \\u0438 \\u043f\\u043e\\u043b\\u0443\\u0447\\u0438\\u0442\\u044c &lt;span style=&quot;color: rgb(255, 0, 0);&quot;&gt;-200 \\u0440\\u0443\\u0431.&lt;\\/span&gt; \\u043a \\u0432\\u0430\\u0448\\u0435\\u043c\\u0443 \\u0437\\u0430\\u043a\\u0430\\u0437\\u0443.&lt;\\/span&gt;&lt;\\/h5&gt;&lt;h5&gt;&lt;span style=&quot;font-size: 25px; font-weight: bold;&quot;&gt;&lt;img src=&quot;\\/image\\/catalog\\/modern\\/sale1.jpg&quot;&gt;&lt;br&gt;&lt;\\/span&gt;&lt;\\/h5&gt;","2":"&lt;p style=&quot;font-weight: bold; font-size: 25px;&quot;&gt;\\u0412\\u0430\\u0448\\u0430 \\u0441\\u043a\\u0438\\u0434\\u043a\\u0430 &lt;span style=&quot;color: rgb(255, 0, 0);&quot;&gt;200 \\u0440\\u0443\\u0431.&lt;\\/span&gt;&lt;br&gt;&lt;\\/p&gt;&lt;p style=&quot;&quot;&gt;&lt;span style=&quot;font-size: 25px; font-weight: bold;&quot;&gt;\\u041d\\u041e\\u041c\\u0415\\u0420 \\u041a\\u0423\\u041f\\u041e\\u041d\\u0410: &lt;\\/span&gt;&lt;span style=&quot;font-size: 25px; font-weight: bold;&quot;&gt;&lt;span style=&quot;color: rgb(0, 0, 255);&quot;&gt;45678834&lt;\\/span&gt;&lt;br&gt;&lt;\\/span&gt;&lt;\\/p&gt;&lt;h5&gt;&lt;span style=&quot;font-size: 25px; font-weight: bold;&quot;&gt;\\u0414\\u043b\\u044f \\u0442\\u043e\\u0433\\u043e \\u0447\\u0442\\u043e\\u0431\\u044b \\u0430\\u043a\\u0442\\u0438\\u0432\\u0438\\u0440\\u043e\\u0432\\u0430\\u0442\\u044c \\u0412\\u0430\\u0448 \\u043a\\u0443\\u043f\\u043e\\u043d - \\u0432\\u0432\\u0435\\u0434\\u0438\\u0442\\u0435 \\u044d\\u0442\\u043e\\u0442 \\u043d\\u043e\\u043c\\u0435\\u0440 \\u0432 \\u043a\\u043e\\u0440\\u0437\\u0438\\u043d\\u0435 \\u0442\\u043e\\u0432\\u0430\\u0440\\u0430 \\u0438 \\u043f\\u043e\\u043b\\u0443\\u0447\\u0438\\u0442\\u044c &lt;span style=&quot;color: rgb(255, 0, 0);&quot;&gt;-200 \\u0440\\u0443\\u0431.&lt;\\/span&gt; \\u043a \\u0432\\u0430\\u0448\\u0435\\u043c\\u0443 \\u0437\\u0430\\u043a\\u0430\\u0437\\u0443.&lt;\\/span&gt;&lt;\\/h5&gt;&lt;h5&gt;&lt;span style=&quot;font-size: 25px; font-weight: bold;&quot;&gt;&lt;img src=&quot;\\/image\\/catalog\\/modern\\/sale1.jpg&quot;&gt;&lt;br&gt;&lt;\\/span&gt;&lt;\\/h5&gt;"}', '1');
REPLACE INTO `PREFIX_DB_setting` (`setting_id`, `store_id`, `code`, `key`, `value`, `serialized`) VALUES ('26103', '0', 'aridius_popupmail', 'aridius_popupmail_pl', '{"1":"\\u041f\\u041e\\u0414\\u041f\\u0418\\u0421\\u0410\\u0422\\u042c\\u0421\\u042f","2":"\\u041f\\u041e\\u0414\\u041f\\u0418\\u0421\\u0410\\u0422\\u042c\\u0421\\u042f"}', '1');
REPLACE INTO `PREFIX_DB_setting` (`setting_id`, `store_id`, `code`, `key`, `value`, `serialized`) VALUES ('26102', '0', 'aridius_popupmail', 'aridius_popupmail_placeholder', '{"1":"\\u0412\\u0432\\u0435\\u0434\\u0438\\u0442\\u0435 \\u0432\\u0430\\u0448 e-mail","2":"\\u0412\\u0432\\u0435\\u0434\\u0438\\u0442\\u0435 \\u0432\\u0430\\u0448 e-mail"}', '1');
REPLACE INTO `PREFIX_DB_setting` (`setting_id`, `store_id`, `code`, `key`, `value`, `serialized`) VALUES ('28197', '0', 'modern', 'modern_seevmenu_menu', '0', '0');
REPLACE INTO `PREFIX_DB_setting` (`setting_id`, `store_id`, `code`, `key`, `value`, `serialized`) VALUES ('28198', '0', 'modern', 'modern_seevmenuico', '0', '0');
REPLACE INTO `PREFIX_DB_setting` (`setting_id`, `store_id`, `code`, `key`, `value`, `serialized`) VALUES ('28199', '0', 'modern', 'modern_vmenu_menu', '{"1":"\\u041a\\u0410\\u0422\\u0410\\u041b\\u041e\\u0413 \\u0422\\u041e\\u0412\\u0410\\u0420\\u041e\\u0412","2":"\\u041a\\u0410\\u0422\\u0410\\u041b\\u041e\\u0413 \\u0422\\u041e\\u0412\\u0410\\u0420\\u041e\\u0412"}', '1');
REPLACE INTO `PREFIX_DB_setting` (`setting_id`, `store_id`, `code`, `key`, `value`, `serialized`) VALUES ('28195', '0', 'modern', 'modern_top_links4', '{"1":{"title":{"1":"\\u041e \\u043d\\u0430\\u0441","2":"About us"},"faicons_top":"","link_top":{"1":"about_us","2":"about_us"}},"2":{"title":{"1":"\\u0414\\u043e\\u0441\\u0442\\u0430\\u0432\\u043a\\u0430","2":"Delivery"},"faicons_top":"","link_top":{"1":"delivery","2":"delivery"}},"3":{"title":{"1":"\\u0411\\u0435\\u0437\\u043e\\u043f\\u0430\\u0441\\u043d\\u043e\\u0441\\u0442\\u044c","2":"Privacy"},"faicons_top":"","link_top":{"1":"privacy","2":"privacy"}}}', '1');
REPLACE INTO `PREFIX_DB_setting` (`setting_id`, `store_id`, `code`, `key`, `value`, `serialized`) VALUES ('28194', '0', 'modern', 'modern_main_link_href_menu', '{"1":"","2":""}', '1');
REPLACE INTO `PREFIX_DB_setting` (`setting_id`, `store_id`, `code`, `key`, `value`, `serialized`) VALUES ('28191', '0', 'modern', 'modern_info_menu', '1', '0');
REPLACE INTO `PREFIX_DB_setting` (`setting_id`, `store_id`, `code`, `key`, `value`, `serialized`) VALUES ('28193', '0', 'modern', 'modern_main_link_menu', '{"1":"\\u0418\\u043d\\u0444\\u043e\\u0440\\u043c\\u0430\\u0446\\u0438\\u044f","2":""}', '1');
REPLACE INTO `PREFIX_DB_setting` (`setting_id`, `store_id`, `code`, `key`, `value`, `serialized`) VALUES ('28192', '0', 'modern', 'modern_man_menu', '0', '0');
REPLACE INTO `PREFIX_DB_setting` (`setting_id`, `store_id`, `code`, `key`, `value`, `serialized`) VALUES ('28190', '0', 'modern', 'modern_3lv_menu', '0', '0');
REPLACE INTO `PREFIX_DB_setting` (`setting_id`, `store_id`, `code`, `key`, `value`, `serialized`) VALUES ('28189', '0', 'modern', 'modern_photos_menuman_height', '90', '0');
REPLACE INTO `PREFIX_DB_setting` (`setting_id`, `store_id`, `code`, `key`, `value`, `serialized`) VALUES ('28188', '0', 'modern', 'modern_photos_menuman_width', '90', '0');
REPLACE INTO `PREFIX_DB_setting` (`setting_id`, `store_id`, `code`, `key`, `value`, `serialized`) VALUES ('28187', '0', 'modern', 'modern_menuman_column', '6', '0');
REPLACE INTO `PREFIX_DB_setting` (`setting_id`, `store_id`, `code`, `key`, `value`, `serialized`) VALUES ('28186', '0', 'modern', 'modern_photos_height_image_main', '200', '0');
REPLACE INTO `PREFIX_DB_setting` (`setting_id`, `store_id`, `code`, `key`, `value`, `serialized`) VALUES ('28185', '0', 'modern', 'modern_photos_width_image_main', '150', '0');
REPLACE INTO `PREFIX_DB_setting` (`setting_id`, `store_id`, `code`, `key`, `value`, `serialized`) VALUES ('28184', '0', 'modern', 'modern_photos_menu_height', '106', '0');
REPLACE INTO `PREFIX_DB_setting` (`setting_id`, `store_id`, `code`, `key`, `value`, `serialized`) VALUES ('28177', '0', 'modern', 'modern_sticky_menu', '0', '0');
REPLACE INTO `PREFIX_DB_setting` (`setting_id`, `store_id`, `code`, `key`, `value`, `serialized`) VALUES ('28178', '0', 'modern', 'modern_ico_home', '0', '0');
REPLACE INTO `PREFIX_DB_setting` (`setting_id`, `store_id`, `code`, `key`, `value`, `serialized`) VALUES ('28179', '0', 'modern', 'modern_ico_home_text', '1', '0');
REPLACE INTO `PREFIX_DB_setting` (`setting_id`, `store_id`, `code`, `key`, `value`, `serialized`) VALUES ('28180', '0', 'modern', 'modern_photos_menu', '0', '0');
REPLACE INTO `PREFIX_DB_setting` (`setting_id`, `store_id`, `code`, `key`, `value`, `serialized`) VALUES ('28181', '0', 'modern', 'modern_photos_menu_manuf', '0', '0');
REPLACE INTO `PREFIX_DB_setting` (`setting_id`, `store_id`, `code`, `key`, `value`, `serialized`) VALUES ('28182', '0', 'modern', 'modern_main_photos_menu', '0', '0');
REPLACE INTO `PREFIX_DB_setting` (`setting_id`, `store_id`, `code`, `key`, `value`, `serialized`) VALUES ('28183', '0', 'modern', 'modern_photos_menu_width', '181', '0');
REPLACE INTO `PREFIX_DB_setting` (`setting_id`, `store_id`, `code`, `key`, `value`, `serialized`) VALUES ('28175', '0', 'modern', 'modern_description_map_logo', '{"1":"&lt;p&gt;\\u0442\\u0440\\u0430\\u043c\\u0432\\u0430\\u0435\\u043c 1,5,12&lt;\\/p&gt;&lt;p&gt;\\u0430\\u0432\\u0442\\u043e\\u0431\\u0443\\u0441\\u043e\\u043c 32, 12&lt;br&gt;&lt;\\/p&gt;","2":"&lt;p&gt;\\u0442\\u0440\\u0430\\u043c\\u0432\\u0430\\u0435\\u043c 1,5,12&lt;\\/p&gt;&lt;p&gt;\\u0430\\u0432\\u0442\\u043e\\u0431\\u0443\\u0441\\u043e\\u043c 32, 11&lt;br&gt;&lt;\\/p&gt;"}', '1');
REPLACE INTO `PREFIX_DB_setting` (`setting_id`, `store_id`, `code`, `key`, `value`, `serialized`) VALUES ('28176', '0', 'modern', 'modern_license_text', '{"1":"\\u0420\\u0430\\u0431\\u043e\\u0442\\u0430\\u0435\\u0442 \\u043d\\u0430 &lt;a href=\'http:\\/\\/myopencart.com\\/\' target=\'_blank\'&gt;ocStore&lt;\\/a&gt; Modern \\u00a9 2016","2":"\\u0420\\u0430\\u0431\\u043e\\u0442\\u0430\\u0435\\u0442 \\u043d\\u0430 &lt;a href=\'http:\\/\\/myopencart.com\\/\' target=\'_blank\'&gt;ocStore&lt;\\/a&gt; Modern \\u00a9 2016"}', '1');
REPLACE INTO `PREFIX_DB_setting` (`setting_id`, `store_id`, `code`, `key`, `value`, `serialized`) VALUES ('26108', '0', 'aridius_popupmail', 'aridius_popupmail_delay', '5', '0');
REPLACE INTO `PREFIX_DB_setting` (`setting_id`, `store_id`, `code`, `key`, `value`, `serialized`) VALUES ('26109', '0', 'aridius_popupmail', 'aridius_popupmail_day', '0', '0');
REPLACE INTO `PREFIX_DB_setting` (`setting_id`, `store_id`, `code`, `key`, `value`, `serialized`) VALUES ('26110', '0', 'aridius_popupmail', 'aridius_popupmail_status', '1', '0');
REPLACE INTO `PREFIX_DB_setting` (`setting_id`, `store_id`, `code`, `key`, `value`, `serialized`) VALUES ('28172', '0', 'modern', 'modern_footer_pay', 'catalog/modern/payment.png', '0');
REPLACE INTO `PREFIX_DB_setting` (`setting_id`, `store_id`, `code`, `key`, `value`, `serialized`) VALUES ('28173', '0', 'modern', 'modern_footer_logo', 'catalog/modern/logo2.png', '0');
REPLACE INTO `PREFIX_DB_setting` (`setting_id`, `store_id`, `code`, `key`, `value`, `serialized`) VALUES ('28174', '0', 'modern', 'modern_description', '{"1":"&lt;p&gt;\\u0418\\u043d\\u0442\\u0435\\u0440\\u043d\\u0435\\u0442-\\u043c\\u0430\\u0433\\u0430\\u0437\\u0438\\u043d (\\u0430\\u043d\\u0433\\u043b. online shop \\u0438\\u043b\\u0438 e-shop) \\u2014 \\u0441\\u0430\\u0439\\u0442, \\u0442\\u043e\\u0440\\u0433\\u0443\\u044e\\u0449\\u0438\\u0439 \\u0442\\u043e\\u0432\\u0430\\u0440\\u0430\\u043c\\u0438 \\u043f\\u043e\\u0441\\u0440\\u0435\\u0434\\u0441\\u0442\\u0432\\u043e\\u043c \\u0441\\u0435\\u0442\\u0438 \\u0418\\u043d\\u0442\\u0435\\u0440\\u043d\\u0435\\u0442. \\u041f\\u043e\\u0437\\u0432\\u043e\\u043b\\u044f\\u0435\\u0442 \\u043f\\u043e\\u043b\\u044c\\u0437\\u043e\\u0432\\u0430\\u0442\\u0435\\u043b\\u044f\\u043c \\u043e\\u043d\\u043b\\u0430\\u0439\\u043d, \\u0432 \\u0441\\u0432\\u043e\\u0451\\u043c \\u0431\\u0440\\u0430\\u0443\\u0437\\u0435\\u0440\\u0435 \\u0438\\u043b\\u0438 \\u0447\\u0435\\u0440\\u0435\\u0437 \\u043c\\u043e\\u0431\\u0438\\u043b\\u044c\\u043d\\u043e\\u0435 \\u043f\\u0440\\u0438\\u043b\\u043e\\u0436\\u0435\\u043d\\u0438\\u0435&lt;\\/p&gt;","2":""}', '1');
REPLACE INTO `PREFIX_DB_setting` (`setting_id`, `store_id`, `code`, `key`, `value`, `serialized`) VALUES ('28171', '0', 'modern', 'modern_top_links2', '{"1":{"faicons_top":"fa fa-odnoklassniki","link_top":"https:\\/\\/ok.ru\\/","tooltipseti":"odnoklassniki"},"2":{"faicons_top":"fa fa-vk","link_top":"https:\\/\\/vk.com","tooltipseti":"vk"},"3":{"faicons_top":"fa fa-skype","link_top":"skype.com","tooltipseti":"skype"},"4":{"faicons_top":"fa fa-odnoklassniki","link_top":"https:\\/\\/ok.ru\\/","tooltipseti":"odnoklassniki"}}', '1');
REPLACE INTO `PREFIX_DB_setting` (`setting_id`, `store_id`, `code`, `key`, `value`, `serialized`) VALUES ('28170', '0', 'modern', 'modern_newsletter_footer', '0', '0');
REPLACE INTO `PREFIX_DB_setting` (`setting_id`, `store_id`, `code`, `key`, `value`, `serialized`) VALUES ('28169', '0', 'modern', 'modern_wishlist_footer', '0', '0');
REPLACE INTO `PREFIX_DB_setting` (`setting_id`, `store_id`, `code`, `key`, `value`, `serialized`) VALUES ('28167', '0', 'modern', 'modern_account_footer', '0', '0');
REPLACE INTO `PREFIX_DB_setting` (`setting_id`, `store_id`, `code`, `key`, `value`, `serialized`) VALUES ('28168', '0', 'modern', 'modern_order_footer', '0', '0');
REPLACE INTO `PREFIX_DB_setting` (`setting_id`, `store_id`, `code`, `key`, `value`, `serialized`) VALUES ('28151', '0', 'modern', 'modern_longitude_fluid_map', '{"1":"30.3518969","2":"30.3518969"}', '1');
REPLACE INTO `PREFIX_DB_setting` (`setting_id`, `store_id`, `code`, `key`, `value`, `serialized`) VALUES ('28152', '0', 'modern', 'modern_latitude_fluid_map', '{"1":"59.9324357","2":"59.9324357"}', '1');
REPLACE INTO `PREFIX_DB_setting` (`setting_id`, `store_id`, `code`, `key`, `value`, `serialized`) VALUES ('28153', '0', 'modern', 'modern_telephone_footer', '{"1":"+7(495)66-555-45","2":"+7(495)66-555-45"}', '1');
REPLACE INTO `PREFIX_DB_setting` (`setting_id`, `store_id`, `code`, `key`, `value`, `serialized`) VALUES ('28154', '0', 'modern', 'modern_telephone1_footer', '{"1":"+7(495)66-555-46","2":"+7(495)66-555-46"}', '1');
REPLACE INTO `PREFIX_DB_setting` (`setting_id`, `store_id`, `code`, `key`, `value`, `serialized`) VALUES ('28155', '0', 'modern', 'modern_telephone2_footer', '{"1":"+7(495)66-555-47","2":"+7(495)66-555-47"}', '1');
REPLACE INTO `PREFIX_DB_setting` (`setting_id`, `store_id`, `code`, `key`, `value`, `serialized`) VALUES ('28156', '0', 'modern', 'modern_skype_footer', '{"1":"modern","2":"modern"}', '1');
REPLACE INTO `PREFIX_DB_setting` (`setting_id`, `store_id`, `code`, `key`, `value`, `serialized`) VALUES ('28157', '0', 'modern', 'modern_mail_footer', '{"1":"info@modern.ru","2":"info@modern.ru"}', '1');
REPLACE INTO `PREFIX_DB_setting` (`setting_id`, `store_id`, `code`, `key`, `value`, `serialized`) VALUES ('28158', '0', 'modern', 'modern_addres_footer', '{"1":"\\u0433. \\u041c\\u043e\\u0441\\u043a\\u0432\\u0430 \\u0443\\u043b. \\u0410\\u0437\\u043e\\u0432\\u0441\\u043a\\u0430\\u044f, 25","2":"\\u0433. \\u041c\\u043e\\u0441\\u043a\\u0432\\u0430 \\u0443\\u043b. \\u0410\\u0437\\u043e\\u0432\\u0441\\u043a\\u0430\\u044f, 25"}', '1');
REPLACE INTO `PREFIX_DB_setting` (`setting_id`, `store_id`, `code`, `key`, `value`, `serialized`) VALUES ('26887', '0', 'config', 'config_file_max_size', '300000', '0');
REPLACE INTO `PREFIX_DB_setting` (`setting_id`, `store_id`, `code`, `key`, `value`, `serialized`) VALUES ('26888', '0', 'config', 'config_file_ext_allowed', 'ziptxtpngjpejpegjpggifbmpicotifftifsvgsvgzziprarmsicabmp3qtmovpdfpsdaiepspsdoc', '0');
REPLACE INTO `PREFIX_DB_setting` (`setting_id`, `store_id`, `code`, `key`, `value`, `serialized`) VALUES ('26889', '0', 'config', 'config_file_mime_allowed', 'text/plainimage/pngimage/jpegimage/gifimage/bmpimage/tiffimage/svg+xmlapplication/zip&quot;application/zip&quot;application/x-zip&quot;application/x-zip&quot;application/x-zip-compressed&quot;application/x-zip-compressed&quot;application/rar&quot;application/rar&quot;application/x-rar&quot;application/x-rar&quot;application/x-rar-compressed&quot;application/x-rar-compressed&quot;application/octet-stream&quot;application/octet-stream&quot;audio/mpegvideo/quicktimeapplication/pdf', '0');
REPLACE INTO `PREFIX_DB_setting` (`setting_id`, `store_id`, `code`, `key`, `value`, `serialized`) VALUES ('26890', '0', 'config', 'config_error_display', '1', '0');
REPLACE INTO `PREFIX_DB_setting` (`setting_id`, `store_id`, `code`, `key`, `value`, `serialized`) VALUES ('26891', '0', 'config', 'config_error_log', '1', '0');
REPLACE INTO `PREFIX_DB_setting` (`setting_id`, `store_id`, `code`, `key`, `value`, `serialized`) VALUES ('26892', '0', 'config', 'config_error_filename', 'error.log', '0');
REPLACE INTO `PREFIX_DB_setting` (`setting_id`, `store_id`, `code`, `key`, `value`, `serialized`) VALUES ('26893', '0', 'config', 'config_sms_alert', '0', '0');
REPLACE INTO `PREFIX_DB_setting` (`setting_id`, `store_id`, `code`, `key`, `value`, `serialized`) VALUES ('26894', '0', 'config', 'config_sms_gatename', 'testsms', '0');
REPLACE INTO `PREFIX_DB_setting` (`setting_id`, `store_id`, `code`, `key`, `value`, `serialized`) VALUES ('26895', '0', 'config', 'config_sms_from', '', '0');
REPLACE INTO `PREFIX_DB_setting` (`setting_id`, `store_id`, `code`, `key`, `value`, `serialized`) VALUES ('26896', '0', 'config', 'config_sms_to', '', '0');
REPLACE INTO `PREFIX_DB_setting` (`setting_id`, `store_id`, `code`, `key`, `value`, `serialized`) VALUES ('26897', '0', 'config', 'config_sms_copy', '', '0');
REPLACE INTO `PREFIX_DB_setting` (`setting_id`, `store_id`, `code`, `key`, `value`, `serialized`) VALUES ('26898', '0', 'config', 'config_sms_message', '', '0');
REPLACE INTO `PREFIX_DB_setting` (`setting_id`, `store_id`, `code`, `key`, `value`, `serialized`) VALUES ('26899', '0', 'config', 'config_sms_gate_username', '', '0');
REPLACE INTO `PREFIX_DB_setting` (`setting_id`, `store_id`, `code`, `key`, `value`, `serialized`) VALUES ('26900', '0', 'config', 'config_sms_gate_password', '', '0');
REPLACE INTO `PREFIX_DB_setting` (`setting_id`, `store_id`, `code`, `key`, `value`, `serialized`) VALUES ('26901', '0', 'config', 'config_meta_title', 'Modern', '0');
REPLACE INTO `PREFIX_DB_setting` (`setting_id`, `store_id`, `code`, `key`, `value`, `serialized`) VALUES ('26902', '0', 'config', 'config_meta_description', 'Шаблон Modern opencart', '0');
REPLACE INTO `PREFIX_DB_setting` (`setting_id`, `store_id`, `code`, `key`, `value`, `serialized`) VALUES ('26903', '0', 'config', 'config_meta_keyword', 'Шаблон Modern opencart', '0');
REPLACE INTO `PREFIX_DB_setting` (`setting_id`, `store_id`, `code`, `key`, `value`, `serialized`) VALUES ('26904', '0', 'config', 'config_name', 'Modern', '0');
REPLACE INTO `PREFIX_DB_setting` (`setting_id`, `store_id`, `code`, `key`, `value`, `serialized`) VALUES ('26905', '0', 'config', 'config_owner', 'Мое Имя', '0');
REPLACE INTO `PREFIX_DB_setting` (`setting_id`, `store_id`, `code`, `key`, `value`, `serialized`) VALUES ('26906', '0', 'config', 'config_address', '', '0');
REPLACE INTO `PREFIX_DB_setting` (`setting_id`, `store_id`, `code`, `key`, `value`, `serialized`) VALUES ('28165', '0', 'modern', 'modern_affiliate_footer', '0', '0');
REPLACE INTO `PREFIX_DB_setting` (`setting_id`, `store_id`, `code`, `key`, `value`, `serialized`) VALUES ('28166', '0', 'modern', 'modern_special_footer', '0', '0');
REPLACE INTO `PREFIX_DB_setting` (`setting_id`, `store_id`, `code`, `key`, `value`, `serialized`) VALUES ('28163', '0', 'modern', 'modern_manufacturer_footer', '0', '0');
REPLACE INTO `PREFIX_DB_setting` (`setting_id`, `store_id`, `code`, `key`, `value`, `serialized`) VALUES ('28162', '0', 'modern', 'modern_sitemap_footer', '0', '0');
REPLACE INTO `PREFIX_DB_setting` (`setting_id`, `store_id`, `code`, `key`, `value`, `serialized`) VALUES ('28161', '0', 'modern', 'modern_return_footer', '0', '0');
REPLACE INTO `PREFIX_DB_setting` (`setting_id`, `store_id`, `code`, `key`, `value`, `serialized`) VALUES ('28160', '0', 'modern', 'modern_contact_footer', '0', '0');
REPLACE INTO `PREFIX_DB_setting` (`setting_id`, `store_id`, `code`, `key`, `value`, `serialized`) VALUES ('28159', '0', 'modern', 'modern_time_footer', '{"1":"10 - 21","2":"10 - 21"}', '1');
REPLACE INTO `PREFIX_DB_setting` (`setting_id`, `store_id`, `code`, `key`, `value`, `serialized`) VALUES ('28148', '0', 'modern', 'modern_show_info_marker_block', '0', '0');
REPLACE INTO `PREFIX_DB_setting` (`setting_id`, `store_id`, `code`, `key`, `value`, `serialized`) VALUES ('28149', '0', 'modern', 'modern_show_logo_footer', '0', '0');
REPLACE INTO `PREFIX_DB_setting` (`setting_id`, `store_id`, `code`, `key`, `value`, `serialized`) VALUES ('28150', '0', 'modern', 'modern_show_itext_footer', '0', '0');
REPLACE INTO `PREFIX_DB_setting` (`setting_id`, `store_id`, `code`, `key`, `value`, `serialized`) VALUES ('28147', '0', 'modern', 'modern_show_contactblock', '0', '0');
REPLACE INTO `PREFIX_DB_setting` (`setting_id`, `store_id`, `code`, `key`, `value`, `serialized`) VALUES ('28146', '0', 'modern', 'modern_fluid_map_zoom', '14', '0');
REPLACE INTO `PREFIX_DB_setting` (`setting_id`, `store_id`, `code`, `key`, `value`, `serialized`) VALUES ('28144', '0', 'modern', 'modern_footer_imgico', 'catalog/modern/marker.png', '0');
REPLACE INTO `PREFIX_DB_setting` (`setting_id`, `store_id`, `code`, `key`, `value`, `serialized`) VALUES ('28145', '0', 'modern', 'modern_show_fluid_map_footer', '0', '0');
REPLACE INTO `PREFIX_DB_setting` (`setting_id`, `store_id`, `code`, `key`, `value`, `serialized`) VALUES ('28142', '0', 'modern', 'modern_top_links5', '{"1":{"title":{"1":"Modern","2":"Modern"},"name":{"1":"Skype","2":"Skype"},"faicons_top":"fa fa-skype"}}', '1');
REPLACE INTO `PREFIX_DB_setting` (`setting_id`, `store_id`, `code`, `key`, `value`, `serialized`) VALUES ('28139', '0', 'modern', 'modern_tittle_name', '{"1":"E-mail","2":"E-mail"}', '1');
REPLACE INTO `PREFIX_DB_setting` (`setting_id`, `store_id`, `code`, `key`, `value`, `serialized`) VALUES ('28140', '0', 'modern', 'modern_mail_header', '{"1":"info@modern.ru","2":"info@modern.ru"}', '1');
REPLACE INTO `PREFIX_DB_setting` (`setting_id`, `store_id`, `code`, `key`, `value`, `serialized`) VALUES ('28141', '0', 'modern', 'modern_top_links3', '{"1":{"title":{"1":"+7(495)66-777-77","2":"+7(495)66-555-59"},"name":{"1":"\\u0422\\u0435\\u043b\\u0435\\u0444\\u043e\\u043d","2":"\\u0422\\u0435\\u043b\\u0435\\u0444\\u043e\\u043d"},"faicons_top":"fa fa-phone"},"2":{"title":{"1":"+7(495)66-777-88","2":"+7(495)66-777-88"},"name":{"1":"","2":""},"faicons_top":"fa fa-phone"}}', '1');
REPLACE INTO `PREFIX_DB_setting` (`setting_id`, `store_id`, `code`, `key`, `value`, `serialized`) VALUES ('28138', '0', 'modern', 'modern_telephone_mainheader2', '{"1":"+7(495)66-555-59","2":"+7(495)66-555-59"}', '1');
REPLACE INTO `PREFIX_DB_setting` (`setting_id`, `store_id`, `code`, `key`, `value`, `serialized`) VALUES ('28137', '0', 'modern', 'modern_telephone_mainheader', '{"1":"+7(495)66-555-58","2":"+7(495)66-555-58"}', '1');
REPLACE INTO `PREFIX_DB_setting` (`setting_id`, `store_id`, `code`, `key`, `value`, `serialized`) VALUES ('28136', '0', 'modern', 'modern_calltop', '0', '0');
REPLACE INTO `PREFIX_DB_setting` (`setting_id`, `store_id`, `code`, `key`, `value`, `serialized`) VALUES ('28135', '0', 'modern', 'modern_checkout_top', '1', '0');
REPLACE INTO `PREFIX_DB_setting` (`setting_id`, `store_id`, `code`, `key`, `value`, `serialized`) VALUES ('28134', '0', 'modern', 'modern_cart_top', '1', '0');
REPLACE INTO `PREFIX_DB_setting` (`setting_id`, `store_id`, `code`, `key`, `value`, `serialized`) VALUES ('28133', '0', 'modern', 'modern_compare_top', '0', '0');
REPLACE INTO `PREFIX_DB_setting` (`setting_id`, `store_id`, `code`, `key`, `value`, `serialized`) VALUES ('28132', '0', 'modern', 'modern_wishlist_top', '0', '0');
REPLACE INTO `PREFIX_DB_setting` (`setting_id`, `store_id`, `code`, `key`, `value`, `serialized`) VALUES ('28131', '0', 'modern', 'modern_download_top', '0', '0');
REPLACE INTO `PREFIX_DB_setting` (`setting_id`, `store_id`, `code`, `key`, `value`, `serialized`) VALUES ('28130', '0', 'modern', 'modern_transaction_top', '0', '0');
REPLACE INTO `PREFIX_DB_setting` (`setting_id`, `store_id`, `code`, `key`, `value`, `serialized`) VALUES ('28129', '0', 'modern', 'modern_order_top', '0', '0');
REPLACE INTO `PREFIX_DB_setting` (`setting_id`, `store_id`, `code`, `key`, `value`, `serialized`) VALUES ('28128', '0', 'modern', 'modern_account_top', '0', '0');
REPLACE INTO `PREFIX_DB_setting` (`setting_id`, `store_id`, `code`, `key`, `value`, `serialized`) VALUES ('28127', '0', 'modern', 'modern_image_location_height', '50', '0');
REPLACE INTO `PREFIX_DB_setting` (`setting_id`, `store_id`, `code`, `key`, `value`, `serialized`) VALUES ('28126', '0', 'modern', 'modern_image_location_width', '268', '0');
REPLACE INTO `PREFIX_DB_setting` (`setting_id`, `store_id`, `code`, `key`, `value`, `serialized`) VALUES ('28125', '0', 'modern', 'modern_image_cart_height', '47', '0');
REPLACE INTO `PREFIX_DB_setting` (`setting_id`, `store_id`, `code`, `key`, `value`, `serialized`) VALUES ('28124', '0', 'modern', 'modern_image_cart_width', '47', '0');
REPLACE INTO `PREFIX_DB_setting` (`setting_id`, `store_id`, `code`, `key`, `value`, `serialized`) VALUES ('28123', '0', 'modern', 'modern_image_wishlist_height', '47', '0');
REPLACE INTO `PREFIX_DB_setting` (`setting_id`, `store_id`, `code`, `key`, `value`, `serialized`) VALUES ('28122', '0', 'modern', 'modern_image_wishlist_width', '47', '0');
REPLACE INTO `PREFIX_DB_setting` (`setting_id`, `store_id`, `code`, `key`, `value`, `serialized`) VALUES ('28121', '0', 'modern', 'modern_image_compare_height', '90', '0');
REPLACE INTO `PREFIX_DB_setting` (`setting_id`, `store_id`, `code`, `key`, `value`, `serialized`) VALUES ('28120', '0', 'modern', 'modern_image_compare_width', '90', '0');
REPLACE INTO `PREFIX_DB_setting` (`setting_id`, `store_id`, `code`, `key`, `value`, `serialized`) VALUES ('28119', '0', 'modern', 'modern_image_related_height', '200', '0');
REPLACE INTO `PREFIX_DB_setting` (`setting_id`, `store_id`, `code`, `key`, `value`, `serialized`) VALUES ('28118', '0', 'modern', 'modern_image_related_width', '255', '0');
REPLACE INTO `PREFIX_DB_setting` (`setting_id`, `store_id`, `code`, `key`, `value`, `serialized`) VALUES ('28117', '0', 'modern', 'modern_image_additional_height', '74', '0');
REPLACE INTO `PREFIX_DB_setting` (`setting_id`, `store_id`, `code`, `key`, `value`, `serialized`) VALUES ('28116', '0', 'modern', 'modern_image_additional_width', '74', '0');
REPLACE INTO `PREFIX_DB_setting` (`setting_id`, `store_id`, `code`, `key`, `value`, `serialized`) VALUES ('28115', '0', 'modern', 'modern_image_product_height', '200', '0');
REPLACE INTO `PREFIX_DB_setting` (`setting_id`, `store_id`, `code`, `key`, `value`, `serialized`) VALUES ('28114', '0', 'modern', 'modern_image_product_width', '250', '0');
REPLACE INTO `PREFIX_DB_setting` (`setting_id`, `store_id`, `code`, `key`, `value`, `serialized`) VALUES ('28113', '0', 'modern', 'modern_image_popup_height', '700', '0');
REPLACE INTO `PREFIX_DB_setting` (`setting_id`, `store_id`, `code`, `key`, `value`, `serialized`) VALUES ('28112', '0', 'modern', 'modern_image_popup_width', '700', '0');
REPLACE INTO `PREFIX_DB_setting` (`setting_id`, `store_id`, `code`, `key`, `value`, `serialized`) VALUES ('28104', '0', 'modern', 'modern_directory', 'modern', '0');
REPLACE INTO `PREFIX_DB_setting` (`setting_id`, `store_id`, `code`, `key`, `value`, `serialized`) VALUES ('28105', '0', 'modern', 'modern_status', '1', '0');
REPLACE INTO `PREFIX_DB_setting` (`setting_id`, `store_id`, `code`, `key`, `value`, `serialized`) VALUES ('28106', '0', 'modern', 'modern_product_limit', '16', '0');
REPLACE INTO `PREFIX_DB_setting` (`setting_id`, `store_id`, `code`, `key`, `value`, `serialized`) VALUES ('28107', '0', 'modern', 'modern_product_description_length', '100', '0');
REPLACE INTO `PREFIX_DB_setting` (`setting_id`, `store_id`, `code`, `key`, `value`, `serialized`) VALUES ('28108', '0', 'modern', 'modern_image_category_width', '150', '0');
REPLACE INTO `PREFIX_DB_setting` (`setting_id`, `store_id`, `code`, `key`, `value`, `serialized`) VALUES ('28109', '0', 'modern', 'modern_image_category_height', '100', '0');
REPLACE INTO `PREFIX_DB_setting` (`setting_id`, `store_id`, `code`, `key`, `value`, `serialized`) VALUES ('28110', '0', 'modern', 'modern_image_thumb_width', '400', '0');
REPLACE INTO `PREFIX_DB_setting` (`setting_id`, `store_id`, `code`, `key`, `value`, `serialized`) VALUES ('28111', '0', 'modern', 'modern_image_thumb_height', '350', '0');
REPLACE INTO `PREFIX_DB_setting` (`setting_id`, `store_id`, `code`, `key`, `value`, `serialized`) VALUES ('30000', '0', 'aridius_letters', 'aridius_lettersdes_status', '1', '0');
REPLACE INTO `PREFIX_DB_setting` (`setting_id`, `store_id`, `code`, `key`, `value`, `serialized`) VALUES ('30001', '0', 'aridius_letters', 'aridius_letters_description', '{"1":"&lt;span class=&quot;person_data&quot;&gt;\\u041d\\u0430\\u0436\\u0438\\u043c\\u0430\\u044f \\u043d\\u0430 \\u043a\\u043d\\u043e\\u043f\\u043a\\u0443 \\u00ab\\u041f\\u043e\\u0434\\u043f\\u0438\\u0441\\u0430\\u0442\\u044c\\u0441\\u044f\\u00bb, \\u044f \\u0434\\u0430\\u044e c\\u043e\\u0433\\u043b\\u0430\\u0441\\u0438\\u0435 \\u043d\\u0430 &lt;a href=&quot;person_danie&quot; target=&quot;_blank&quot;&gt;\\u043e\\u0431\\u0440\\u0430\\u0431\\u043e\\u0442\\u043a\\u0443 \\u043f\\u0435\\u0440\\u0441\\u043e\\u043d\\u0430\\u043b\\u044c\\u043d\\u044b\\u0445 \\u0434\\u0430\\u043d\\u043d\\u044b\\u0445.&lt;\\/a&gt;&lt;\\/span&gt;","2":""}', '1');
REPLACE INTO `PREFIX_DB_setting` (`setting_id`, `store_id`, `code`, `key`, `value`, `serialized`) VALUES ('30002', '0', 'aridius_popupmail', 'aridius_popupmaildes_status', '1', '0');
REPLACE INTO `PREFIX_DB_setting` (`setting_id`, `store_id`, `code`, `key`, `value`, `serialized`) VALUES ('30003', '0', 'aridius_popupmail', 'aridius_popupmail_description', '{"1":"&lt;span class=&quot;person_data2&quot;&gt;\\u041d\\u0430\\u0436\\u0438\\u043c\\u0430\\u044f \\u043d\\u0430 \\u043a\\u043d\\u043e\\u043f\\u043a\\u0443 \\u00ab\\u041f\\u043e\\u0434\\u043f\\u0438\\u0441\\u0430\\u0442\\u044c\\u0441\\u044f\\u00bb, \\u044f \\u0434\\u0430\\u044e c\\u043e\\u0433\\u043b\\u0430\\u0441\\u0438\\u0435 \\u043d\\u0430 &lt;a href=&quot;person_danie&quot; target=&quot;_blank&quot;&gt;\\u043e\\u0431\\u0440\\u0430\\u0431\\u043e\\u0442\\u043a\\u0443 \\u043f\\u0435\\u0440\\u0441\\u043e\\u043d\\u0430\\u043b\\u044c\\u043d\\u044b\\u0445 \\u0434\\u0430\\u043d\\u043d\\u044b\\u0445.&lt;\\/a&gt;&lt;\\/span&gt;","2":""}', '1');


REPLACE INTO `PREFIX_DB_url_alias` (`url_alias_id`, `query`, `keyword`) VALUES ('849', 'information/aridius_news', 'all-news');
REPLACE INTO `PREFIX_DB_url_alias` (`url_alias_id`, `query`, `keyword`) VALUES ('1125', 'aridius_news_id=1', 'novost1');
REPLACE INTO `PREFIX_DB_url_alias` (`url_alias_id`, `query`, `keyword`) VALUES ('1135', 'aridius_news_id=2', 'novost2');
REPLACE INTO `PREFIX_DB_url_alias` (`url_alias_id`, `query`, `keyword`) VALUES ('1134', 'aridius_news_id=3', 'novost3');
REPLACE INTO `PREFIX_DB_url_alias` (`url_alias_id`, `query`, `keyword`) VALUES ('1136', 'aridius_news_id=4', 'novost5');
REPLACE INTO `PREFIX_DB_url_alias` (`url_alias_id`, `query`, `keyword`) VALUES ('1133', 'aridius_news_id=5', 'novost4');
REPLACE INTO `PREFIX_DB_url_alias` (`url_alias_id`, `query`, `keyword`) VALUES ('855', 'information/aridius_faq', 'faq');
REPLACE INTO `PREFIX_DB_url_alias` (`url_alias_id`, `query`, `keyword`) VALUES ('856', 'extension/module/aridius_store_review', 'review');
REPLACE INTO `PREFIX_DB_url_alias` (`url_alias_id`, `query`, `keyword`) VALUES ('1490', 'information_id=7', 'person_danie');